Sale_ID,Date,Customer_ID,Age,Gender,Location,Join_Date,Product_ID,Product_Name,Category,Brand,Price,Quantity,Sale_Price,Channel
3469,2023-01-01,2538,23,Male,Chicago,2022-07-08,106,Shirt,Clothing,Brand A,40.0,2,80.0,Online
206,2023-01-01,2044,18,Male,Miami,2021-05-25,111,Sandals,Footwear,Brand E,35.0,3,105.0,Online
1089,2023-01-01,2185,40,Female,San Diego,2022-03-26,113,Coat,Outerwear,Brand D,180.0,1,180.0,In-Store
3026,2023-01-01,2465,23,Female,Chicago,2022-10-19,106,Shirt,Clothing,Brand A,40.0,1,40.0,Online
3002,2023-01-01,2460,56,Female,San Diego,2021-04-05,101,T-shirt,Clothing,Brand A,25.0,1,25.0,In-Store
3899,2023-01-01,2600,58,Female,Houston,2022-04-14,110,Boots,Footwear,Brand D,110.0,1,110.0,In-Store
4033,2023-01-02,2618,21,Male,Houston,2021-01-08,109,Shorts,Clothing,Brand E,30.0,1,30.0,Online
4693,2023-01-02,2718,33,Male,Houston,2022-12-06,109,Shorts,Clothing,Brand E,30.0,1,30.0,In-Store
272,2023-01-02,2052,25,Male,Houston,2021-11-02,109,Shorts,Clothing,Brand E,30.0,2,60.0,Online
638,2023-01-02,2109,21,Female,New York,2022-04-01,111,Sandals,Footwear,Brand E,35.0,1,35.0,Online
2426,2023-01-02,2374,48,Female,San Diego,2021-06-29,116,Belt,Accessories,Brand A,20.0,1,20.0,In-Store
1925,2023-01-02,2307,52,Female,Dallas,2022-12-16,114,Parka,Outerwear,Brand B,150.0,2,300.0,In-Store
2526,2023-01-03,2392,40,Female,Dallas,2021-01-22,104,Jacket,Outerwear,Brand D,120.0,1,120.0,In-Store
4765,2023-01-03,2727,23,Female,San Diego,2021-10-09,101,T-shirt,Clothing,Brand A,25.0,1,25.0,Online
450,2023-01-04,2085,21,Male,Phoenix,2021-03-18,116,Belt,Accessories,Brand A,20.0,2,40.0,Online
954,2023-01-04,2167,25,Female,Phoenix,2022-09-25,102,Jeans,Clothing,Brand B,75.0,1,75.0,Online
489,2023-01-04,2088,26,Female,San Diego,2022-08-05,117,Scarf,Accessories,Brand E,18.0,1,18.0,Online
2830,2023-01-05,2431,42,Female,Phoenix,2021-03-15,112,Running Shoes,Footwear,Brand C,85.0,1,85.0,In-Store
1405,2023-01-05,2236,21,Male,Houston,2022-10-24,104,Jacket,Outerwear,Brand D,120.0,2,240.0,Online
4730,2023-01-05,2724,36,Male,Houston,2022-05-27,106,Shirt,Clothing,Brand A,40.0,1,40.0,Online
1727,2023-01-05,2286,43,Female,Phoenix,2022-03-11,104,Jacket,Outerwear,Brand D,120.0,2,240.0,Online
1980,2023-01-05,2316,24,Female,Los Angeles,2022-01-02,103,Sneakers,Footwear,Brand C,30.0,1,30.0,Online
1596,2023-01-06,2270,57,Male,Los Angeles,2021-11-23,109,Shorts,Clothing,Brand E,30.0,1,30.0,Online
4271,2023-01-06,2656,23,Female,New York,2021-01-22,110,Boots,Footwear,Brand D,110.0,1,110.0,Online
273,2023-01-06,2052,25,Male,Houston,2021-11-02,103,Sneakers,Footwear,Brand C,30.0,1,30.0,Online
2205,2023-01-06,2346,22,Male,San Diego,2022-11-25,101,T-shirt,Clothing,Brand A,25.0,1,25.0,Online
793,2023-01-06,2133,37,Female,Dallas,2021-08-01,113,Coat,Outerwear,Brand D,180.0,1,180.0,Online
3375,2023-01-06,2524,40,Male,Houston,2021-03-25,115,Blazer,Outerwear,Brand A,130.0,2,260.0,In-Store
4094,2023-01-06,2624,20,Male,San Antonio,2022-06-08,117,Scarf,Accessories,Brand E,18.0,1,18.0,In-Store
3694,2023-01-07,2566,23,Female,Miami,2022-12-17,103,Sneakers,Footwear,Brand C,30.0,2,60.0,In-Store
3570,2023-01-07,2551,21,Female,San Antonio,2021-10-14,116,Belt,Accessories,Brand A,20.0,1,20.0,Online
1432,2023-01-07,2243,19,Female,Houston,2021-11-29,120,Cap,Accessories,Brand E,15.0,3,45.0,In-Store
4787,2023-01-08,2729,20,Male,Dallas,2022-04-21,117,Scarf,Accessories,Brand E,18.0,1,18.0,Online
992,2023-01-08,2173,37,Female,Chicago,2021-09-15,113,Coat,Outerwear,Brand D,180.0,1,180.0,In-Store
2527,2023-01-08,2392,40,Female,Dallas,2021-01-22,108,Hoodie,Clothing,Brand C,55.0,1,55.0,In-Store
1398,2023-01-08,2234,36,Female,San Antonio,2022-06-05,113,Coat,Outerwear,Brand D,180.0,1,180.0,Online
4098,2023-01-08,2625,19,Female,Chicago,2021-01-15,109,Shorts,Clothing,Brand E,30.0,1,30.0,In-Store
3632,2023-01-08,2559,18,Female,San Diego,2021-09-19,120,Cap,Accessories,Brand E,15.0,1,15.0,Online
4095,2023-01-09,2624,20,Male,San Antonio,2022-06-08,108,Hoodie,Clothing,Brand C,55.0,3,165.0,Online
3388,2023-01-09,2526,23,Female,San Diego,2021-02-28,114,Parka,Outerwear,Brand B,150.0,2,300.0,Online
3748,2023-01-09,2574,21,Female,Phoenix,2021-10-02,101,T-shirt,Clothing,Brand A,25.0,1,25.0,Online
3464,2023-01-09,2537,58,Female,San Diego,2022-04-26,111,Sandals,Footwear,Brand E,35.0,1,35.0,In-Store
3571,2023-01-10,2551,21,Female,San Antonio,2021-10-14,111,Sandals,Footwear,Brand E,35.0,1,35.0,In-Store
2950,2023-01-10,2451,43,Female,San Diego,2022-11-12,113,Coat,Outerwear,Brand D,180.0,1,180.0,In-Store
4812,2023-01-11,2732,26,Female,Los Angeles,2021-07-26,116,Belt,Accessories,Brand A,20.0,1,20.0,In-Store
317,2023-01-11,2062,30,Female,San Antonio,2022-10-29,120,Cap,Accessories,Brand E,15.0,1,15.0,In-Store
4118,2023-01-11,2632,24,Female,Dallas,2021-03-14,109,Shorts,Clothing,Brand E,30.0,1,30.0,Online
207,2023-01-11,2044,18,Male,Miami,2021-05-25,108,Hoodie,Clothing,Brand C,55.0,1,55.0,In-Store
4614,2023-01-12,2710,23,Male,Chicago,2023-01-12,110,Boots,Footwear,Brand D,110.0,1,110.0,Online
3780,2023-01-12,2581,20,Female,Los Angeles,2022-09-03,117,Scarf,Accessories,Brand E,18.0,2,36.0,Online
1699,2023-01-12,2280,23,Male,Dallas,2021-08-13,101,T-shirt,Clothing,Brand A,25.0,2,50.0,Online
993,2023-01-13,2173,37,Female,Chicago,2021-09-15,113,Coat,Outerwear,Brand D,180.0,2,360.0,In-Store
1703,2023-01-13,2282,26,Male,Los Angeles,2021-10-23,111,Sandals,Footwear,Brand E,35.0,3,105.0,Online
3837,2023-01-14,2588,36,Female,Los Angeles,2021-11-09,113,Coat,Outerwear,Brand D,180.0,1,180.0,In-Store
203,2023-01-14,2043,20,Female,Houston,2021-01-29,101,T-shirt,Clothing,Brand A,25.0,2,50.0,Online
1103,2023-01-14,2188,40,Female,Miami,2021-03-03,102,Jeans,Clothing,Brand B,75.0,1,75.0,Online
3657,2023-01-15,2562,20,Male,New York,2021-09-10,101,T-shirt,Clothing,Brand A,25.0,2,50.0,In-Store
1,2023-01-15,2001,28,Female,New York,2022-05-10,101,T-shirt,Clothing,Brand A,25.0,2,50.0,Online
5270,2023-01-15,2794,26,Male,Miami,2022-12-11,103,Sneakers,Footwear,Brand C,30.0,2,60.0,Online
4434,2023-01-15,2679,28,Male,Miami,2022-10-05,104,Jacket,Outerwear,Brand D,120.0,1,120.0,In-Store
2,2023-01-16,2002,35,Male,Los Angeles,2022-06-15,102,Jeans,Clothing,Brand B,75.0,1,75.0,In-Store
406,2023-01-16,2075,38,Female,Miami,2022-05-11,104,Jacket,Outerwear,Brand D,120.0,1,120.0,In-Store
3,2023-01-17,2001,28,Female,New York,2022-05-10,103,Sneakers,Footwear,Brand C,30.0,3,90.0,Online
4678,2023-01-17,2717,20,Male,Los Angeles,2022-11-22,120,Cap,Accessories,Brand E,15.0,1,15.0,Online
612,2023-01-17,2105,23,Male,Los Angeles,2021-02-22,101,T-shirt,Clothing,Brand A,25.0,1,25.0,Online
4502,2023-01-17,2692,52,Male,Philadelphia,2021-11-10,112,Running Shoes,Footwear,Brand C,85.0,1,85.0,Online
385,2023-01-17,2074,21,Female,San Antonio,2022-08-20,107,Dress,Clothing,Brand B,65.0,1,65.0,Online
17,2023-01-17,2011,22,Female,Chicago,2021-01-18,106,Shirt,Clothing,Brand A,40.0,2,80.0,In-Store
3871,2023-01-17,2591,40,Female,Miami,2021-04-25,113,Coat,Outerwear,Brand D,180.0,1,180.0,Online
2681,2023-01-17,2411,45,Male,Chicago,2021-04-28,108,Hoodie,Clothing,Brand C,55.0,1,55.0,In-Store
2603,2023-01-17,2401,34,Male,Los Angeles,2022-08-07,113,Coat,Outerwear,Brand D,180.0,1,180.0,In-Store
1750,2023-01-17,2289,45,Male,Los Angeles,2021-07-31,114,Parka,Outerwear,Brand B,150.0,1,150.0,In-Store
2418,2023-01-17,2373,50,Female,Los Angeles,2021-05-11,108,Hoodie,Clothing,Brand C,55.0,1,55.0,In-Store
451,2023-01-18,2085,21,Male,Phoenix,2021-03-18,107,Dress,Clothing,Brand B,65.0,2,130.0,Online
3395,2023-01-18,2528,27,Female,New York,2022-09-27,101,T-shirt,Clothing,Brand A,25.0,2,50.0,Online
2719,2023-01-18,2414,21,Male,San Diego,2022-04-11,120,Cap,Accessories,Brand E,15.0,2,30.0,In-Store
827,2023-01-18,2139,23,Female,San Antonio,2023-01-06,120,Cap,Accessories,Brand E,15.0,1,15.0,Online
4839,2023-01-18,2736,21,Male,Los Angeles,2021-06-17,116,Belt,Accessories,Brand A,20.0,2,40.0,Online
4933,2023-01-18,2746,40,Male,Dallas,2021-12-14,113,Coat,Outerwear,Brand D,180.0,1,180.0,Online
4,2023-01-18,2003,22,Male,Chicago,2022-07-20,104,Jacket,Outerwear,Brand D,120.0,1,120.0,In-Store
1076,2023-01-19,2183,47,Female,Los Angeles,2021-12-06,109,Shorts,Clothing,Brand E,30.0,1,30.0,In-Store
1165,2023-01-19,2195,42,Male,Houston,2021-11-19,114,Parka,Outerwear,Brand B,150.0,1,150.0,Online
994,2023-01-19,2173,37,Female,Chicago,2021-09-15,113,Coat,Outerwear,Brand D,180.0,1,180.0,Online
5,2023-01-19,2004,30,Female,Houston,2022-08-25,105,Hat,Accessories,Brand E,22.5,2,45.0,Online
1254,2023-01-20,2213,62,Female,Los Angeles,2022-05-16,102,Jeans,Clothing,Brand B,75.0,1,75.0,In-Store
2152,2023-01-20,2340,27,Male,Los Angeles,2022-04-26,101,T-shirt,Clothing,Brand A,25.0,2,50.0,Online
1463,2023-01-20,2247,51,Female,San Diego,2022-05-11,111,Sandals,Footwear,Brand E,35.0,1,35.0,Online
2330,2023-01-20,2365,28,Male,Philadelphia,2021-11-25,106,Shirt,Clothing,Brand A,40.0,1,40.0,Online
4934,2023-01-20,2746,40,Male,Dallas,2021-12-14,115,Blazer,Outerwear,Brand A,130.0,2,260.0,Online
2171,2023-01-20,2342,21,Male,Los Angeles,2021-08-07,105,Hat,Accessories,Brand E,22.5,1,22.5,Online
779,2023-01-20,2131,40,Female,Houston,2022-10-22,115,Blazer,Outerwear,Brand A,130.0,1,130.0,In-Store
5271,2023-01-20,2794,26,Male,Miami,2022-12-11,101,T-shirt,Clothing,Brand A,25.0,6,150.0,Online
986,2023-01-21,2172,40,Female,Houston,2021-05-15,116,Belt,Accessories,Brand A,20.0,2,40.0,Online
1464,2023-01-21,2247,51,Female,San Diego,2022-05-11,107,Dress,Clothing,Brand B,65.0,2,130.0,In-Store
304,2023-01-21,2059,44,Female,Miami,2022-06-17,113,Coat,Outerwear,Brand D,180.0,2,360.0,In-Store
724,2023-01-21,2121,41,Female,Chicago,2022-05-05,113,Coat,Outerwear,Brand D,180.0,1,180.0,In-Store
2566,2023-01-21,2398,19,Male,San Antonio,2022-10-18,102,Jeans,Clothing,Brand B,75.0,2,150.0,Online
4159,2023-01-22,2639,22,Male,Chicago,2022-09-27,117,Scarf,Accessories,Brand E,18.0,1,18.0,Online
595,2023-01-23,2102,26,Male,Dallas,2022-05-14,120,Cap,Accessories,Brand E,15.0,1,15.0,Online
4999,2023-01-23,2755,41,Female,Los Angeles,2021-04-13,101,T-shirt,Clothing,Brand A,25.0,1,25.0,Online
1808,2023-01-23,2295,50,Female,Philadelphia,2021-08-11,119,Sunglasses,Accessories,Brand C,45.0,1,45.0,Online
3803,2023-01-23,2584,55,Male,San Antonio,2021-10-26,106,Shirt,Clothing,Brand A,40.0,1,40.0,Online
5239,2023-01-24,2790,57,Female,Philadelphia,2021-05-04,112,Running Shoes,Footwear,Brand C,85.0,1,85.0,In-Store
1857,2023-01-24,2298,20,Male,Chicago,2021-07-27,103,Sneakers,Footwear,Brand C,30.0,1,30.0,In-Store
902,2023-01-24,2156,22,Female,Chicago,2021-05-26,107,Dress,Clothing,Brand B,65.0,3,195.0,Online
2822,2023-01-25,2430,51,Female,New York,2021-01-08,117,Scarf,Accessories,Brand E,18.0,1,18.0,In-Store
180,2023-01-26,2038,24,Female,Philadelphia,2022-12-03,106,Shirt,Clothing,Brand A,40.0,1,40.0,Online
5133,2023-01-26,2778,40,Female,San Diego,2021-11-02,113,Coat,Outerwear,Brand D,180.0,2,360.0,In-Store
871,2023-01-26,2152,48,Male,Philadelphia,2022-10-17,107,Dress,Clothing,Brand B,65.0,1,65.0,In-Store
3968,2023-01-27,2608,18,Male,New York,2022-09-28,101,T-shirt,Clothing,Brand A,25.0,1,25.0,In-Store
1166,2023-01-28,2195,42,Male,Houston,2021-11-19,113,Coat,Outerwear,Brand D,180.0,1,180.0,In-Store
1751,2023-01-28,2289,45,Male,Los Angeles,2021-07-31,114,Parka,Outerwear,Brand B,150.0,3,450.0,In-Store
596,2023-01-29,2102,26,Male,Dallas,2022-05-14,101,T-shirt,Clothing,Brand A,25.0,1,25.0,In-Store
4788,2023-01-29,2729,20,Male,Dallas,2022-04-21,101,T-shirt,Clothing,Brand A,25.0,1,25.0,Online
577,2023-01-29,2101,41,Female,Phoenix,2021-06-14,114,Parka,Outerwear,Brand B,150.0,1,150.0,In-Store
3742,2023-01-30,2573,55,Female,Miami,2021-09-06,107,Dress,Clothing,Brand B,65.0,2,130.0,Online
4110,2023-01-30,2629,28,Female,Houston,2022-03-03,103,Sneakers,Footwear,Brand C,30.0,4,120.0,Online
5312,2023-01-30,2802,24,Female,San Antonio,2021-06-18,105,Hat,Accessories,Brand E,22.5,2,45.0,Online
787,2023-01-30,2132,50,Female,San Diego,2022-10-17,109,Shorts,Clothing,Brand E,30.0,1,30.0,In-Store
452,2023-01-30,2085,21,Male,Phoenix,2021-03-18,119,Sunglasses,Accessories,Brand C,45.0,2,90.0,In-Store
3314,2023-01-30,2516,35,Female,Miami,2023-01-17,101,T-shirt,Clothing,Brand A,25.0,1,25.0,In-Store
3804,2023-01-30,2584,55,Male,San Antonio,2021-10-26,108,Hoodie,Clothing,Brand C,55.0,1,55.0,In-Store
2194,2023-01-31,2344,51,Male,New York,2021-12-18,107,Dress,Clothing,Brand B,65.0,1,65.0,In-Store
5182,2023-01-31,2784,52,Male,Philadelphia,2021-11-18,118,Bag,Accessories,Brand B,60.0,1,60.0,In-Store
2913,2023-01-31,2446,49,Female,Phoenix,2021-09-20,115,Blazer,Outerwear,Brand A,130.0,1,130.0,In-Store
1926,2023-01-31,2307,52,Female,Dallas,2022-12-16,109,Shorts,Clothing,Brand E,30.0,1,30.0,Online
2858,2023-01-31,2438,47,Male,Miami,2022-05-12,107,Dress,Clothing,Brand B,65.0,1,65.0,In-Store
742,2023-01-31,2124,52,Female,Dallas,2022-02-07,105,Hat,Accessories,Brand E,22.5,1,22.5,In-Store
1314,2023-01-31,2223,43,Female,Los Angeles,2022-01-08,114,Parka,Outerwear,Brand B,150.0,1,150.0,Online
1774,2023-02-01,2292,21,Female,Houston,2022-10-12,106,Shirt,Clothing,Brand A,40.0,1,40.0,Online
3633,2023-02-01,2559,18,Female,San Diego,2021-09-19,102,Jeans,Clothing,Brand B,75.0,3,225.0,Online
4225,2023-02-03,2651,20,Female,Miami,2022-03-04,119,Sunglasses,Accessories,Brand C,45.0,1,45.0,Online
181,2023-02-04,2038,24,Female,Philadelphia,2022-12-03,117,Scarf,Accessories,Brand E,18.0,1,18.0,Online
749,2023-02-04,2126,51,Female,Philadelphia,2021-01-12,113,Coat,Outerwear,Brand D,180.0,1,180.0,Online
3286,2023-02-04,2515,23,Female,San Antonio,2022-03-31,103,Sneakers,Footwear,Brand C,30.0,2,60.0,Online
2453,2023-02-04,2378,61,Male,New York,2021-09-16,109,Shorts,Clothing,Brand E,30.0,3,90.0,In-Store
2887,2023-02-04,2441,19,Male,San Antonio,2022-11-09,107,Dress,Clothing,Brand B,65.0,1,65.0,In-Store
1034,2023-02-04,2177,70,Female,Chicago,2022-04-20,107,Dress,Clothing,Brand B,65.0,2,130.0,In-Store
2239,2023-02-04,2353,24,Female,Dallas,2021-10-07,101,T-shirt,Clothing,Brand A,25.0,1,25.0,Online
1700,2023-02-05,2280,23,Male,Dallas,2021-08-13,118,Bag,Accessories,Brand B,60.0,2,120.0,Online
3736,2023-02-05,2572,42,Female,San Diego,2021-05-11,113,Coat,Outerwear,Brand D,180.0,1,180.0,Online
4160,2023-02-06,2639,22,Male,Chicago,2022-09-27,116,Belt,Accessories,Brand A,20.0,1,20.0,Online
3712,2023-02-06,2568,36,Female,Philadelphia,2022-09-08,113,Coat,Outerwear,Brand D,180.0,1,180.0,In-Store
4615,2023-02-07,2710,23,Male,Chicago,2023-01-12,117,Scarf,Accessories,Brand E,18.0,2,36.0,Online
4880,2023-02-07,2740,57,Male,Dallas,2022-06-25,112,Running Shoes,Footwear,Brand C,85.0,1,85.0,In-Store
934,2023-02-07,2162,37,Female,Houston,2021-11-16,113,Coat,Outerwear,Brand D,180.0,2,360.0,In-Store
2153,2023-02-07,2340,27,Male,Los Angeles,2022-04-26,116,Belt,Accessories,Brand A,20.0,1,20.0,Online
4340,2023-02-07,2667,37,Female,Dallas,2022-06-10,115,Blazer,Outerwear,Brand A,130.0,2,260.0,Online
1444,2023-02-08,2245,23,Female,Chicago,2021-07-05,101,T-shirt,Clothing,Brand A,25.0,1,25.0,Online
4731,2023-02-08,2724,36,Male,Houston,2022-05-27,114,Parka,Outerwear,Brand B,150.0,1,150.0,In-Store
1676,2023-02-08,2278,37,Male,Philadelphia,2022-01-26,104,Jacket,Outerwear,Brand D,120.0,1,120.0,Online
274,2023-02-08,2052,25,Male,Houston,2021-11-02,101,T-shirt,Clothing,Brand A,25.0,1,25.0,Online
3595,2023-02-08,2553,22,Male,Chicago,2022-08-23,120,Cap,Accessories,Brand E,15.0,1,15.0,Online
1237,2023-02-09,2212,30,Male,San Antonio,2022-03-13,117,Scarf,Accessories,Brand E,18.0,1,18.0,Online
18,2023-02-09,2011,22,Female,Chicago,2021-01-18,108,Hoodie,Clothing,Brand C,55.0,1,55.0,Online
955,2023-02-10,2167,25,Female,Phoenix,2022-09-25,101,T-shirt,Clothing,Brand A,25.0,1,25.0,Online
4099,2023-02-11,2625,19,Female,Chicago,2021-01-15,102,Jeans,Clothing,Brand B,75.0,2,150.0,Online
904,2023-02-11,2157,49,Female,San Antonio,2022-04-03,119,Sunglasses,Accessories,Brand C,45.0,1,45.0,In-Store
4034,2023-02-11,2618,21,Male,Houston,2021-01-08,120,Cap,Accessories,Brand E,15.0,1,15.0,Online
204,2023-02-12,2043,20,Female,Houston,2021-01-29,108,Hoodie,Clothing,Brand C,55.0,2,110.0,Online
5183,2023-02-12,2784,52,Male,Philadelphia,2021-11-18,110,Boots,Footwear,Brand D,110.0,1,110.0,In-Store
2342,2023-02-12,2367,19,Female,San Diego,2021-06-02,101,T-shirt,Clothing,Brand A,25.0,1,25.0,Online
1609,2023-02-12,2271,26,Male,Philadelphia,2021-09-27,120,Cap,Accessories,Brand E,15.0,1,15.0,Online
1799,2023-02-12,2293,60,Female,Los Angeles,2021-05-26,101,T-shirt,Clothing,Brand A,25.0,2,50.0,In-Store
914,2023-02-12,2160,53,Female,San Antonio,2021-08-14,110,Boots,Footwear,Brand D,110.0,1,110.0,Online
1445,2023-02-12,2245,23,Female,Chicago,2021-07-05,116,Belt,Accessories,Brand A,20.0,3,60.0,Online
2281,2023-02-12,2360,64,Female,Houston,2022-11-14,103,Sneakers,Footwear,Brand C,30.0,1,30.0,In-Store
2195,2023-02-12,2344,51,Male,New York,2021-12-18,115,Blazer,Outerwear,Brand A,130.0,1,130.0,In-Store
3343,2023-02-12,2519,47,Male,Houston,2021-06-27,116,Belt,Accessories,Brand A,20.0,1,20.0,Online
4226,2023-02-13,2651,20,Female,Miami,2022-03-04,106,Shirt,Clothing,Brand A,40.0,2,80.0,Online
5068,2023-02-14,2767,41,Male,Chicago,2022-08-05,113,Coat,Outerwear,Brand D,180.0,2,360.0,Online
750,2023-02-14,2126,51,Female,Philadelphia,2021-01-12,109,Shorts,Clothing,Brand E,30.0,1,30.0,In-Store
2710,2023-02-14,2413,54,Female,Houston,2022-01-02,109,Shorts,Clothing,Brand E,30.0,1,30.0,Online
2206,2023-02-14,2346,22,Male,San Diego,2022-11-25,108,Hoodie,Clothing,Brand C,55.0,2,110.0,Online
2032,2023-02-15,2324,18,Female,Phoenix,2022-02-06,120,Cap,Accessories,Brand E,15.0,1,15.0,Online
4119,2023-02-15,2632,24,Female,Dallas,2021-03-14,108,Hoodie,Clothing,Brand C,55.0,1,55.0,Online
2902,2023-02-15,2443,18,Male,Philadelphia,2021-08-03,112,Running Shoes,Footwear,Brand C,85.0,1,85.0,Online
3003,2023-02-15,2460,56,Female,San Diego,2021-04-05,102,Jeans,Clothing,Brand B,75.0,1,75.0,In-Store
1255,2023-02-16,2213,62,Female,Los Angeles,2022-05-16,102,Jeans,Clothing,Brand B,75.0,2,150.0,In-Store
964,2023-02-16,2168,40,Male,Phoenix,2022-02-06,109,Shorts,Clothing,Brand E,30.0,1,30.0,In-Store
1315,2023-02-16,2223,43,Female,Los Angeles,2022-01-08,113,Coat,Outerwear,Brand D,180.0,1,180.0,Online
208,2023-02-16,2044,18,Male,Miami,2021-05-25,111,Sandals,Footwear,Brand E,35.0,2,70.0,In-Store
205,2023-02-16,2043,20,Female,Houston,2021-01-29,112,Running Shoes,Footwear,Brand C,85.0,1,85.0,Online
1677,2023-02-16,2278,37,Male,Philadelphia,2022-01-26,114,Parka,Outerwear,Brand B,150.0,1,150.0,In-Store
1225,2023-02-17,2209,34,Male,San Diego,2021-09-15,113,Coat,Outerwear,Brand D,180.0,1,180.0,In-Store
751,2023-02-17,2126,51,Female,Philadelphia,2021-01-12,103,Sneakers,Footwear,Brand C,30.0,2,60.0,In-Store
439,2023-02-17,2083,41,Male,New York,2022-12-17,115,Blazer,Outerwear,Brand A,130.0,1,130.0,Online
265,2023-02-17,2051,34,Male,San Diego,2022-04-30,104,Jacket,Outerwear,Brand D,120.0,2,240.0,In-Store
2711,2023-02-18,2413,54,Female,Houston,2022-01-02,110,Boots,Footwear,Brand D,110.0,2,220.0,In-Store
4679,2023-02-18,2717,20,Male,Los Angeles,2022-11-22,120,Cap,Accessories,Brand E,15.0,2,30.0,In-Store
2308,2023-02-18,2363,20,Female,Philadelphia,2022-11-03,117,Scarf,Accessories,Brand E,18.0,2,36.0,Online
4272,2023-02-18,2656,23,Female,New York,2021-01-22,105,Hat,Accessories,Brand E,22.5,3,67.5,Online
5099,2023-02-18,2771,50,Female,Phoenix,2022-12-26,113,Coat,Outerwear,Brand D,180.0,1,180.0,Online
2033,2023-02-19,2324,18,Female,Phoenix,2022-02-06,101,T-shirt,Clothing,Brand A,25.0,2,50.0,Online
4515,2023-02-19,2694,33,Male,Los Angeles,2022-02-27,113,Coat,Outerwear,Brand D,180.0,1,180.0,Online
1316,2023-02-19,2223,43,Female,Los Angeles,2022-01-08,113,Coat,Outerwear,Brand D,180.0,2,360.0,Online
167,2023-02-19,2037,59,Male,Philadelphia,2021-10-17,110,Boots,Footwear,Brand D,110.0,1,110.0,Online
829,2023-02-19,2140,29,Male,San Antonio,2022-11-06,118,Bag,Accessories,Brand B,60.0,1,60.0,In-Store
4316,2023-02-19,2664,27,Male,Phoenix,2021-03-06,106,Shirt,Clothing,Brand A,40.0,1,40.0,Online
1858,2023-02-19,2298,20,Male,Chicago,2021-07-27,108,Hoodie,Clothing,Brand C,55.0,1,55.0,In-Store
626,2023-02-20,2108,25,Male,New York,2022-05-04,117,Scarf,Accessories,Brand E,18.0,3,54.0,Online
4680,2023-02-20,2717,20,Male,Los Angeles,2022-11-22,108,Hoodie,Clothing,Brand C,55.0,3,165.0,Online
3572,2023-02-20,2551,21,Female,San Antonio,2021-10-14,109,Shorts,Clothing,Brand E,30.0,1,30.0,In-Store
956,2023-02-21,2167,25,Female,Phoenix,2022-09-25,117,Scarf,Accessories,Brand E,18.0,1,18.0,In-Store
1077,2023-02-21,2183,47,Female,Los Angeles,2021-12-06,114,Parka,Outerwear,Brand B,150.0,1,150.0,In-Store
5100,2023-02-22,2771,50,Female,Phoenix,2022-12-26,114,Parka,Outerwear,Brand B,150.0,2,300.0,Online
3900,2023-02-22,2600,58,Female,Houston,2022-04-14,111,Sandals,Footwear,Brand E,35.0,1,35.0,In-Store
3143,2023-02-23,2487,45,Female,Phoenix,2021-05-28,120,Cap,Accessories,Brand E,15.0,1,15.0,Online
5247,2023-02-23,2791,53,Male,Houston,2022-04-08,104,Jacket,Outerwear,Brand D,120.0,1,120.0,In-Store
453,2023-02-23,2085,21,Male,Phoenix,2021-03-18,103,Sneakers,Footwear,Brand C,30.0,1,30.0,Online
2755,2023-02-24,2421,19,Male,Phoenix,2022-12-20,101,T-shirt,Clothing,Brand A,25.0,1,25.0,In-Store
2108,2023-02-24,2334,51,Male,Los Angeles,2021-12-14,102,Jeans,Clothing,Brand B,75.0,1,75.0,In-Store
4954,2023-02-24,2750,20,Female,Los Angeles,2021-07-20,105,Hat,Accessories,Brand E,22.5,3,67.5,Online
4554,2023-02-24,2700,55,Male,Los Angeles,2023-02-03,108,Hoodie,Clothing,Brand C,55.0,3,165.0,In-Store
5039,2023-02-25,2762,23,Male,Philadelphia,2021-01-18,101,T-shirt,Clothing,Brand A,25.0,1,25.0,Online
3437,2023-02-25,2534,26,Male,San Antonio,2023-01-14,108,Hoodie,Clothing,Brand C,55.0,1,55.0,Online
1275,2023-02-25,2217,31,Female,San Diego,2022-07-31,113,Coat,Outerwear,Brand D,180.0,1,180.0,In-Store
613,2023-02-25,2105,23,Male,Los Angeles,2021-02-22,101,T-shirt,Clothing,Brand A,25.0,1,25.0,Online
151,2023-02-25,2036,21,Female,San Antonio,2022-11-12,111,Sandals,Footwear,Brand E,35.0,3,105.0,Online
1112,2023-02-26,2189,41,Female,San Diego,2023-01-31,104,Jacket,Outerwear,Brand D,120.0,1,120.0,In-Store
731,2023-02-27,2122,23,Male,San Antonio,2022-08-15,107,Dress,Clothing,Brand B,65.0,1,65.0,Online
2655,2023-02-27,2408,19,Male,San Diego,2021-03-12,111,Sandals,Footwear,Brand E,35.0,1,35.0,Online
152,2023-02-27,2036,21,Female,San Antonio,2022-11-12,109,Shorts,Clothing,Brand E,30.0,1,30.0,Online
3396,2023-02-27,2528,27,Female,New York,2022-09-27,106,Shirt,Clothing,Brand A,40.0,1,40.0,Online
1054,2023-02-27,2180,21,Male,Phoenix,2022-11-08,108,Hoodie,Clothing,Brand C,55.0,2,110.0,Online
1775,2023-02-27,2292,21,Female,Houston,2022-10-12,116,Belt,Accessories,Brand A,20.0,1,20.0,Online
2075,2023-02-28,2327,21,Male,San Diego,2021-02-07,111,Sandals,Footwear,Brand E,35.0,2,70.0,In-Store
2276,2023-02-28,2359,45,Female,San Diego,2022-08-17,113,Coat,Outerwear,Brand D,180.0,1,180.0,Online
4955,2023-02-28,2750,20,Female,Los Angeles,2021-07-20,120,Cap,Accessories,Brand E,15.0,2,30.0,Online
182,2023-03-01,2038,24,Female,Philadelphia,2022-12-03,101,T-shirt,Clothing,Brand A,25.0,2,50.0,In-Store
5229,2023-03-01,2789,26,Female,San Antonio,2021-06-04,103,Sneakers,Footwear,Brand C,30.0,3,90.0,Online
1546,2023-03-01,2258,38,Female,Miami,2021-03-15,113,Coat,Outerwear,Brand D,180.0,1,180.0,Online
4301,2023-03-01,2662,20,Female,Miami,2022-01-21,102,Jeans,Clothing,Brand B,75.0,1,75.0,Online
2618,2023-03-02,2406,35,Female,Philadelphia,2022-05-11,115,Blazer,Outerwear,Brand A,130.0,1,130.0,Online
4100,2023-03-02,2625,19,Female,Chicago,2021-01-15,109,Shorts,Clothing,Brand E,30.0,1,30.0,Online
2004,2023-03-02,2320,54,Female,Phoenix,2022-02-04,113,Coat,Outerwear,Brand D,180.0,1,180.0,In-Store
1927,2023-03-02,2307,52,Female,Dallas,2022-12-16,113,Coat,Outerwear,Brand D,180.0,2,360.0,In-Store
2076,2023-03-02,2327,21,Male,San Diego,2021-02-07,120,Cap,Accessories,Brand E,15.0,1,15.0,In-Store
1577,2023-03-02,2267,47,Male,Miami,2022-11-01,106,Shirt,Clothing,Brand A,40.0,1,40.0,In-Store
1159,2023-03-03,2194,40,Male,New York,2022-03-28,114,Parka,Outerwear,Brand B,150.0,1,150.0,Online
3148,2023-03-03,2492,51,Female,San Antonio,2022-12-18,101,T-shirt,Clothing,Brand A,25.0,1,25.0,In-Store
687,2023-03-03,2115,21,Male,San Diego,2021-04-30,103,Sneakers,Footwear,Brand C,30.0,1,30.0,In-Store
4732,2023-03-03,2724,36,Male,Houston,2022-05-27,114,Parka,Outerwear,Brand B,150.0,1,150.0,In-Store
947,2023-03-03,2164,45,Female,Philadelphia,2022-12-31,115,Blazer,Outerwear,Brand A,130.0,2,260.0,In-Store
3872,2023-03-03,2591,40,Female,Miami,2021-04-25,107,Dress,Clothing,Brand B,65.0,1,65.0,In-Store
153,2023-03-03,2036,21,Female,San Antonio,2022-11-12,118,Bag,Accessories,Brand B,60.0,1,60.0,Online
2935,2023-03-03,2447,23,Female,Houston,2022-09-23,117,Scarf,Accessories,Brand E,18.0,2,36.0,Online
3805,2023-03-03,2584,55,Male,San Antonio,2021-10-26,101,T-shirt,Clothing,Brand A,25.0,1,25.0,Online
4935,2023-03-03,2746,40,Male,Dallas,2021-12-14,113,Coat,Outerwear,Brand D,180.0,1,180.0,Online
440,2023-03-04,2083,41,Male,New York,2022-12-17,113,Coat,Outerwear,Brand D,180.0,1,180.0,Online
4742,2023-03-04,2725,22,Male,Houston,2023-03-04,109,Shorts,Clothing,Brand E,30.0,1,30.0,Online
1433,2023-03-04,2243,19,Female,Houston,2021-11-29,117,Scarf,Accessories,Brand E,18.0,1,18.0,Online
4516,2023-03-04,2694,33,Male,Los Angeles,2022-02-27,113,Coat,Outerwear,Brand D,180.0,1,180.0,Online
2972,2023-03-04,2453,43,Male,Dallas,2021-11-18,108,Hoodie,Clothing,Brand C,55.0,1,55.0,In-Store
2682,2023-03-04,2411,45,Male,Chicago,2021-04-28,105,Hat,Accessories,Brand E,22.5,2,45.0,In-Store
3096,2023-03-04,2482,52,Male,Chicago,2022-03-27,108,Hoodie,Clothing,Brand C,55.0,1,55.0,In-Store
2034,2023-03-04,2324,18,Female,Phoenix,2022-02-06,101,T-shirt,Clothing,Brand A,25.0,1,25.0,In-Store
4840,2023-03-04,2736,21,Male,Los Angeles,2021-06-17,103,Sneakers,Footwear,Brand C,30.0,3,90.0,Online
5257,2023-03-04,2793,30,Female,San Antonio,2022-10-23,113,Coat,Outerwear,Brand D,180.0,1,180.0,In-Store
1776,2023-03-05,2292,21,Female,Houston,2022-10-12,108,Hoodie,Clothing,Brand C,55.0,2,110.0,Online
1597,2023-03-05,2270,57,Male,Los Angeles,2021-11-23,104,Jacket,Outerwear,Brand D,120.0,1,120.0,In-Store
4040,2023-03-05,2619,37,Female,San Diego,2022-01-27,114,Parka,Outerwear,Brand B,150.0,1,150.0,In-Store
3877,2023-03-06,2593,48,Male,San Diego,2022-03-19,114,Parka,Outerwear,Brand B,150.0,1,150.0,In-Store
4273,2023-03-06,2656,23,Female,New York,2021-01-22,109,Shorts,Clothing,Brand E,30.0,1,30.0,In-Store
1055,2023-03-06,2180,21,Male,Phoenix,2022-11-08,109,Shorts,Clothing,Brand E,30.0,1,30.0,Online
1328,2023-03-06,2224,18,Female,Miami,2022-01-03,116,Belt,Accessories,Brand A,20.0,1,20.0,Online
974,2023-03-06,2169,39,Male,San Antonio,2021-06-12,113,Coat,Outerwear,Brand D,180.0,1,180.0,In-Store
752,2023-03-07,2127,51,Female,Chicago,2021-02-03,109,Shorts,Clothing,Brand E,30.0,2,60.0,In-Store
4407,2023-03-07,2674,37,Male,Phoenix,2022-06-10,103,Sneakers,Footwear,Brand C,30.0,1,30.0,In-Store
2845,2023-03-08,2433,50,Male,Los Angeles,2022-03-16,107,Dress,Clothing,Brand B,65.0,1,65.0,In-Store
2035,2023-03-08,2324,18,Female,Phoenix,2022-02-06,105,Hat,Accessories,Brand E,22.5,2,45.0,Online
5277,2023-03-08,2795,38,Female,San Antonio,2021-04-25,113,Coat,Outerwear,Brand D,180.0,1,180.0,In-Store
322,2023-03-09,2067,37,Male,San Diego,2022-12-13,118,Bag,Accessories,Brand B,60.0,2,120.0,In-Store
3964,2023-03-09,2607,18,Male,Miami,2022-03-09,116,Belt,Accessories,Brand A,20.0,2,40.0,Online
4471,2023-03-09,2683,20,Male,Miami,2022-03-13,120,Cap,Accessories,Brand E,15.0,1,15.0,Online
4605,2023-03-09,2708,28,Male,Phoenix,2021-12-24,101,T-shirt,Clothing,Brand A,25.0,1,25.0,In-Store
4261,2023-03-09,2655,18,Female,Chicago,2021-02-09,105,Hat,Accessories,Brand E,22.5,3,67.5,In-Store
209,2023-03-09,2044,18,Male,Miami,2021-05-25,109,Shorts,Clothing,Brand E,30.0,2,60.0,Online
2756,2023-03-09,2421,19,Male,Phoenix,2022-12-20,107,Dress,Clothing,Brand B,65.0,1,65.0,In-Store
3012,2023-03-09,2462,58,Male,New York,2022-10-05,119,Sunglasses,Accessories,Brand C,45.0,1,45.0,In-Store
548,2023-03-10,2097,56,Male,Phoenix,2021-05-03,106,Shirt,Clothing,Brand A,40.0,1,40.0,In-Store
1777,2023-03-10,2292,21,Female,Houston,2022-10-12,108,Hoodie,Clothing,Brand C,55.0,1,55.0,Online
2036,2023-03-10,2324,18,Female,Phoenix,2022-02-06,107,Dress,Clothing,Brand B,65.0,2,130.0,Online
490,2023-03-10,2088,26,Female,San Diego,2022-08-05,109,Shorts,Clothing,Brand E,30.0,1,30.0,Online
3573,2023-03-11,2551,21,Female,San Antonio,2021-10-14,116,Belt,Accessories,Brand A,20.0,2,40.0,Online
4567,2023-03-11,2702,53,Female,Miami,2021-12-08,115,Blazer,Outerwear,Brand A,130.0,1,130.0,In-Store
3769,2023-03-11,2578,20,Female,Philadelphia,2022-05-13,120,Cap,Accessories,Brand E,15.0,2,30.0,Online
4286,2023-03-12,2658,34,Male,Phoenix,2022-08-12,113,Coat,Outerwear,Brand D,180.0,1,180.0,In-Store
5313,2023-03-12,2802,24,Female,San Antonio,2021-06-18,111,Sandals,Footwear,Brand E,35.0,1,35.0,Online
3695,2023-03-13,2566,23,Female,Miami,2022-12-17,108,Hoodie,Clothing,Brand C,55.0,1,55.0,Online
5008,2023-03-13,2757,41,Female,Philadelphia,2022-05-30,104,Jacket,Outerwear,Brand D,120.0,1,120.0,In-Store
1485,2023-03-13,2252,62,Female,San Diego,2022-03-10,114,Parka,Outerwear,Brand B,150.0,1,150.0,In-Store
2914,2023-03-13,2446,49,Female,Phoenix,2021-09-20,114,Parka,Outerwear,Brand B,150.0,2,300.0,In-Store
732,2023-03-13,2122,23,Male,San Antonio,2022-08-15,116,Belt,Accessories,Brand A,20.0,1,20.0,Online
2671,2023-03-14,2410,59,Male,Los Angeles,2021-12-24,117,Scarf,Accessories,Brand E,18.0,1,18.0,In-Store
4503,2023-03-14,2692,52,Male,Philadelphia,2021-11-10,114,Parka,Outerwear,Brand B,150.0,2,300.0,In-Store
688,2023-03-14,2115,21,Male,San Diego,2021-04-30,106,Shirt,Clothing,Brand A,40.0,1,40.0,Online
1406,2023-03-14,2236,21,Male,Houston,2022-10-24,107,Dress,Clothing,Brand B,65.0,1,65.0,Online
4480,2023-03-14,2685,18,Male,Miami,2021-02-21,101,T-shirt,Clothing,Brand A,25.0,2,50.0,In-Store
196,2023-03-14,2042,22,Female,Dallas,2022-03-23,105,Hat,Accessories,Brand E,22.5,3,67.5,Online
1256,2023-03-14,2213,62,Female,Los Angeles,2022-05-16,104,Jacket,Outerwear,Brand D,120.0,1,120.0,In-Store
2081,2023-03-14,2328,33,Male,Miami,2022-09-12,114,Parka,Outerwear,Brand B,150.0,1,150.0,Online
2903,2023-03-14,2443,18,Male,Philadelphia,2021-08-03,102,Jeans,Clothing,Brand B,75.0,1,75.0,Online
683,2023-03-15,2114,24,Male,Dallas,2023-03-10,106,Shirt,Clothing,Brand A,40.0,2,80.0,In-Store
80,2023-03-15,2022,36,Male,Chicago,2021-05-20,113,Coat,Outerwear,Brand D,180.0,1,180.0,Online
1187,2023-03-15,2202,40,Female,New York,2022-05-05,109,Shorts,Clothing,Brand E,30.0,1,30.0,Online
2799,2023-03-15,2426,39,Female,New York,2021-08-25,110,Boots,Footwear,Brand D,110.0,1,110.0,Online
862,2023-03-15,2149,22,Male,Dallas,2023-02-22,102,Jeans,Clothing,Brand B,75.0,1,75.0,Online
341,2023-03-15,2070,24,Male,San Antonio,2023-01-13,118,Bag,Accessories,Brand B,60.0,1,60.0,Online
2703,2023-03-16,2412,49,Male,Miami,2023-03-01,107,Dress,Clothing,Brand B,65.0,1,65.0,In-Store
1981,2023-03-16,2316,24,Female,Los Angeles,2022-01-02,105,Hat,Accessories,Brand E,22.5,2,45.0,Online
55,2023-03-16,2020,21,Female,San Diego,2023-03-08,117,Scarf,Accessories,Brand E,18.0,1,18.0,Online
1376,2023-03-16,2232,50,Female,San Diego,2023-01-12,115,Blazer,Outerwear,Brand A,130.0,1,130.0,In-Store
2077,2023-03-16,2327,21,Male,San Diego,2021-02-07,111,Sandals,Footwear,Brand E,35.0,4,140.0,Online
3019,2023-03-17,2463,24,Male,Chicago,2021-04-26,119,Sunglasses,Accessories,Brand C,45.0,1,45.0,Online
1113,2023-03-17,2189,41,Female,San Diego,2023-01-31,114,Parka,Outerwear,Brand B,150.0,1,150.0,In-Store
3930,2023-03-17,2603,24,Male,San Diego,2022-02-18,116,Belt,Accessories,Brand A,20.0,1,20.0,Online
2720,2023-03-17,2414,21,Male,San Diego,2022-04-11,117,Scarf,Accessories,Brand E,18.0,1,18.0,Online
935,2023-03-17,2162,37,Female,Houston,2021-11-16,110,Boots,Footwear,Brand D,110.0,1,110.0,Online
4435,2023-03-17,2679,28,Male,Miami,2022-10-05,114,Parka,Outerwear,Brand B,150.0,1,150.0,In-Store
3771,2023-03-17,2579,56,Female,Dallas,2022-09-21,110,Boots,Footwear,Brand D,110.0,1,110.0,In-Store
454,2023-03-17,2085,21,Male,Phoenix,2021-03-18,119,Sunglasses,Accessories,Brand C,45.0,1,45.0,In-Store
1960,2023-03-17,2312,46,Female,San Antonio,2022-10-25,111,Sandals,Footwear,Brand E,35.0,1,35.0,In-Store
1644,2023-03-17,2275,53,Male,San Diego,2021-09-28,115,Blazer,Outerwear,Brand A,130.0,1,130.0,In-Store
1486,2023-03-18,2252,62,Female,San Diego,2022-03-10,106,Shirt,Clothing,Brand A,40.0,1,40.0,In-Store
56,2023-03-18,2020,21,Female,San Diego,2023-03-08,109,Shorts,Clothing,Brand E,30.0,1,30.0,In-Store
518,2023-03-18,2091,41,Female,Phoenix,2021-05-31,113,Coat,Outerwear,Brand D,180.0,1,180.0,In-Store
2037,2023-03-19,2324,18,Female,Phoenix,2022-02-06,105,Hat,Accessories,Brand E,22.5,1,22.5,Online
4391,2023-03-19,2673,19,Male,Houston,2021-12-12,105,Hat,Accessories,Brand E,22.5,1,22.5,In-Store
4537,2023-03-19,2698,53,Male,Phoenix,2022-04-08,108,Hoodie,Clothing,Brand C,55.0,1,55.0,Online
4841,2023-03-19,2736,21,Male,Los Angeles,2021-06-17,116,Belt,Accessories,Brand A,20.0,2,40.0,Online
3752,2023-03-19,2575,47,Female,Chicago,2022-10-27,119,Sunglasses,Accessories,Brand C,45.0,2,90.0,In-Store
3852,2023-03-19,2590,32,Female,Phoenix,2023-03-16,114,Parka,Outerwear,Brand B,150.0,2,300.0,Online
3114,2023-03-19,2483,21,Male,Phoenix,2021-12-06,101,T-shirt,Clothing,Brand A,25.0,3,75.0,Online
2683,2023-03-19,2411,45,Male,Chicago,2021-04-28,113,Coat,Outerwear,Brand D,180.0,1,180.0,In-Store
5272,2023-03-20,2794,26,Male,Miami,2022-12-11,105,Hat,Accessories,Brand E,22.5,2,45.0,Online
3545,2023-03-20,2548,26,Female,Los Angeles,2021-04-15,106,Shirt,Clothing,Brand A,40.0,2,80.0,Online
1928,2023-03-20,2307,52,Female,Dallas,2022-12-16,113,Coat,Outerwear,Brand D,180.0,1,180.0,In-Store
674,2023-03-21,2113,53,Male,Dallas,2023-01-22,104,Jacket,Outerwear,Brand D,120.0,1,120.0,In-Store
3574,2023-03-21,2551,21,Female,San Antonio,2021-10-14,120,Cap,Accessories,Brand E,15.0,1,15.0,Online
3732,2023-03-21,2571,55,Male,San Antonio,2022-08-12,106,Shirt,Clothing,Brand A,40.0,1,40.0,In-Store
4452,2023-03-21,2682,23,Male,Miami,2022-12-08,111,Sandals,Footwear,Brand E,35.0,1,35.0,Online
549,2023-03-21,2097,56,Male,Phoenix,2021-05-03,114,Parka,Outerwear,Brand B,150.0,1,150.0,Online
4805,2023-03-22,2731,22,Male,Los Angeles,2022-03-22,111,Sandals,Footwear,Brand E,35.0,1,35.0,In-Store
3287,2023-03-22,2515,23,Female,San Antonio,2022-03-31,106,Shirt,Clothing,Brand A,40.0,1,40.0,Online
2891,2023-03-22,2442,51,Female,Houston,2021-04-06,110,Boots,Footwear,Brand D,110.0,1,110.0,In-Store
2704,2023-03-22,2412,49,Male,Miami,2023-03-01,107,Dress,Clothing,Brand B,65.0,2,130.0,In-Store
4936,2023-03-22,2746,40,Male,Dallas,2021-12-14,113,Coat,Outerwear,Brand D,180.0,1,180.0,Online
3206,2023-03-22,2501,35,Female,Houston,2022-11-14,113,Coat,Outerwear,Brand D,180.0,1,180.0,Online
2374,2023-03-22,2369,23,Male,Philadelphia,2022-03-04,110,Boots,Footwear,Brand D,110.0,2,220.0,Online
2082,2023-03-22,2328,33,Male,Miami,2022-09-12,113,Coat,Outerwear,Brand D,180.0,1,180.0,In-Store
1377,2023-03-22,2232,50,Female,San Diego,2023-01-12,107,Dress,Clothing,Brand B,65.0,1,65.0,In-Store
2937,2023-03-22,2448,34,Female,San Antonio,2022-07-17,120,Cap,Accessories,Brand E,15.0,2,30.0,Online
2567,2023-03-22,2398,19,Male,San Antonio,2022-10-18,117,Scarf,Accessories,Brand E,18.0,3,54.0,Online
105,2023-03-23,2026,42,Male,San Antonio,2021-07-12,113,Coat,Outerwear,Brand D,180.0,1,180.0,In-Store
3753,2023-03-23,2575,47,Female,Chicago,2022-10-27,119,Sunglasses,Accessories,Brand C,45.0,1,45.0,In-Store
2757,2023-03-23,2421,19,Male,Phoenix,2022-12-20,101,T-shirt,Clothing,Brand A,25.0,3,75.0,Online
4743,2023-03-23,2725,22,Male,Houston,2023-03-04,101,T-shirt,Clothing,Brand A,25.0,2,50.0,Online
3115,2023-03-23,2483,21,Male,Phoenix,2021-12-06,116,Belt,Accessories,Brand A,20.0,1,20.0,Online
689,2023-03-23,2115,21,Male,San Diego,2021-04-30,111,Sandals,Footwear,Brand E,35.0,2,70.0,In-Store
135,2023-03-23,2033,49,Male,New York,2021-03-16,108,Hoodie,Clothing,Brand C,55.0,1,55.0,In-Store
4297,2023-03-23,2661,23,Female,Philadelphia,2023-03-16,120,Cap,Accessories,Brand E,15.0,1,15.0,Online
2800,2023-03-23,2426,39,Female,New York,2021-08-25,113,Coat,Outerwear,Brand D,180.0,1,180.0,In-Store
1284,2023-03-23,2218,34,Male,Los Angeles,2021-04-07,101,T-shirt,Clothing,Brand A,25.0,1,25.0,Online
2632,2023-03-23,2407,21,Male,San Antonio,2023-03-15,119,Sunglasses,Accessories,Brand C,45.0,2,90.0,Online
1399,2023-03-24,2234,36,Female,San Antonio,2022-06-05,115,Blazer,Outerwear,Brand A,130.0,1,130.0,Online
4531,2023-03-24,2697,23,Male,Los Angeles,2023-03-24,105,Hat,Accessories,Brand E,22.5,2,45.0,In-Store
2109,2023-03-24,2334,51,Male,Los Angeles,2021-12-14,108,Hoodie,Clothing,Brand C,55.0,1,55.0,In-Store
1015,2023-03-24,2175,23,Male,Philadelphia,2021-06-01,111,Sandals,Footwear,Brand E,35.0,1,35.0,In-Store
3546,2023-03-24,2548,26,Female,Los Angeles,2021-04-15,101,T-shirt,Clothing,Brand A,25.0,3,75.0,In-Store
2672,2023-03-24,2410,59,Male,Los Angeles,2021-12-24,105,Hat,Accessories,Brand E,22.5,1,22.5,In-Store
4718,2023-03-24,2723,39,Female,Phoenix,2021-02-27,114,Parka,Outerwear,Brand B,150.0,2,300.0,Online
319,2023-03-24,2064,40,Female,Miami,2022-09-03,114,Parka,Outerwear,Brand B,150.0,1,150.0,Online
4256,2023-03-25,2654,55,Female,San Antonio,2022-02-23,112,Running Shoes,Footwear,Brand C,85.0,1,85.0,In-Store
1859,2023-03-25,2298,20,Male,Chicago,2021-07-27,105,Hat,Accessories,Brand E,22.5,1,22.5,Online
420,2023-03-25,2078,21,Male,San Antonio,2022-04-11,120,Cap,Accessories,Brand E,15.0,2,30.0,Online
238,2023-03-25,2049,23,Male,Phoenix,2022-07-21,105,Hat,Accessories,Brand E,22.5,1,22.5,Online
2846,2023-03-25,2433,50,Male,Los Angeles,2022-03-16,104,Jacket,Outerwear,Brand D,120.0,1,120.0,In-Store
4151,2023-03-26,2638,36,Male,Philadelphia,2021-06-03,104,Jacket,Outerwear,Brand D,120.0,1,120.0,In-Store
1982,2023-03-26,2316,24,Female,Los Angeles,2022-01-02,107,Dress,Clothing,Brand B,65.0,3,195.0,Online
4166,2023-03-26,2641,47,Male,Phoenix,2022-12-04,113,Coat,Outerwear,Brand D,180.0,1,180.0,Online
3737,2023-03-26,2572,42,Female,San Diego,2021-05-11,113,Coat,Outerwear,Brand D,180.0,1,180.0,Online
3634,2023-03-26,2559,18,Female,San Diego,2021-09-19,120,Cap,Accessories,Brand E,15.0,1,15.0,Online
2164,2023-03-26,2341,37,Female,Los Angeles,2021-02-26,111,Sandals,Footwear,Brand E,35.0,1,35.0,In-Store
1407,2023-03-27,2236,21,Male,Houston,2022-10-24,106,Shirt,Clothing,Brand A,40.0,1,40.0,Online
4881,2023-03-27,2740,57,Male,Dallas,2022-06-25,101,T-shirt,Clothing,Brand A,25.0,4,100.0,In-Store
3365,2023-03-27,2523,35,Female,San Antonio,2021-08-03,114,Parka,Outerwear,Brand B,150.0,1,150.0,In-Store
1446,2023-03-27,2245,23,Female,Chicago,2021-07-05,112,Running Shoes,Footwear,Brand C,85.0,1,85.0,Online
2309,2023-03-27,2363,20,Female,Philadelphia,2022-11-03,101,T-shirt,Clothing,Brand A,25.0,1,25.0,Online
3021,2023-03-27,2464,58,Female,Philadelphia,2022-01-10,102,Jeans,Clothing,Brand B,75.0,1,75.0,In-Store
757,2023-03-28,2128,19,Male,Chicago,2022-06-21,106,Shirt,Clothing,Brand A,40.0,1,40.0,In-Store
919,2023-03-28,2161,33,Male,Philadelphia,2022-09-13,115,Blazer,Outerwear,Brand A,130.0,1,130.0,In-Store
2915,2023-03-28,2446,49,Female,Phoenix,2021-09-20,106,Shirt,Clothing,Brand A,40.0,1,40.0,In-Store
3288,2023-03-29,2515,23,Female,San Antonio,2022-03-31,103,Sneakers,Footwear,Brand C,30.0,1,30.0,Online
1860,2023-03-29,2298,20,Male,Chicago,2021-07-27,106,Shirt,Clothing,Brand A,40.0,2,80.0,In-Store
3190,2023-03-29,2497,40,Male,Houston,2021-08-28,112,Running Shoes,Footwear,Brand C,85.0,1,85.0,In-Store
5134,2023-03-29,2778,40,Female,San Diego,2021-11-02,114,Parka,Outerwear,Brand B,150.0,1,150.0,In-Store
210,2023-03-30,2044,18,Male,Miami,2021-05-25,117,Scarf,Accessories,Brand E,18.0,1,18.0,Online
3415,2023-03-30,2529,24,Female,Philadelphia,2021-07-12,111,Sandals,Footwear,Brand E,35.0,2,70.0,Online
4392,2023-03-30,2673,19,Male,Houston,2021-12-12,120,Cap,Accessories,Brand E,15.0,1,15.0,Online
2553,2023-03-30,2396,19,Female,Houston,2022-05-12,102,Jeans,Clothing,Brand B,75.0,4,300.0,Online
2528,2023-03-30,2392,40,Female,Dallas,2021-01-22,101,T-shirt,Clothing,Brand A,25.0,2,50.0,In-Store
3763,2023-03-30,2577,35,Male,San Antonio,2022-04-24,113,Coat,Outerwear,Brand D,180.0,4,720.0,Online
625,2023-03-31,2107,48,Male,San Diego,2022-09-05,109,Shorts,Clothing,Brand E,30.0,1,30.0,In-Store
1929,2023-03-31,2307,52,Female,Dallas,2022-12-16,107,Dress,Clothing,Brand B,65.0,1,65.0,In-Store
224,2023-03-31,2045,42,Female,Los Angeles,2022-01-19,114,Parka,Outerwear,Brand B,150.0,1,150.0,In-Store
275,2023-03-31,2052,25,Male,Houston,2021-11-02,112,Running Shoes,Footwear,Brand C,85.0,2,170.0,Online
753,2023-03-31,2127,51,Female,Chicago,2021-02-03,101,T-shirt,Clothing,Brand A,25.0,1,25.0,In-Store
183,2023-03-31,2038,24,Female,Philadelphia,2022-12-03,102,Jeans,Clothing,Brand B,75.0,1,75.0,In-Store
1800,2023-03-31,2293,60,Female,Los Angeles,2021-05-26,103,Sneakers,Footwear,Brand C,30.0,1,30.0,In-Store
5258,2023-04-01,2793,30,Female,San Antonio,2022-10-23,113,Coat,Outerwear,Brand D,180.0,1,180.0,Online
3824,2023-04-01,2587,46,Female,Philadelphia,2021-05-03,102,Jeans,Clothing,Brand B,75.0,1,75.0,In-Store
4773,2023-04-01,2728,20,Female,Houston,2023-03-06,119,Sunglasses,Accessories,Brand C,45.0,3,135.0,Online
5009,2023-04-01,2758,34,Female,Houston,2021-08-27,106,Shirt,Clothing,Brand A,40.0,1,40.0,Online
1056,2023-04-01,2180,21,Male,Phoenix,2022-11-08,119,Sunglasses,Accessories,Brand C,45.0,1,45.0,In-Store
2403,2023-04-01,2371,22,Female,San Diego,2023-02-16,101,T-shirt,Clothing,Brand A,25.0,2,50.0,Online
3323,2023-04-01,2517,40,Male,Miami,2022-08-12,113,Coat,Outerwear,Brand D,180.0,1,180.0,Online
2343,2023-04-01,2367,19,Female,San Diego,2021-06-02,112,Running Shoes,Footwear,Brand C,85.0,2,170.0,Online
888,2023-04-01,2154,63,Male,Dallas,2021-07-06,101,T-shirt,Clothing,Brand A,25.0,1,25.0,In-Store
4789,2023-04-01,2729,20,Male,Dallas,2022-04-21,102,Jeans,Clothing,Brand B,75.0,1,75.0,Online
4393,2023-04-02,2673,19,Male,Houston,2021-12-12,111,Sandals,Footwear,Brand E,35.0,1,35.0,Online
3764,2023-04-02,2577,35,Male,San Antonio,2022-04-24,113,Coat,Outerwear,Brand D,180.0,1,180.0,In-Store
4014,2023-04-02,2616,54,Male,Houston,2021-09-04,107,Dress,Clothing,Brand B,65.0,1,65.0,In-Store
578,2023-04-02,2101,41,Female,Phoenix,2021-06-14,115,Blazer,Outerwear,Brand A,130.0,1,130.0,Online
184,2023-04-03,2038,24,Female,Philadelphia,2022-12-03,103,Sneakers,Footwear,Brand C,30.0,3,90.0,Online
57,2023-04-03,2020,21,Female,San Diego,2023-03-08,116,Belt,Accessories,Brand A,20.0,1,20.0,In-Store
3430,2023-04-03,2532,41,Male,San Diego,2021-03-11,114,Parka,Outerwear,Brand B,150.0,1,150.0,Online
154,2023-04-03,2036,21,Female,San Antonio,2022-11-12,102,Jeans,Clothing,Brand B,75.0,2,150.0,Online
4483,2023-04-03,2687,47,Male,San Antonio,2021-04-14,113,Coat,Outerwear,Brand D,180.0,2,360.0,In-Store
4719,2023-04-03,2723,39,Female,Phoenix,2021-02-27,113,Coat,Outerwear,Brand D,180.0,1,180.0,Online
4733,2023-04-03,2724,36,Male,Houston,2022-05-27,104,Jacket,Outerwear,Brand D,120.0,1,120.0,In-Store
48,2023-04-03,2018,49,Male,Houston,2022-07-21,113,Coat,Outerwear,Brand D,180.0,1,180.0,Online
719,2023-04-03,2120,58,Female,Phoenix,2022-07-03,108,Hoodie,Clothing,Brand C,55.0,1,55.0,In-Store
539,2023-04-04,2094,38,Female,Phoenix,2022-04-11,116,Belt,Accessories,Brand A,20.0,1,20.0,In-Store
690,2023-04-04,2115,21,Male,San Diego,2021-04-30,105,Hat,Accessories,Brand E,22.5,2,45.0,Online
4681,2023-04-04,2717,20,Male,Los Angeles,2022-11-22,118,Bag,Accessories,Brand B,60.0,2,120.0,Online
503,2023-04-04,2090,58,Male,San Antonio,2022-07-15,105,Hat,Accessories,Brand E,22.5,1,22.5,In-Store
4274,2023-04-04,2656,23,Female,New York,2021-01-22,116,Belt,Accessories,Brand A,20.0,3,60.0,Online
1238,2023-04-04,2212,30,Male,San Antonio,2022-03-13,101,T-shirt,Clothing,Brand A,25.0,1,25.0,Online
323,2023-04-04,2067,37,Male,San Diego,2022-12-13,107,Dress,Clothing,Brand B,65.0,1,65.0,In-Store
4504,2023-04-05,2692,52,Male,Philadelphia,2021-11-10,110,Boots,Footwear,Brand D,110.0,2,220.0,In-Store
3853,2023-04-05,2590,32,Female,Phoenix,2023-03-16,113,Coat,Outerwear,Brand D,180.0,1,180.0,In-Store
1983,2023-04-05,2316,24,Female,Los Angeles,2022-01-02,118,Bag,Accessories,Brand B,60.0,1,60.0,Online
4453,2023-04-06,2682,23,Male,Miami,2022-12-08,112,Running Shoes,Footwear,Brand C,85.0,1,85.0,Online
4284,2023-04-06,2657,37,Male,San Antonio,2021-09-01,109,Shorts,Clothing,Brand E,30.0,1,30.0,Online
3376,2023-04-06,2524,40,Male,Houston,2021-03-25,113,Coat,Outerwear,Brand D,180.0,1,180.0,Online
4882,2023-04-06,2740,57,Male,Dallas,2022-06-25,104,Jacket,Outerwear,Brand D,120.0,1,120.0,In-Store
2404,2023-04-07,2371,22,Female,San Diego,2023-02-16,103,Sneakers,Footwear,Brand C,30.0,1,30.0,Online
4436,2023-04-07,2679,28,Male,Miami,2022-10-05,113,Coat,Outerwear,Brand D,180.0,1,180.0,In-Store
5259,2023-04-07,2793,30,Female,San Antonio,2022-10-23,115,Blazer,Outerwear,Brand A,130.0,1,130.0,Online
4101,2023-04-08,2625,19,Female,Chicago,2021-01-15,111,Sandals,Footwear,Brand E,35.0,1,35.0,Online
1239,2023-04-08,2212,30,Male,San Antonio,2022-03-13,109,Shorts,Clothing,Brand E,30.0,1,30.0,Online
4568,2023-04-08,2702,53,Female,Miami,2021-12-08,101,T-shirt,Clothing,Brand A,25.0,1,25.0,In-Store
3733,2023-04-09,2571,55,Male,San Antonio,2022-08-12,101,T-shirt,Clothing,Brand A,25.0,2,50.0,In-Store
3658,2023-04-09,2562,20,Male,New York,2021-09-10,106,Shirt,Clothing,Brand A,40.0,1,40.0,Online
4821,2023-04-09,2733,37,Male,Chicago,2022-11-14,113,Coat,Outerwear,Brand D,180.0,1,180.0,In-Store
455,2023-04-10,2085,21,Male,Phoenix,2021-03-18,109,Shorts,Clothing,Brand E,30.0,1,30.0,Online
995,2023-04-10,2173,37,Female,Chicago,2021-09-15,113,Coat,Outerwear,Brand D,180.0,1,180.0,Online
136,2023-04-10,2033,49,Male,New York,2021-03-16,104,Jacket,Outerwear,Brand D,120.0,1,120.0,In-Store
3275,2023-04-10,2513,25,Female,Dallas,2021-07-26,117,Scarf,Accessories,Brand E,18.0,1,18.0,Online
4096,2023-04-10,2624,20,Male,San Antonio,2022-06-08,103,Sneakers,Footwear,Brand C,30.0,1,30.0,Online
1334,2023-04-10,2226,22,Male,Chicago,2021-10-21,103,Sneakers,Footwear,Brand C,30.0,2,60.0,Online
1127,2023-04-10,2191,25,Female,San Diego,2022-10-09,111,Sandals,Footwear,Brand E,35.0,1,35.0,Online
2154,2023-04-11,2340,27,Male,Los Angeles,2022-04-26,103,Sneakers,Footwear,Brand C,30.0,1,30.0,In-Store
4302,2023-04-11,2662,20,Female,Miami,2022-01-21,107,Dress,Clothing,Brand B,65.0,2,130.0,Online
3891,2023-04-11,2596,54,Female,San Diego,2021-02-10,111,Sandals,Footwear,Brand E,35.0,1,35.0,In-Store
1016,2023-04-11,2175,23,Male,Philadelphia,2021-06-01,119,Sunglasses,Accessories,Brand C,45.0,1,45.0,Online
4262,2023-04-12,2655,18,Female,Chicago,2021-02-09,109,Shorts,Clothing,Brand E,30.0,1,30.0,Online
4616,2023-04-12,2710,23,Male,Chicago,2023-01-12,118,Bag,Accessories,Brand B,60.0,2,120.0,Online
1114,2023-04-13,2189,41,Female,San Diego,2023-01-31,114,Parka,Outerwear,Brand B,150.0,1,150.0,In-Store
2936,2023-04-13,2447,23,Female,Houston,2022-09-23,116,Belt,Accessories,Brand A,20.0,1,20.0,In-Store
1701,2023-04-13,2280,23,Male,Dallas,2021-08-13,106,Shirt,Clothing,Brand A,40.0,1,40.0,Online
3377,2023-04-13,2524,40,Male,Houston,2021-03-25,113,Coat,Outerwear,Brand D,180.0,1,180.0,Online
2005,2023-04-13,2320,54,Female,Phoenix,2022-02-04,109,Shorts,Clothing,Brand E,30.0,1,30.0,In-Store
1317,2023-04-13,2223,43,Female,Los Angeles,2022-01-08,114,Parka,Outerwear,Brand B,150.0,1,150.0,Online
5314,2023-04-13,2802,24,Female,San Antonio,2021-06-18,120,Cap,Accessories,Brand E,15.0,2,30.0,Online
3397,2023-04-14,2528,27,Female,New York,2022-09-27,105,Hat,Accessories,Brand E,22.5,2,45.0,Online
3470,2023-04-14,2538,23,Male,Chicago,2022-07-08,109,Shorts,Clothing,Brand E,30.0,2,60.0,Online
3795,2023-04-14,2583,23,Male,Miami,2021-10-10,103,Sneakers,Footwear,Brand C,30.0,2,60.0,Online
1900,2023-04-14,2305,55,Female,New York,2021-03-18,113,Coat,Outerwear,Brand D,180.0,1,180.0,In-Store
2491,2023-04-14,2385,40,Female,Phoenix,2021-11-09,105,Hat,Accessories,Brand E,22.5,1,22.5,Online
639,2023-04-14,2109,21,Female,New York,2022-04-01,106,Shirt,Clothing,Brand A,40.0,2,80.0,Online
2006,2023-04-14,2320,54,Female,Phoenix,2022-02-04,113,Coat,Outerwear,Brand D,180.0,1,180.0,In-Store
1566,2023-04-14,2264,31,Male,Chicago,2021-11-12,101,T-shirt,Clothing,Brand A,25.0,2,50.0,In-Store
1861,2023-04-15,2298,20,Male,Chicago,2021-07-27,119,Sunglasses,Accessories,Brand C,45.0,1,45.0,Online
889,2023-04-15,2154,63,Male,Dallas,2021-07-06,113,Coat,Outerwear,Brand D,180.0,2,360.0,Online
4059,2023-04-15,2623,24,Male,Philadelphia,2021-12-29,108,Hoodie,Clothing,Brand C,55.0,2,110.0,Online
4107,2023-04-15,2627,26,Female,Phoenix,2021-11-05,112,Running Shoes,Footwear,Brand C,85.0,1,85.0,Online
1687,2023-04-15,2279,21,Female,Houston,2021-04-14,119,Sunglasses,Accessories,Brand C,45.0,2,90.0,Online
4617,2023-04-15,2710,23,Male,Chicago,2023-01-12,105,Hat,Accessories,Brand E,22.5,1,22.5,In-Store
5040,2023-04-16,2762,23,Male,Philadelphia,2021-01-18,109,Shorts,Clothing,Brand E,30.0,1,30.0,Online
3754,2023-04-16,2575,47,Female,Chicago,2022-10-27,102,Jeans,Clothing,Brand B,75.0,1,75.0,In-Store
743,2023-04-16,2124,52,Female,Dallas,2022-02-07,114,Parka,Outerwear,Brand B,150.0,1,150.0,In-Store
1547,2023-04-16,2258,38,Female,Miami,2021-03-15,113,Coat,Outerwear,Brand D,180.0,1,180.0,Online
4454,2023-04-16,2682,23,Male,Miami,2022-12-08,118,Bag,Accessories,Brand B,60.0,2,120.0,Online
3901,2023-04-16,2600,58,Female,Houston,2022-04-14,106,Shirt,Clothing,Brand A,40.0,2,80.0,Online
2344,2023-04-16,2367,19,Female,San Diego,2021-06-02,106,Shirt,Clothing,Brand A,40.0,2,80.0,Online
4569,2023-04-17,2702,53,Female,Miami,2021-12-08,106,Shirt,Clothing,Brand A,40.0,1,40.0,In-Store
2951,2023-04-17,2451,43,Female,San Diego,2022-11-12,113,Coat,Outerwear,Brand D,180.0,1,180.0,Online
358,2023-04-17,2071,32,Female,Miami,2022-08-31,114,Parka,Outerwear,Brand B,150.0,1,150.0,Online
1984,2023-04-17,2316,24,Female,Los Angeles,2022-01-02,117,Scarf,Accessories,Brand E,18.0,1,18.0,Online
3033,2023-04-17,2467,23,Male,New York,2021-11-18,109,Shorts,Clothing,Brand E,30.0,3,90.0,Online
2218,2023-04-17,2349,28,Female,Houston,2022-02-24,113,Coat,Outerwear,Brand D,180.0,1,180.0,In-Store
4060,2023-04-17,2623,24,Male,Philadelphia,2021-12-29,111,Sandals,Footwear,Brand E,35.0,1,35.0,Online
239,2023-04-17,2049,23,Male,Phoenix,2022-07-21,101,T-shirt,Clothing,Brand A,25.0,2,50.0,Online
2257,2023-04-18,2357,26,Female,San Diego,2022-10-11,117,Scarf,Accessories,Brand E,18.0,2,36.0,Online
2973,2023-04-18,2453,43,Male,Dallas,2021-11-18,104,Jacket,Outerwear,Brand D,120.0,1,120.0,In-Store
2038,2023-04-18,2324,18,Female,Phoenix,2022-02-06,110,Boots,Footwear,Brand D,110.0,3,330.0,Online
5162,2023-04-18,2783,20,Female,Miami,2021-05-24,102,Jeans,Clothing,Brand B,75.0,1,75.0,Online
1901,2023-04-18,2305,55,Female,New York,2021-03-18,102,Jeans,Clothing,Brand B,75.0,1,75.0,In-Store
2078,2023-04-18,2327,21,Male,San Diego,2021-02-07,120,Cap,Accessories,Brand E,15.0,2,30.0,Online
3476,2023-04-19,2540,57,Male,San Diego,2021-11-10,107,Dress,Clothing,Brand B,65.0,1,65.0,In-Store
4437,2023-04-19,2679,28,Male,Miami,2022-10-05,113,Coat,Outerwear,Brand D,180.0,1,180.0,In-Store
4379,2023-04-19,2672,49,Female,Chicago,2023-01-12,113,Coat,Outerwear,Brand D,180.0,1,180.0,In-Store
1090,2023-04-19,2185,40,Female,San Diego,2022-03-26,114,Parka,Outerwear,Brand B,150.0,1,150.0,In-Store
1370,2023-04-19,2231,19,Male,New York,2022-08-06,107,Dress,Clothing,Brand B,65.0,1,65.0,Online
168,2023-04-19,2037,59,Male,Philadelphia,2021-10-17,101,T-shirt,Clothing,Brand A,25.0,1,25.0,Online
3902,2023-04-19,2600,58,Female,Houston,2022-04-14,108,Hoodie,Clothing,Brand C,55.0,2,110.0,In-Store
3806,2023-04-19,2584,55,Male,San Antonio,2021-10-26,108,Hoodie,Clothing,Brand C,55.0,1,55.0,In-Store
2155,2023-04-19,2340,27,Male,Los Angeles,2022-04-26,119,Sunglasses,Accessories,Brand C,45.0,1,45.0,Online
3289,2023-04-19,2515,23,Female,San Antonio,2022-03-31,106,Shirt,Clothing,Brand A,40.0,1,40.0,Online
491,2023-04-19,2088,26,Female,San Diego,2022-08-05,108,Hoodie,Clothing,Brand C,55.0,2,110.0,Online
3052,2023-04-20,2471,64,Female,Chicago,2023-04-04,107,Dress,Clothing,Brand B,65.0,1,65.0,In-Store
4744,2023-04-20,2725,22,Male,Houston,2023-03-04,103,Sneakers,Footwear,Brand C,30.0,3,90.0,Online
1288,2023-04-20,2219,37,Female,Los Angeles,2022-10-08,105,Hat,Accessories,Brand E,22.5,1,22.5,In-Store
3635,2023-04-20,2559,18,Female,San Diego,2021-09-19,120,Cap,Accessories,Brand E,15.0,2,30.0,In-Store
2801,2023-04-20,2426,39,Female,New York,2021-08-25,113,Coat,Outerwear,Brand D,180.0,2,360.0,In-Store
704,2023-04-20,2117,55,Male,Dallas,2023-04-19,118,Bag,Accessories,Brand B,60.0,1,60.0,Online
197,2023-04-20,2042,22,Female,Dallas,2022-03-23,119,Sunglasses,Accessories,Brand C,45.0,2,90.0,Online
3625,2023-04-21,2558,55,Male,Dallas,2023-02-08,114,Parka,Outerwear,Brand B,150.0,1,150.0,In-Store
2661,2023-04-21,2409,28,Female,Miami,2021-03-20,104,Jacket,Outerwear,Brand D,120.0,1,120.0,In-Store
1236,2023-04-21,2210,42,Female,Chicago,2023-03-31,117,Scarf,Accessories,Brand E,18.0,1,18.0,In-Store
3290,2023-04-21,2515,23,Female,San Antonio,2022-03-31,109,Shorts,Clothing,Brand E,30.0,1,30.0,Online
185,2023-04-21,2038,24,Female,Philadelphia,2022-12-03,117,Scarf,Accessories,Brand E,18.0,1,18.0,Online
1598,2023-04-21,2270,57,Male,Los Angeles,2021-11-23,106,Shirt,Clothing,Brand A,40.0,1,40.0,Online
3398,2023-04-21,2528,27,Female,New York,2022-09-27,106,Shirt,Clothing,Brand A,40.0,1,40.0,Online
4161,2023-04-22,2639,22,Male,Chicago,2022-09-27,109,Shorts,Clothing,Brand E,30.0,1,30.0,Online
675,2023-04-22,2113,53,Male,Dallas,2023-01-22,113,Coat,Outerwear,Brand D,180.0,1,180.0,In-Store
579,2023-04-22,2101,41,Female,Phoenix,2021-06-14,113,Coat,Outerwear,Brand D,180.0,1,180.0,In-Store
4061,2023-04-22,2623,24,Male,Philadelphia,2021-12-29,103,Sneakers,Footwear,Brand C,30.0,1,30.0,In-Store
4523,2023-04-22,2695,49,Female,Houston,2021-09-22,106,Shirt,Clothing,Brand A,40.0,2,80.0,In-Store
2172,2023-04-22,2342,21,Male,Los Angeles,2021-08-07,120,Cap,Accessories,Brand E,15.0,3,45.0,Online
2980,2023-04-22,2455,19,Male,Philadelphia,2021-11-15,116,Belt,Accessories,Brand A,20.0,1,20.0,Online
4570,2023-04-22,2702,53,Female,Miami,2021-12-08,110,Boots,Footwear,Brand D,110.0,2,220.0,In-Store
1152,2023-04-22,2193,55,Female,Miami,2023-02-23,106,Shirt,Clothing,Brand A,40.0,1,40.0,In-Store
386,2023-04-22,2074,21,Female,San Antonio,2022-08-20,101,T-shirt,Clothing,Brand A,25.0,1,25.0,Online
890,2023-04-22,2154,63,Male,Dallas,2021-07-06,113,Coat,Outerwear,Brand D,180.0,1,180.0,Online
3226,2023-04-22,2503,51,Male,Phoenix,2022-09-12,113,Coat,Outerwear,Brand D,180.0,2,360.0,In-Store
1610,2023-04-22,2271,26,Male,Philadelphia,2021-09-27,119,Sunglasses,Accessories,Brand C,45.0,3,135.0,In-Store
2258,2023-04-22,2357,26,Female,San Diego,2022-10-11,108,Hoodie,Clothing,Brand C,55.0,2,110.0,In-Store
369,2023-04-22,2072,20,Female,Chicago,2022-02-12,109,Shorts,Clothing,Brand E,30.0,1,30.0,Online
407,2023-04-23,2075,38,Female,Miami,2022-05-11,113,Coat,Outerwear,Brand D,180.0,1,180.0,Online
3892,2023-04-23,2596,54,Female,San Diego,2021-02-10,115,Blazer,Outerwear,Brand A,130.0,1,130.0,In-Store
3910,2023-04-23,2602,63,Female,Phoenix,2021-01-22,106,Shirt,Clothing,Brand A,40.0,1,40.0,In-Store
3389,2023-04-23,2526,23,Female,San Diego,2021-02-28,107,Dress,Clothing,Brand B,65.0,1,65.0,In-Store
4130,2023-04-23,2634,38,Female,Philadelphia,2021-04-07,108,Hoodie,Clothing,Brand C,55.0,1,55.0,In-Store
19,2023-04-24,2011,22,Female,Chicago,2021-01-18,107,Dress,Clothing,Brand B,65.0,1,65.0,Online
614,2023-04-24,2105,23,Male,Los Angeles,2021-02-22,103,Sneakers,Footwear,Brand C,30.0,1,30.0,Online
597,2023-04-24,2102,26,Male,Dallas,2022-05-14,107,Dress,Clothing,Brand B,65.0,3,195.0,In-Store
3267,2023-04-24,2508,18,Female,Miami,2023-03-03,106,Shirt,Clothing,Brand A,40.0,1,40.0,Online
4571,2023-04-24,2702,53,Female,Miami,2021-12-08,108,Hoodie,Clothing,Brand C,55.0,2,110.0,In-Store
1862,2023-04-24,2298,20,Male,Chicago,2021-07-27,106,Shirt,Clothing,Brand A,40.0,2,80.0,In-Store
650,2023-04-24,2110,45,Female,San Antonio,2021-02-14,114,Parka,Outerwear,Brand B,150.0,1,150.0,In-Store
211,2023-04-24,2044,18,Male,Miami,2021-05-25,103,Sneakers,Footwear,Brand C,30.0,1,30.0,Online
3149,2023-04-24,2492,51,Female,San Antonio,2022-12-18,108,Hoodie,Clothing,Brand C,55.0,2,110.0,In-Store
3796,2023-04-24,2583,23,Male,Miami,2021-10-10,101,T-shirt,Clothing,Brand A,25.0,1,25.0,Online
1091,2023-04-24,2185,40,Female,San Diego,2022-03-26,113,Coat,Outerwear,Brand D,180.0,1,180.0,Online
2609,2023-04-24,2404,28,Male,Chicago,2022-05-31,109,Shorts,Clothing,Brand E,30.0,1,30.0,In-Store
342,2023-04-24,2070,24,Male,San Antonio,2023-01-13,105,Hat,Accessories,Brand E,22.5,4,90.0,In-Store
1778,2023-04-24,2292,21,Female,Houston,2022-10-12,120,Cap,Accessories,Brand E,15.0,2,30.0,Online
81,2023-04-24,2022,36,Male,Chicago,2021-05-20,113,Coat,Outerwear,Brand D,180.0,1,180.0,In-Store
1965,2023-04-25,2314,48,Male,Houston,2021-05-11,114,Parka,Outerwear,Brand B,150.0,1,150.0,In-Store
2981,2023-04-25,2455,19,Male,Philadelphia,2021-11-15,105,Hat,Accessories,Brand E,22.5,3,67.5,Online
3797,2023-04-25,2583,23,Male,Miami,2021-10-10,108,Hoodie,Clothing,Brand C,55.0,2,110.0,Online
3378,2023-04-25,2524,40,Male,Houston,2021-03-25,114,Parka,Outerwear,Brand B,150.0,1,150.0,In-Store
863,2023-04-26,2149,22,Male,Dallas,2023-02-22,117,Scarf,Accessories,Brand E,18.0,1,18.0,In-Store
1704,2023-04-26,2282,26,Male,Los Angeles,2021-10-23,107,Dress,Clothing,Brand B,65.0,1,65.0,Online
1240,2023-04-26,2212,30,Male,San Antonio,2022-03-13,117,Scarf,Accessories,Brand E,18.0,3,54.0,In-Store
2500,2023-04-26,2389,30,Female,Los Angeles,2022-10-16,115,Blazer,Outerwear,Brand A,130.0,1,130.0,In-Store
640,2023-04-26,2109,21,Female,New York,2022-04-01,120,Cap,Accessories,Brand E,15.0,1,15.0,Online
3291,2023-04-27,2515,23,Female,San Antonio,2022-03-31,117,Scarf,Accessories,Brand E,18.0,1,18.0,Online
123,2023-04-27,2029,31,Male,Miami,2022-01-30,105,Hat,Accessories,Brand E,22.5,1,22.5,Online
324,2023-04-27,2068,37,Female,San Diego,2022-01-22,115,Blazer,Outerwear,Brand A,130.0,1,130.0,Online
4639,2023-04-27,2713,24,Female,New York,2021-06-30,116,Belt,Accessories,Brand A,20.0,4,80.0,In-Store
2337,2023-04-27,2366,60,Female,Miami,2022-06-30,101,T-shirt,Clothing,Brand A,25.0,1,25.0,In-Store
321,2023-04-27,2066,23,Female,Miami,2022-10-13,120,Cap,Accessories,Brand E,15.0,1,15.0,In-Store
1702,2023-04-27,2280,23,Male,Dallas,2021-08-13,108,Hoodie,Clothing,Brand C,55.0,1,55.0,Online
4720,2023-04-27,2723,39,Female,Phoenix,2021-02-27,113,Coat,Outerwear,Brand D,180.0,1,180.0,In-Store
3781,2023-04-27,2581,20,Female,Los Angeles,2022-09-03,106,Shirt,Clothing,Brand A,40.0,1,40.0,Online
1578,2023-04-27,2267,47,Male,Miami,2022-11-01,104,Jacket,Outerwear,Brand D,120.0,1,120.0,In-Store
4555,2023-04-28,2700,55,Male,Los Angeles,2023-02-03,108,Hoodie,Clothing,Brand C,55.0,1,55.0,In-Store
1645,2023-04-28,2275,53,Male,San Diego,2021-09-28,104,Jacket,Outerwear,Brand D,120.0,1,120.0,In-Store
4341,2023-04-28,2667,37,Female,Dallas,2022-06-10,113,Coat,Outerwear,Brand D,180.0,1,180.0,In-Store
3268,2023-04-28,2508,18,Female,Miami,2023-03-03,101,T-shirt,Clothing,Brand A,25.0,1,25.0,Online
2859,2023-04-28,2438,47,Male,Miami,2022-05-12,114,Parka,Outerwear,Brand B,150.0,1,150.0,In-Store
3931,2023-04-28,2603,24,Male,San Diego,2022-02-18,109,Shorts,Clothing,Brand E,30.0,2,60.0,Online
936,2023-04-28,2162,37,Female,Houston,2021-11-16,113,Coat,Outerwear,Brand D,180.0,1,180.0,Online
1816,2023-04-28,2296,48,Male,Dallas,2021-11-30,106,Shirt,Clothing,Brand A,40.0,1,40.0,In-Store
3547,2023-04-28,2548,26,Female,Los Angeles,2021-04-15,109,Shorts,Clothing,Brand E,30.0,1,30.0,Online
82,2023-04-28,2022,36,Male,Chicago,2021-05-20,113,Coat,Outerwear,Brand D,180.0,1,180.0,Online
3097,2023-04-28,2482,52,Male,Chicago,2022-03-27,115,Blazer,Outerwear,Brand A,130.0,1,130.0,In-Store
4455,2023-04-29,2682,23,Male,Miami,2022-12-08,101,T-shirt,Clothing,Brand A,25.0,3,75.0,Online
5045,2023-04-29,2764,48,Male,San Antonio,2021-05-16,101,T-shirt,Clothing,Brand A,25.0,2,50.0,Online
2110,2023-04-29,2334,51,Male,Los Angeles,2021-12-14,108,Hoodie,Clothing,Brand C,55.0,2,110.0,In-Store
2229,2023-04-29,2351,52,Male,New York,2021-05-03,114,Parka,Outerwear,Brand B,150.0,1,150.0,In-Store
2673,2023-04-29,2410,59,Male,Los Angeles,2021-12-24,109,Shorts,Clothing,Brand E,30.0,1,30.0,In-Store
3494,2023-04-30,2543,35,Male,Dallas,2023-03-01,113,Coat,Outerwear,Brand D,180.0,1,180.0,In-Store
2904,2023-04-30,2443,18,Male,Philadelphia,2021-08-03,103,Sneakers,Footwear,Brand C,30.0,1,30.0,In-Store
1057,2023-05-01,2180,21,Male,Phoenix,2022-11-08,105,Hat,Accessories,Brand E,22.5,1,22.5,Online
1478,2023-05-01,2250,48,Male,New York,2021-08-14,110,Boots,Footwear,Brand D,110.0,2,220.0,Online
834,2023-05-01,2145,46,Male,Houston,2021-09-09,112,Running Shoes,Footwear,Brand C,85.0,1,85.0,In-Store
313,2023-05-01,2061,38,Male,Chicago,2021-03-15,114,Parka,Outerwear,Brand B,150.0,1,150.0,Online
1548,2023-05-01,2258,38,Female,Miami,2021-03-15,113,Coat,Outerwear,Brand D,180.0,1,180.0,Online
3276,2023-05-01,2513,25,Female,Dallas,2021-07-26,108,Hoodie,Clothing,Brand C,55.0,4,220.0,Online
1828,2023-05-02,2297,23,Female,Dallas,2021-05-17,109,Shorts,Clothing,Brand E,30.0,1,30.0,Online
3292,2023-05-02,2515,23,Female,San Antonio,2022-03-31,108,Hoodie,Clothing,Brand C,55.0,1,55.0,Online
4888,2023-05-02,2741,19,Male,Chicago,2023-04-10,103,Sneakers,Footwear,Brand C,30.0,2,60.0,Online
415,2023-05-02,2076,32,Male,Phoenix,2021-09-28,112,Running Shoes,Footwear,Brand C,85.0,1,85.0,In-Store
4981,2023-05-02,2752,44,Male,Dallas,2022-04-10,102,Jeans,Clothing,Brand B,75.0,1,75.0,In-Store
387,2023-05-02,2074,21,Female,San Antonio,2022-08-20,106,Shirt,Clothing,Brand A,40.0,2,80.0,Online
849,2023-05-03,2147,24,Male,Chicago,2021-08-24,112,Running Shoes,Footwear,Brand C,85.0,1,85.0,Online
4237,2023-05-03,2652,21,Male,Philadelphia,2022-10-19,109,Shorts,Clothing,Brand E,30.0,2,60.0,Online
4456,2023-05-03,2682,23,Male,Miami,2022-12-08,116,Belt,Accessories,Brand A,20.0,1,20.0,In-Store
1863,2023-05-03,2298,20,Male,Chicago,2021-07-27,120,Cap,Accessories,Brand E,15.0,3,45.0,Online
2501,2023-05-03,2389,30,Female,Los Angeles,2022-10-16,113,Coat,Outerwear,Brand D,180.0,1,180.0,Online
4956,2023-05-03,2750,20,Female,Los Angeles,2021-07-20,103,Sneakers,Footwear,Brand C,30.0,1,30.0,Online
1646,2023-05-03,2275,53,Male,San Diego,2021-09-28,113,Coat,Outerwear,Brand D,180.0,2,360.0,In-Store
4517,2023-05-03,2694,33,Male,Los Angeles,2022-02-27,114,Parka,Outerwear,Brand B,150.0,1,150.0,In-Store
2249,2023-05-03,2356,20,Female,Houston,2021-12-28,103,Sneakers,Footwear,Brand C,30.0,1,30.0,Online
169,2023-05-03,2037,59,Male,Philadelphia,2021-10-17,109,Shorts,Clothing,Brand E,30.0,1,30.0,In-Store
598,2023-05-03,2102,26,Male,Dallas,2022-05-14,106,Shirt,Clothing,Brand A,40.0,1,40.0,Online
1864,2023-05-04,2298,20,Male,Chicago,2021-07-27,117,Scarf,Accessories,Brand E,18.0,3,54.0,Online
4457,2023-05-04,2682,23,Male,Miami,2022-12-08,120,Cap,Accessories,Brand E,15.0,5,75.0,Online
2241,2023-05-04,2355,54,Male,New York,2021-03-10,108,Hoodie,Clothing,Brand C,55.0,2,110.0,In-Store
1371,2023-05-04,2231,19,Male,New York,2022-08-06,106,Shirt,Clothing,Brand A,40.0,2,80.0,Online
504,2023-05-04,2090,58,Male,San Antonio,2022-07-15,108,Hoodie,Clothing,Brand C,55.0,2,110.0,In-Store
3004,2023-05-04,2460,56,Female,San Diego,2021-04-05,103,Sneakers,Footwear,Brand C,30.0,1,30.0,In-Store
952,2023-05-04,2166,29,Female,Los Angeles,2022-12-22,118,Bag,Accessories,Brand B,60.0,2,120.0,Online
3772,2023-05-04,2579,56,Female,Dallas,2022-09-21,106,Shirt,Clothing,Brand A,40.0,1,40.0,In-Store
828,2023-05-04,2139,23,Female,San Antonio,2023-01-06,102,Jeans,Clothing,Brand B,75.0,1,75.0,In-Store
3179,2023-05-05,2496,23,Female,Chicago,2021-04-22,116,Belt,Accessories,Brand A,20.0,1,20.0,Online
4472,2023-05-05,2683,20,Male,Miami,2022-03-13,117,Scarf,Accessories,Brand E,18.0,1,18.0,In-Store
2207,2023-05-05,2346,22,Male,San Diego,2022-11-25,116,Belt,Accessories,Brand A,20.0,1,20.0,Online
705,2023-05-05,2117,55,Male,Dallas,2023-04-19,110,Boots,Footwear,Brand D,110.0,1,110.0,In-Store
4394,2023-05-05,2673,19,Male,Houston,2021-12-12,109,Shorts,Clothing,Brand E,30.0,1,30.0,Online
864,2023-05-05,2149,22,Male,Dallas,2023-02-22,101,T-shirt,Clothing,Brand A,25.0,1,25.0,Online
1241,2023-05-06,2212,30,Male,San Antonio,2022-03-13,103,Sneakers,Footwear,Brand C,30.0,2,60.0,Online
4572,2023-05-06,2702,53,Female,Miami,2021-12-08,108,Hoodie,Clothing,Brand C,55.0,1,55.0,In-Store
1629,2023-05-06,2272,51,Male,San Antonio,2022-04-22,102,Jeans,Clothing,Brand B,75.0,2,150.0,In-Store
550,2023-05-06,2097,56,Male,Phoenix,2021-05-03,108,Hoodie,Clothing,Brand C,55.0,1,55.0,In-Store
1447,2023-05-07,2245,23,Female,Chicago,2021-07-05,105,Hat,Accessories,Brand E,22.5,1,22.5,Online
609,2023-05-07,2104,42,Male,Los Angeles,2022-05-14,113,Coat,Outerwear,Brand D,180.0,1,180.0,In-Store
3659,2023-05-07,2562,20,Male,New York,2021-09-10,111,Sandals,Footwear,Brand E,35.0,2,70.0,Online
2345,2023-05-07,2367,19,Female,San Diego,2021-06-02,109,Shorts,Clothing,Brand E,30.0,2,60.0,Online
1752,2023-05-07,2289,45,Male,Los Angeles,2021-07-31,114,Parka,Outerwear,Brand B,150.0,2,300.0,In-Store
1318,2023-05-07,2223,43,Female,Los Angeles,2022-01-08,113,Coat,Outerwear,Brand D,180.0,2,360.0,In-Store
2758,2023-05-08,2421,19,Male,Phoenix,2022-12-20,117,Scarf,Accessories,Brand E,18.0,2,36.0,Online
1955,2023-05-08,2310,26,Female,Dallas,2022-08-09,120,Cap,Accessories,Brand E,15.0,1,15.0,In-Store
4640,2023-05-08,2713,24,Female,New York,2021-06-30,107,Dress,Clothing,Brand B,65.0,1,65.0,Online
3495,2023-05-08,2543,35,Male,Dallas,2023-03-01,114,Parka,Outerwear,Brand B,150.0,1,150.0,In-Store
2290,2023-05-08,2361,19,Female,San Antonio,2023-02-27,118,Bag,Accessories,Brand B,60.0,2,120.0,Online
3293,2023-05-08,2515,23,Female,San Antonio,2022-03-31,103,Sneakers,Footwear,Brand C,30.0,1,30.0,Online
1829,2023-05-08,2297,23,Female,Dallas,2021-05-17,108,Hoodie,Clothing,Brand C,55.0,1,55.0,Online
4102,2023-05-08,2625,19,Female,Chicago,2021-01-15,101,T-shirt,Clothing,Brand A,25.0,1,25.0,Online
1479,2023-05-09,2250,48,Male,New York,2021-08-14,103,Sneakers,Footwear,Brand C,30.0,2,60.0,Online
359,2023-05-09,2071,32,Female,Miami,2022-08-31,107,Dress,Clothing,Brand B,65.0,1,65.0,In-Store
2007,2023-05-09,2320,54,Female,Phoenix,2022-02-04,102,Jeans,Clothing,Brand B,75.0,2,150.0,In-Store
3089,2023-05-09,2477,41,Female,Philadelphia,2021-08-22,110,Boots,Footwear,Brand D,110.0,1,110.0,In-Store
505,2023-05-09,2090,58,Male,San Antonio,2022-07-15,119,Sunglasses,Accessories,Brand C,45.0,1,45.0,In-Store
4358,2023-05-09,2670,24,Male,Miami,2021-09-15,101,T-shirt,Clothing,Brand A,25.0,1,25.0,Online
3035,2023-05-09,2468,27,Male,San Antonio,2023-02-08,108,Hoodie,Clothing,Brand C,55.0,1,55.0,Online
957,2023-05-09,2167,25,Female,Phoenix,2022-09-25,106,Shirt,Clothing,Brand A,40.0,1,40.0,Online
4641,2023-05-09,2713,24,Female,New York,2021-06-30,106,Shirt,Clothing,Brand A,40.0,2,80.0,Online
4201,2023-05-09,2647,67,Female,Phoenix,2022-06-10,106,Shirt,Clothing,Brand A,40.0,2,80.0,Online
4823,2023-05-09,2734,55,Male,Phoenix,2022-03-12,114,Parka,Outerwear,Brand B,150.0,1,150.0,In-Store
456,2023-05-09,2085,21,Male,Phoenix,2021-03-18,108,Hoodie,Clothing,Brand C,55.0,1,55.0,In-Store
1801,2023-05-09,2293,60,Female,Los Angeles,2021-05-26,103,Sneakers,Footwear,Brand C,30.0,1,30.0,In-Store
1753,2023-05-09,2289,45,Male,Los Angeles,2021-07-31,107,Dress,Clothing,Brand B,65.0,2,130.0,In-Store
4162,2023-05-09,2639,22,Male,Chicago,2022-09-27,109,Shorts,Clothing,Brand E,30.0,1,30.0,Online
4395,2023-05-10,2673,19,Male,Houston,2021-12-12,108,Hoodie,Clothing,Brand C,55.0,2,110.0,Online
2952,2023-05-10,2451,43,Female,San Diego,2022-11-12,113,Coat,Outerwear,Brand D,180.0,1,180.0,In-Store
580,2023-05-10,2101,41,Female,Phoenix,2021-06-14,113,Coat,Outerwear,Brand D,180.0,1,180.0,Online
850,2023-05-11,2147,24,Male,Chicago,2021-08-24,106,Shirt,Clothing,Brand A,40.0,3,120.0,Online
3596,2023-05-11,2553,22,Male,Chicago,2022-08-23,105,Hat,Accessories,Brand E,22.5,2,45.0,Online
2502,2023-05-11,2389,30,Female,Los Angeles,2022-10-16,113,Coat,Outerwear,Brand D,180.0,1,180.0,In-Store
996,2023-05-11,2173,37,Female,Chicago,2021-09-15,113,Coat,Outerwear,Brand D,180.0,1,180.0,Online
706,2023-05-11,2117,55,Male,Dallas,2023-04-19,107,Dress,Clothing,Brand B,65.0,1,65.0,In-Store
2810,2023-05-11,2428,37,Female,San Antonio,2021-09-09,115,Blazer,Outerwear,Brand A,130.0,1,130.0,Online
5041,2023-05-12,2762,23,Male,Philadelphia,2021-01-18,105,Hat,Accessories,Brand E,22.5,1,22.5,Online
360,2023-05-12,2071,32,Female,Miami,2022-08-31,113,Coat,Outerwear,Brand D,180.0,2,360.0,In-Store
2219,2023-05-12,2349,28,Female,Houston,2022-02-24,104,Jacket,Outerwear,Brand D,120.0,1,120.0,Online
2568,2023-05-12,2398,19,Male,San Antonio,2022-10-18,106,Shirt,Clothing,Brand A,40.0,2,80.0,Online
1201,2023-05-12,2204,47,Male,Miami,2021-09-21,117,Scarf,Accessories,Brand E,18.0,3,54.0,Online
4202,2023-05-12,2647,67,Female,Phoenix,2022-06-10,114,Parka,Outerwear,Brand B,150.0,1,150.0,In-Store
3770,2023-05-12,2578,20,Female,Philadelphia,2022-05-13,116,Belt,Accessories,Brand A,20.0,2,40.0,Online
1104,2023-05-13,2188,40,Female,Miami,2021-03-03,113,Coat,Outerwear,Brand D,180.0,1,180.0,Online
1065,2023-05-14,2181,43,Female,Chicago,2021-10-25,113,Coat,Outerwear,Brand D,180.0,1,180.0,Online
1599,2023-05-14,2270,57,Male,Los Angeles,2021-11-23,106,Shirt,Clothing,Brand A,40.0,1,40.0,In-Store
4473,2023-05-14,2683,20,Male,Miami,2022-03-13,105,Hat,Accessories,Brand E,22.5,2,45.0,Online
457,2023-05-14,2085,21,Male,Phoenix,2021-03-18,119,Sunglasses,Accessories,Brand C,45.0,1,45.0,In-Store
3098,2023-05-14,2482,52,Male,Chicago,2022-03-27,111,Sandals,Footwear,Brand E,35.0,1,35.0,In-Store
4359,2023-05-14,2670,24,Male,Miami,2021-09-15,103,Sneakers,Footwear,Brand C,30.0,2,60.0,Online
3116,2023-05-14,2483,21,Male,Phoenix,2021-12-06,118,Bag,Accessories,Brand B,60.0,2,120.0,In-Store
3139,2023-05-14,2486,33,Male,Los Angeles,2023-03-28,114,Parka,Outerwear,Brand B,150.0,1,150.0,Online
1329,2023-05-14,2224,18,Female,Miami,2022-01-03,117,Scarf,Accessories,Brand E,18.0,1,18.0,In-Store
3911,2023-05-14,2602,63,Female,Phoenix,2021-01-22,110,Boots,Footwear,Brand D,110.0,1,110.0,In-Store
3431,2023-05-14,2532,41,Male,San Diego,2021-03-11,109,Shorts,Clothing,Brand E,30.0,1,30.0,In-Store
240,2023-05-15,2049,23,Male,Phoenix,2022-07-21,119,Sunglasses,Accessories,Brand C,45.0,3,135.0,Online
1959,2023-05-15,2311,43,Female,Phoenix,2023-04-17,103,Sneakers,Footwear,Brand C,30.0,1,30.0,In-Store
4957,2023-05-15,2750,20,Female,Los Angeles,2021-07-20,107,Dress,Clothing,Brand B,65.0,3,195.0,Online
5248,2023-05-15,2791,53,Male,Houston,2022-04-08,117,Scarf,Accessories,Brand E,18.0,1,18.0,In-Store
1902,2023-05-15,2305,55,Female,New York,2021-03-18,104,Jacket,Outerwear,Brand D,120.0,2,240.0,In-Store
3294,2023-05-15,2515,23,Female,San Antonio,2022-03-31,102,Jeans,Clothing,Brand B,75.0,1,75.0,Online
4626,2023-05-15,2712,21,Male,Dallas,2021-06-23,106,Shirt,Clothing,Brand A,40.0,2,80.0,In-Store
2346,2023-05-15,2367,19,Female,San Diego,2021-06-02,105,Hat,Accessories,Brand E,22.5,1,22.5,Online
4507,2023-05-15,2693,42,Female,Los Angeles,2021-12-16,115,Blazer,Outerwear,Brand A,130.0,1,130.0,In-Store
941,2023-05-16,2163,35,Male,Miami,2021-06-07,114,Parka,Outerwear,Brand B,150.0,1,150.0,In-Store
1994,2023-05-16,2318,40,Male,Los Angeles,2022-03-07,113,Coat,Outerwear,Brand D,180.0,1,180.0,In-Store
2953,2023-05-16,2451,43,Female,San Diego,2022-11-12,114,Parka,Outerwear,Brand B,150.0,1,150.0,Online
116,2023-05-16,2028,34,Female,Philadelphia,2021-10-31,113,Coat,Outerwear,Brand D,180.0,1,180.0,Online
4227,2023-05-16,2651,20,Female,Miami,2022-03-04,106,Shirt,Clothing,Brand A,40.0,1,40.0,Online
4103,2023-05-16,2625,19,Female,Chicago,2021-01-15,103,Sneakers,Footwear,Brand C,30.0,2,60.0,Online
2173,2023-05-16,2342,21,Male,Los Angeles,2021-08-07,104,Jacket,Outerwear,Brand D,120.0,1,120.0,Online
3597,2023-05-16,2553,22,Male,Chicago,2022-08-23,116,Belt,Accessories,Brand A,20.0,1,20.0,Online
4573,2023-05-17,2702,53,Female,Miami,2021-12-08,115,Blazer,Outerwear,Brand A,130.0,2,260.0,In-Store
4108,2023-05-17,2627,26,Female,Phoenix,2021-11-05,101,T-shirt,Clothing,Brand A,25.0,1,25.0,Online
1434,2023-05-17,2243,19,Female,Houston,2021-11-29,111,Sandals,Footwear,Brand E,35.0,1,35.0,Online
2331,2023-05-18,2365,28,Male,Philadelphia,2021-11-25,109,Shorts,Clothing,Brand E,30.0,2,60.0,In-Store
1705,2023-05-18,2282,26,Male,Los Angeles,2021-10-23,103,Sneakers,Footwear,Brand C,30.0,1,30.0,Online
4500,2023-05-18,2690,31,Male,Phoenix,2022-02-11,120,Cap,Accessories,Brand E,15.0,1,15.0,Online
2156,2023-05-18,2340,27,Male,Los Angeles,2022-04-26,116,Belt,Accessories,Brand A,20.0,2,40.0,Online
4663,2023-05-18,2716,20,Male,New York,2023-03-11,119,Sunglasses,Accessories,Brand C,45.0,1,45.0,Online
1561,2023-05-18,2263,30,Male,San Diego,2021-01-05,113,Coat,Outerwear,Brand D,180.0,2,360.0,Online
997,2023-05-19,2173,37,Female,Chicago,2021-09-15,113,Coat,Outerwear,Brand D,180.0,1,180.0,In-Store
4745,2023-05-19,2725,22,Male,Houston,2023-03-04,111,Sandals,Footwear,Brand E,35.0,1,35.0,Online
5135,2023-05-19,2778,40,Female,San Diego,2021-11-02,102,Jeans,Clothing,Brand B,75.0,1,75.0,In-Store
4396,2023-05-19,2673,19,Male,Houston,2021-12-12,103,Sneakers,Footwear,Brand C,30.0,2,60.0,Online
343,2023-05-19,2070,24,Male,San Antonio,2023-01-13,101,T-shirt,Clothing,Brand A,25.0,3,75.0,In-Store
3244,2023-05-19,2506,23,Female,New York,2023-05-17,105,Hat,Accessories,Brand E,22.5,1,22.5,Online
3496,2023-05-19,2543,35,Male,Dallas,2023-03-01,113,Coat,Outerwear,Brand D,180.0,1,180.0,Online
1017,2023-05-19,2175,23,Male,Philadelphia,2021-06-01,101,T-shirt,Clothing,Brand A,25.0,1,25.0,Online
3227,2023-05-20,2503,51,Male,Phoenix,2022-09-12,112,Running Shoes,Footwear,Brand C,85.0,1,85.0,In-Store
1688,2023-05-20,2279,21,Female,Houston,2021-04-14,117,Scarf,Accessories,Brand E,18.0,2,36.0,Online
3575,2023-05-20,2551,21,Female,San Antonio,2021-10-14,109,Shorts,Clothing,Brand E,30.0,1,30.0,In-Store
1175,2023-05-20,2198,33,Female,Dallas,2022-08-30,117,Scarf,Accessories,Brand E,18.0,1,18.0,Online
2427,2023-05-20,2374,48,Female,San Diego,2021-06-29,114,Parka,Outerwear,Brand B,150.0,1,150.0,Online
5101,2023-05-20,2771,50,Female,Phoenix,2022-12-26,114,Parka,Outerwear,Brand B,150.0,1,150.0,In-Store
4937,2023-05-21,2746,40,Male,Dallas,2021-12-14,113,Coat,Outerwear,Brand D,180.0,1,180.0,Online
4858,2023-05-21,2737,20,Male,Philadelphia,2023-04-17,118,Bag,Accessories,Brand B,60.0,2,120.0,Online
2604,2023-05-21,2401,34,Male,Los Angeles,2022-08-07,114,Parka,Outerwear,Brand B,150.0,1,150.0,Online
4175,2023-05-22,2642,52,Female,San Antonio,2021-03-19,115,Blazer,Outerwear,Brand A,130.0,1,130.0,In-Store
4163,2023-05-22,2639,22,Male,Chicago,2022-09-27,111,Sandals,Footwear,Brand E,35.0,1,35.0,Online
4097,2023-05-22,2624,20,Male,San Antonio,2022-06-08,111,Sandals,Footwear,Brand E,35.0,2,70.0,Online
4062,2023-05-23,2623,24,Male,Philadelphia,2021-12-29,117,Scarf,Accessories,Brand E,18.0,1,18.0,Online
2759,2023-05-23,2421,19,Male,Phoenix,2022-12-20,107,Dress,Clothing,Brand B,65.0,2,130.0,Online
641,2023-05-23,2109,21,Female,New York,2022-04-01,117,Scarf,Accessories,Brand E,18.0,2,36.0,Online
4664,2023-05-23,2716,20,Male,New York,2023-03-11,110,Boots,Footwear,Brand D,110.0,1,110.0,Online
432,2023-05-23,2082,24,Female,Chicago,2021-06-17,111,Sandals,Footwear,Brand E,35.0,1,35.0,Online
4015,2023-05-24,2616,54,Male,Houston,2021-09-04,107,Dress,Clothing,Brand B,65.0,1,65.0,In-Store
4484,2023-05-24,2687,47,Male,San Antonio,2021-04-14,118,Bag,Accessories,Brand B,60.0,2,120.0,In-Store
1630,2023-05-24,2272,51,Male,San Antonio,2022-04-22,106,Shirt,Clothing,Brand A,40.0,1,40.0,In-Store
4360,2023-05-24,2670,24,Male,Miami,2021-09-15,120,Cap,Accessories,Brand E,15.0,3,45.0,Online
40,2023-05-24,2014,38,Female,Phoenix,2021-05-29,113,Coat,Outerwear,Brand D,180.0,1,180.0,Online
1754,2023-05-24,2289,45,Male,Los Angeles,2021-07-31,101,T-shirt,Clothing,Brand A,25.0,1,25.0,Online
3066,2023-05-24,2473,18,Male,San Diego,2022-05-13,101,T-shirt,Clothing,Brand A,25.0,2,50.0,In-Store
4721,2023-05-24,2723,39,Female,Phoenix,2021-02-27,114,Parka,Outerwear,Brand B,150.0,1,150.0,Online
3295,2023-05-24,2515,23,Female,San Antonio,2022-03-31,112,Running Shoes,Footwear,Brand C,85.0,2,170.0,Online
4111,2023-05-25,2630,51,Female,San Antonio,2022-07-05,109,Shorts,Clothing,Brand E,30.0,1,30.0,Online
2684,2023-05-25,2411,45,Male,Chicago,2021-04-28,108,Hoodie,Clothing,Brand C,55.0,1,55.0,In-Store
4438,2023-05-25,2679,28,Male,Miami,2022-10-05,113,Coat,Outerwear,Brand D,180.0,1,180.0,Online
3245,2023-05-25,2506,23,Female,New York,2023-05-17,102,Jeans,Clothing,Brand B,75.0,1,75.0,Online
1367,2023-05-25,2230,36,Female,Philadelphia,2021-08-01,114,Parka,Outerwear,Brand B,150.0,1,150.0,In-Store
2831,2023-05-25,2431,42,Female,Phoenix,2021-03-15,107,Dress,Clothing,Brand B,65.0,1,65.0,In-Store
542,2023-05-25,2095,53,Male,Philadelphia,2021-07-08,106,Shirt,Clothing,Brand A,40.0,1,40.0,Online
3331,2023-05-26,2518,18,Male,Dallas,2023-05-06,106,Shirt,Clothing,Brand A,40.0,1,40.0,Online
2954,2023-05-26,2451,43,Female,San Diego,2022-11-12,113,Coat,Outerwear,Brand D,180.0,1,180.0,In-Store
581,2023-05-26,2101,41,Female,Phoenix,2021-06-14,114,Parka,Outerwear,Brand B,150.0,1,150.0,In-Store
5090,2023-05-26,2770,26,Male,Chicago,2022-05-19,106,Shirt,Clothing,Brand A,40.0,1,40.0,Online
3165,2023-05-26,2494,67,Male,Dallas,2023-05-25,114,Parka,Outerwear,Brand B,150.0,1,150.0,In-Store
2685,2023-05-26,2411,45,Male,Chicago,2021-04-28,117,Scarf,Accessories,Brand E,18.0,1,18.0,In-Store
3838,2023-05-27,2588,36,Female,Los Angeles,2021-11-09,107,Dress,Clothing,Brand B,65.0,1,65.0,In-Store
1641,2023-05-27,2274,54,Female,Philadelphia,2021-05-10,116,Belt,Accessories,Brand A,20.0,1,20.0,In-Store
3932,2023-05-27,2603,24,Male,San Diego,2022-02-18,101,T-shirt,Clothing,Brand A,25.0,2,50.0,Online
809,2023-05-27,2138,59,Male,Phoenix,2023-04-10,102,Jeans,Clothing,Brand B,75.0,1,75.0,In-Store
733,2023-05-27,2122,23,Male,San Antonio,2022-08-15,102,Jeans,Clothing,Brand B,75.0,1,75.0,Online
4220,2023-05-27,2650,21,Female,Houston,2021-01-20,105,Hat,Accessories,Brand E,22.5,1,22.5,Online
4883,2023-05-27,2740,57,Male,Dallas,2022-06-25,101,T-shirt,Clothing,Brand A,25.0,1,25.0,Online
893,2023-05-27,2155,19,Female,Chicago,2023-01-02,101,T-shirt,Clothing,Brand A,25.0,3,75.0,In-Store
2291,2023-05-28,2361,19,Female,San Antonio,2023-02-27,103,Sneakers,Footwear,Brand C,30.0,2,60.0,Online
1567,2023-05-28,2265,41,Male,San Diego,2021-04-06,112,Running Shoes,Footwear,Brand C,85.0,1,85.0,In-Store
1487,2023-05-28,2252,62,Female,San Diego,2022-03-10,107,Dress,Clothing,Brand B,65.0,1,65.0,In-Store
744,2023-05-28,2124,52,Female,Dallas,2022-02-07,110,Boots,Footwear,Brand D,110.0,1,110.0,In-Store
2375,2023-05-28,2369,23,Male,Philadelphia,2022-03-04,105,Hat,Accessories,Brand E,22.5,1,22.5,Online
794,2023-05-28,2133,37,Female,Dallas,2021-08-01,113,Coat,Outerwear,Brand D,180.0,1,180.0,Online
1722,2023-05-29,2284,32,Female,San Diego,2022-06-23,114,Parka,Outerwear,Brand B,150.0,1,150.0,Online
1678,2023-05-29,2278,37,Male,Philadelphia,2022-01-26,110,Boots,Footwear,Brand D,110.0,1,110.0,Online
433,2023-05-29,2082,24,Female,Chicago,2021-06-17,103,Sneakers,Footwear,Brand C,30.0,4,120.0,Online
717,2023-05-29,2118,51,Male,Los Angeles,2022-11-15,109,Shorts,Clothing,Brand E,30.0,1,30.0,In-Store
1995,2023-05-30,2318,40,Male,Los Angeles,2022-03-07,114,Parka,Outerwear,Brand B,150.0,1,150.0,Online
2962,2023-05-30,2452,23,Male,Philadelphia,2021-07-28,105,Hat,Accessories,Brand E,22.5,1,22.5,Online
1319,2023-05-30,2223,43,Female,Los Angeles,2022-01-08,113,Coat,Outerwear,Brand D,180.0,1,180.0,Online
434,2023-05-30,2082,24,Female,Chicago,2021-06-17,116,Belt,Accessories,Brand A,20.0,2,40.0,Online
5021,2023-05-30,2761,22,Female,Dallas,2022-07-10,108,Hoodie,Clothing,Brand C,55.0,1,55.0,Online
5230,2023-05-30,2789,26,Female,San Antonio,2021-06-04,112,Running Shoes,Footwear,Brand C,85.0,1,85.0,Online
1830,2023-05-30,2297,23,Female,Dallas,2021-05-17,120,Cap,Accessories,Brand E,15.0,1,15.0,Online
458,2023-05-30,2085,21,Male,Phoenix,2021-03-18,101,T-shirt,Clothing,Brand A,25.0,2,50.0,Online
1018,2023-05-30,2175,23,Male,Philadelphia,2021-06-01,109,Shorts,Clothing,Brand E,30.0,1,30.0,Online
1431,2023-05-31,2242,36,Male,Los Angeles,2022-06-16,103,Sneakers,Footwear,Brand C,30.0,2,60.0,Online
1276,2023-05-31,2217,31,Female,San Diego,2022-07-31,113,Coat,Outerwear,Brand D,180.0,1,180.0,Online
276,2023-05-31,2052,25,Male,Houston,2021-11-02,101,T-shirt,Clothing,Brand A,25.0,4,100.0,Online
1115,2023-05-31,2189,41,Female,San Diego,2023-01-31,114,Parka,Outerwear,Brand B,150.0,1,150.0,Online
1368,2023-05-31,2230,36,Female,Philadelphia,2021-08-01,113,Coat,Outerwear,Brand D,180.0,1,180.0,Online
2212,2023-05-31,2348,30,Male,Miami,2022-02-02,109,Shorts,Clothing,Brand E,30.0,1,30.0,In-Store
3997,2023-05-31,2615,20,Male,New York,2023-05-06,105,Hat,Accessories,Brand E,22.5,1,22.5,Online
4016,2023-05-31,2616,54,Male,Houston,2021-09-04,115,Blazer,Outerwear,Brand A,130.0,1,130.0,In-Store
1515,2023-05-31,2255,43,Female,Philadelphia,2021-07-10,114,Parka,Outerwear,Brand B,150.0,2,300.0,Online
2860,2023-05-31,2438,47,Male,Miami,2022-05-12,106,Shirt,Clothing,Brand A,40.0,2,80.0,Online
4263,2023-05-31,2655,18,Female,Chicago,2021-02-09,107,Dress,Clothing,Brand B,65.0,1,65.0,Online
277,2023-06-01,2052,25,Male,Houston,2021-11-02,120,Cap,Accessories,Brand E,15.0,2,30.0,Online
4275,2023-06-01,2656,23,Female,New York,2021-01-22,109,Shorts,Clothing,Brand E,30.0,2,60.0,Online
1058,2023-06-01,2180,21,Male,Phoenix,2022-11-08,119,Sunglasses,Accessories,Brand C,45.0,1,45.0,Online
4774,2023-06-01,2728,20,Female,Houston,2023-03-06,111,Sandals,Footwear,Brand E,35.0,1,35.0,Online
134,2023-06-01,2032,35,Male,San Diego,2022-11-26,113,Coat,Outerwear,Brand D,180.0,1,180.0,In-Store
5102,2023-06-01,2771,50,Female,Phoenix,2022-12-26,114,Parka,Outerwear,Brand B,150.0,1,150.0,Online
2873,2023-06-02,2439,57,Female,Los Angeles,2022-08-13,112,Running Shoes,Footwear,Brand C,85.0,2,170.0,In-Store
1966,2023-06-02,2314,48,Male,Houston,2021-05-11,109,Shorts,Clothing,Brand E,30.0,1,30.0,In-Store
5211,2023-06-02,2787,42,Female,San Diego,2023-03-19,108,Hoodie,Clothing,Brand C,55.0,1,55.0,In-Store
1611,2023-06-02,2271,26,Male,Philadelphia,2021-09-27,105,Hat,Accessories,Brand E,22.5,1,22.5,Online
4682,2023-06-02,2717,20,Male,Los Angeles,2022-11-22,101,T-shirt,Clothing,Brand A,25.0,1,25.0,Online
3208,2023-06-02,2502,31,Female,San Diego,2021-02-09,113,Coat,Outerwear,Brand D,180.0,1,180.0,Online
3713,2023-06-02,2568,36,Female,Philadelphia,2022-09-08,115,Blazer,Outerwear,Brand A,130.0,1,130.0,Online
2811,2023-06-02,2428,37,Female,San Antonio,2021-09-09,114,Parka,Outerwear,Brand B,150.0,2,300.0,In-Store
3477,2023-06-03,2541,20,Female,Philadelphia,2023-05-06,103,Sneakers,Footwear,Brand C,30.0,1,30.0,Online
651,2023-06-03,2110,45,Female,San Antonio,2021-02-14,116,Belt,Accessories,Brand A,20.0,1,20.0,In-Store
5249,2023-06-03,2791,53,Male,Houston,2022-04-08,107,Dress,Clothing,Brand B,65.0,1,65.0,In-Store
4035,2023-06-03,2618,21,Male,Houston,2021-01-08,101,T-shirt,Clothing,Brand A,25.0,2,50.0,Online
615,2023-06-03,2105,23,Male,Los Angeles,2021-02-22,116,Belt,Accessories,Brand A,20.0,2,40.0,Online
5295,2023-06-03,2798,25,Female,Miami,2021-01-17,120,Cap,Accessories,Brand E,15.0,3,45.0,Online
1188,2023-06-03,2202,40,Female,New York,2022-05-05,114,Parka,Outerwear,Brand B,150.0,2,300.0,Online
1996,2023-06-03,2318,40,Male,Los Angeles,2022-03-07,113,Coat,Outerwear,Brand D,180.0,1,180.0,In-Store
4556,2023-06-03,2700,55,Male,Los Angeles,2023-02-03,115,Blazer,Outerwear,Brand A,130.0,1,130.0,In-Store
1242,2023-06-03,2212,30,Male,San Antonio,2022-03-13,117,Scarf,Accessories,Brand E,18.0,1,18.0,Online
2230,2023-06-04,2351,52,Male,New York,2021-05-03,115,Blazer,Outerwear,Brand A,130.0,1,130.0,Online
5240,2023-06-04,2790,57,Female,Philadelphia,2021-05-04,107,Dress,Clothing,Brand B,65.0,1,65.0,In-Store
3156,2023-06-04,2493,58,Female,Miami,2022-09-02,112,Running Shoes,Footwear,Brand C,85.0,1,85.0,In-Store
2760,2023-06-04,2421,19,Male,Phoenix,2022-12-20,106,Shirt,Clothing,Brand A,40.0,2,80.0,Online
4063,2023-06-04,2623,24,Male,Philadelphia,2021-12-29,116,Belt,Accessories,Brand A,20.0,1,20.0,Online
58,2023-06-05,2020,21,Female,San Diego,2023-03-08,101,T-shirt,Clothing,Brand A,25.0,2,50.0,In-Store
1728,2023-06-05,2286,43,Female,Phoenix,2022-03-11,113,Coat,Outerwear,Brand D,180.0,1,180.0,In-Store
4380,2023-06-05,2672,49,Female,Chicago,2023-01-12,102,Jeans,Clothing,Brand B,75.0,2,150.0,In-Store
3209,2023-06-05,2502,31,Female,San Diego,2021-02-09,114,Parka,Outerwear,Brand B,150.0,1,150.0,In-Store
3228,2023-06-05,2503,51,Male,Phoenix,2022-09-12,102,Jeans,Clothing,Brand B,75.0,1,75.0,In-Store
1078,2023-06-05,2183,47,Female,Los Angeles,2021-12-06,101,T-shirt,Clothing,Brand A,25.0,1,25.0,In-Store
2802,2023-06-05,2426,39,Female,New York,2021-08-25,114,Parka,Outerwear,Brand B,150.0,1,150.0,In-Store
2332,2023-06-05,2365,28,Male,Philadelphia,2021-11-25,102,Jeans,Clothing,Brand B,75.0,1,75.0,Online
676,2023-06-05,2113,53,Male,Dallas,2023-01-22,110,Boots,Footwear,Brand D,110.0,1,110.0,In-Store
41,2023-06-06,2014,38,Female,Phoenix,2021-05-29,104,Jacket,Outerwear,Brand D,120.0,1,120.0,In-Store
3700,2023-06-06,2567,26,Male,Miami,2023-05-30,116,Belt,Accessories,Brand A,20.0,3,60.0,Online
4946,2023-06-06,2748,43,Male,Phoenix,2022-01-07,112,Running Shoes,Footwear,Brand C,85.0,1,85.0,In-Store
5046,2023-06-06,2764,48,Male,San Antonio,2021-05-16,102,Jeans,Clothing,Brand B,75.0,1,75.0,In-Store
3680,2023-06-06,2564,22,Male,Phoenix,2023-03-18,103,Sneakers,Footwear,Brand C,30.0,1,30.0,In-Store
4746,2023-06-06,2725,22,Male,Houston,2023-03-04,105,Hat,Accessories,Brand E,22.5,1,22.5,Online
2888,2023-06-06,2441,19,Male,San Antonio,2022-11-09,117,Scarf,Accessories,Brand E,18.0,1,18.0,In-Store
3390,2023-06-06,2526,23,Female,San Diego,2021-02-28,120,Cap,Accessories,Brand E,15.0,1,15.0,Online
2589,2023-06-06,2399,19,Male,Los Angeles,2022-10-20,119,Sunglasses,Accessories,Brand C,45.0,1,45.0,Online
2982,2023-06-06,2455,19,Male,Philadelphia,2021-11-15,105,Hat,Accessories,Brand E,22.5,1,22.5,Online
3099,2023-06-07,2482,52,Male,Chicago,2022-03-27,116,Belt,Accessories,Brand A,20.0,1,20.0,In-Store
3277,2023-06-07,2513,25,Female,Dallas,2021-07-26,103,Sneakers,Footwear,Brand C,30.0,3,90.0,Online
4041,2023-06-07,2619,37,Female,San Diego,2022-01-27,113,Coat,Outerwear,Brand D,180.0,1,180.0,In-Store
3471,2023-06-07,2538,23,Male,Chicago,2022-07-08,111,Sandals,Footwear,Brand E,35.0,2,70.0,Online
3792,2023-06-07,2582,25,Male,Los Angeles,2021-05-30,109,Shorts,Clothing,Brand E,30.0,2,60.0,In-Store
1320,2023-06-08,2223,43,Female,Los Angeles,2022-01-08,114,Parka,Outerwear,Brand B,150.0,1,150.0,Online
4120,2023-06-08,2633,47,Male,San Diego,2023-03-26,107,Dress,Clothing,Brand B,65.0,1,65.0,In-Store
2428,2023-06-08,2374,48,Female,San Diego,2021-06-29,107,Dress,Clothing,Brand B,65.0,1,65.0,In-Store
3636,2023-06-08,2559,18,Female,San Diego,2021-09-19,106,Shirt,Clothing,Brand A,40.0,2,80.0,Online
976,2023-06-08,2170,55,Male,Miami,2023-05-25,106,Shirt,Clothing,Brand A,40.0,1,40.0,In-Store
4889,2023-06-08,2741,19,Male,Chicago,2023-04-10,112,Running Shoes,Footwear,Brand C,85.0,5,425.0,Online
958,2023-06-08,2167,25,Female,Phoenix,2022-09-25,108,Hoodie,Clothing,Brand C,55.0,2,110.0,Online
2938,2023-06-09,2448,34,Female,San Antonio,2022-07-17,101,T-shirt,Clothing,Brand A,25.0,2,50.0,In-Store
408,2023-06-09,2075,38,Female,Miami,2022-05-11,113,Coat,Outerwear,Brand D,180.0,2,360.0,Online
3576,2023-06-09,2551,21,Female,San Antonio,2021-10-14,109,Shorts,Clothing,Brand E,30.0,2,60.0,Online
1351,2023-06-09,2228,55,Male,Los Angeles,2023-03-06,111,Sandals,Footwear,Brand E,35.0,1,35.0,In-Store
266,2023-06-09,2051,34,Male,San Diego,2022-04-30,113,Coat,Outerwear,Brand D,180.0,1,180.0,In-Store
5047,2023-06-09,2764,48,Male,San Antonio,2021-05-16,112,Running Shoes,Footwear,Brand C,85.0,1,85.0,In-Store
5221,2023-06-09,2788,40,Female,Phoenix,2023-05-07,113,Coat,Outerwear,Brand D,180.0,1,180.0,Online
4458,2023-06-10,2682,23,Male,Miami,2022-12-08,101,T-shirt,Clothing,Brand A,25.0,1,25.0,Online
2192,2023-06-10,2343,20,Male,Chicago,2023-06-09,105,Hat,Accessories,Brand E,22.5,1,22.5,Online
4842,2023-06-10,2736,21,Male,Los Angeles,2021-06-17,117,Scarf,Accessories,Brand E,18.0,1,18.0,Online
3067,2023-06-10,2473,18,Male,San Diego,2022-05-13,116,Belt,Accessories,Brand A,20.0,1,20.0,Online
691,2023-06-10,2115,21,Male,San Diego,2021-04-30,116,Belt,Accessories,Brand A,20.0,1,20.0,Online
212,2023-06-10,2044,18,Male,Miami,2021-05-25,109,Shorts,Clothing,Brand E,30.0,3,90.0,Online
4397,2023-06-10,2673,19,Male,Houston,2021-12-12,101,T-shirt,Clothing,Brand A,25.0,1,25.0,Online
2785,2023-06-10,2424,20,Female,Chicago,2023-05-31,102,Jeans,Clothing,Brand B,75.0,1,75.0,Online
692,2023-06-11,2115,21,Male,San Diego,2021-04-30,103,Sneakers,Footwear,Brand C,30.0,1,30.0,Online
4238,2023-06-11,2652,21,Male,Philadelphia,2022-10-19,103,Sneakers,Footwear,Brand C,30.0,1,30.0,In-Store
2874,2023-06-11,2439,57,Female,Los Angeles,2022-08-13,115,Blazer,Outerwear,Brand A,130.0,1,130.0,In-Store
4618,2023-06-11,2710,23,Male,Chicago,2023-01-12,116,Belt,Accessories,Brand A,20.0,1,20.0,Online
1516,2023-06-12,2255,43,Female,Philadelphia,2021-07-10,104,Jacket,Outerwear,Brand D,120.0,1,120.0,In-Store
540,2023-06-12,2094,38,Female,Phoenix,2022-04-11,117,Scarf,Accessories,Brand E,18.0,1,18.0,In-Store
2025,2023-06-12,2322,25,Female,Houston,2023-05-28,103,Sneakers,Footwear,Brand C,30.0,1,30.0,Online
707,2023-06-12,2117,55,Male,Dallas,2023-04-19,101,T-shirt,Clothing,Brand A,25.0,1,25.0,In-Store
582,2023-06-12,2101,41,Female,Phoenix,2021-06-14,114,Parka,Outerwear,Brand B,150.0,1,150.0,Online
959,2023-06-13,2167,25,Female,Phoenix,2022-09-25,117,Scarf,Accessories,Brand E,18.0,2,36.0,Online
106,2023-06-13,2026,42,Male,San Antonio,2021-07-12,114,Parka,Outerwear,Brand B,150.0,2,300.0,In-Store
1408,2023-06-13,2236,21,Male,Houston,2022-10-24,109,Shorts,Clothing,Brand E,30.0,1,30.0,Online
3229,2023-06-13,2503,51,Male,Phoenix,2022-09-12,107,Dress,Clothing,Brand B,65.0,1,65.0,Online
810,2023-06-13,2138,59,Male,Phoenix,2023-04-10,114,Parka,Outerwear,Brand B,150.0,1,150.0,In-Store
2529,2023-06-13,2392,40,Female,Dallas,2021-01-22,104,Jacket,Outerwear,Brand D,120.0,1,120.0,In-Store
3912,2023-06-13,2602,63,Female,Phoenix,2021-01-22,110,Boots,Footwear,Brand D,110.0,1,110.0,In-Store
198,2023-06-13,2042,22,Female,Dallas,2022-03-23,111,Sandals,Footwear,Brand E,35.0,1,35.0,Online
5069,2023-06-13,2767,41,Male,Chicago,2022-08-05,113,Coat,Outerwear,Brand D,180.0,1,180.0,Online
3022,2023-06-13,2464,58,Female,Philadelphia,2022-01-10,115,Blazer,Outerwear,Brand A,130.0,1,130.0,In-Store
388,2023-06-13,2074,21,Female,San Antonio,2022-08-20,111,Sandals,Footwear,Brand E,35.0,2,70.0,Online
3749,2023-06-13,2574,21,Female,Phoenix,2021-10-02,106,Shirt,Clothing,Brand A,40.0,1,40.0,In-Store
3701,2023-06-14,2567,26,Male,Miami,2023-05-30,118,Bag,Accessories,Brand B,60.0,3,180.0,Online
4036,2023-06-14,2618,21,Male,Houston,2021-01-08,116,Belt,Accessories,Brand A,20.0,1,20.0,Online
5278,2023-06-14,2795,38,Female,San Antonio,2021-04-25,113,Coat,Outerwear,Brand D,180.0,1,180.0,Online
3140,2023-06-14,2486,33,Male,Los Angeles,2023-03-28,101,T-shirt,Clothing,Brand A,25.0,1,25.0,Online
4381,2023-06-14,2672,49,Female,Chicago,2023-01-12,109,Shorts,Clothing,Brand E,30.0,1,30.0,Online
1470,2023-06-14,2248,42,Male,Phoenix,2021-01-28,113,Coat,Outerwear,Brand D,180.0,1,180.0,Online
137,2023-06-15,2033,49,Male,New York,2021-03-16,110,Boots,Footwear,Brand D,110.0,1,110.0,In-Store
583,2023-06-15,2101,41,Female,Phoenix,2021-06-14,113,Coat,Outerwear,Brand D,180.0,1,180.0,Online
4606,2023-06-15,2708,28,Male,Phoenix,2021-12-24,105,Hat,Accessories,Brand E,22.5,1,22.5,In-Store
1335,2023-06-15,2226,22,Male,Chicago,2021-10-21,106,Shirt,Clothing,Brand A,40.0,1,40.0,Online
5315,2023-06-15,2802,24,Female,San Antonio,2021-06-18,108,Hoodie,Clothing,Brand C,55.0,1,55.0,Online
2208,2023-06-15,2346,22,Male,San Diego,2022-11-25,103,Sneakers,Footwear,Brand C,30.0,2,60.0,In-Store
3246,2023-06-15,2506,23,Female,New York,2023-05-17,101,T-shirt,Clothing,Brand A,25.0,1,25.0,Online
2277,2023-06-15,2359,45,Female,San Diego,2022-08-17,113,Coat,Outerwear,Brand D,180.0,1,180.0,In-Store
459,2023-06-15,2085,21,Male,Phoenix,2021-03-18,106,Shirt,Clothing,Brand A,40.0,2,80.0,Online
1967,2023-06-15,2314,48,Male,Houston,2021-05-11,107,Dress,Clothing,Brand B,65.0,1,65.0,In-Store
5273,2023-06-15,2794,26,Male,Miami,2022-12-11,105,Hat,Accessories,Brand E,22.5,1,22.5,Online
1956,2023-06-15,2310,26,Female,Dallas,2022-08-09,119,Sunglasses,Accessories,Brand C,45.0,1,45.0,In-Store
903,2023-06-15,2156,22,Female,Chicago,2021-05-26,102,Jeans,Clothing,Brand B,75.0,2,150.0,In-Store
4317,2023-06-15,2664,27,Male,Phoenix,2021-03-06,117,Scarf,Accessories,Brand E,18.0,1,18.0,Online
2419,2023-06-15,2373,50,Female,Los Angeles,2021-05-11,103,Sneakers,Footwear,Brand C,30.0,2,60.0,In-Store
5048,2023-06-15,2764,48,Male,San Antonio,2021-05-16,106,Shirt,Clothing,Brand A,40.0,1,40.0,In-Store
2912,2023-06-16,2444,32,Male,Houston,2023-06-04,105,Hat,Accessories,Brand E,22.5,2,45.0,Online
155,2023-06-16,2036,21,Female,San Antonio,2022-11-12,105,Hat,Accessories,Brand E,22.5,1,22.5,Online
4361,2023-06-16,2670,24,Male,Miami,2021-09-15,112,Running Shoes,Footwear,Brand C,85.0,3,255.0,Online
435,2023-06-16,2082,24,Female,Chicago,2021-06-17,103,Sneakers,Footwear,Brand C,30.0,1,30.0,In-Store
745,2023-06-16,2124,52,Female,Dallas,2022-02-07,111,Sandals,Footwear,Brand E,35.0,1,35.0,In-Store
3734,2023-06-16,2571,55,Male,San Antonio,2022-08-12,102,Jeans,Clothing,Brand B,75.0,1,75.0,In-Store
5022,2023-06-16,2761,22,Female,Dallas,2022-07-10,103,Sneakers,Footwear,Brand C,30.0,1,30.0,Online
4734,2023-06-16,2724,36,Male,Houston,2022-05-27,114,Parka,Outerwear,Brand B,150.0,1,150.0,In-Store
3392,2023-06-16,2527,43,Female,Miami,2021-06-04,111,Sandals,Footwear,Brand E,35.0,2,70.0,Online
1223,2023-06-17,2208,35,Female,Dallas,2022-04-25,120,Cap,Accessories,Brand E,15.0,1,15.0,Online
1528,2023-06-17,2257,22,Female,Philadelphia,2021-01-31,116,Belt,Accessories,Brand A,20.0,1,20.0,Online
3344,2023-06-17,2519,47,Male,Houston,2021-06-27,107,Dress,Clothing,Brand B,65.0,1,65.0,In-Store
3416,2023-06-17,2529,24,Female,Philadelphia,2021-07-12,106,Shirt,Clothing,Brand A,40.0,1,40.0,Online
2886,2023-06-17,2440,36,Female,Chicago,2023-01-03,110,Boots,Footwear,Brand D,110.0,1,110.0,Online
1181,2023-06-17,2200,42,Male,New York,2021-06-07,110,Boots,Footwear,Brand D,110.0,1,110.0,Online
4121,2023-06-17,2633,47,Male,San Diego,2023-03-26,102,Jeans,Clothing,Brand B,75.0,1,75.0,In-Store
1831,2023-06-17,2297,23,Female,Dallas,2021-05-17,116,Belt,Accessories,Brand A,20.0,2,40.0,In-Store
3497,2023-06-17,2543,35,Male,Dallas,2023-03-01,114,Parka,Outerwear,Brand B,150.0,1,150.0,Online
4958,2023-06-17,2750,20,Female,Los Angeles,2021-07-20,106,Shirt,Clothing,Brand A,40.0,2,80.0,Online
4557,2023-06-18,2700,55,Male,Los Angeles,2023-02-03,106,Shirt,Clothing,Brand A,40.0,1,40.0,In-Store
2761,2023-06-18,2421,19,Male,Phoenix,2022-12-20,116,Belt,Accessories,Brand A,20.0,1,20.0,Online
3230,2023-06-18,2503,51,Male,Phoenix,2022-09-12,102,Jeans,Clothing,Brand B,75.0,1,75.0,In-Store
788,2023-06-18,2132,50,Female,San Diego,2022-10-17,114,Parka,Outerwear,Brand B,150.0,1,150.0,In-Store
3438,2023-06-18,2534,26,Male,San Antonio,2023-01-14,105,Hat,Accessories,Brand E,22.5,1,22.5,Online
1332,2023-06-18,2225,18,Male,Dallas,2022-07-05,105,Hat,Accessories,Brand E,22.5,2,45.0,Online
1802,2023-06-19,2293,60,Female,Los Angeles,2021-05-26,102,Jeans,Clothing,Brand B,75.0,1,75.0,In-Store
3782,2023-06-19,2581,20,Female,Los Angeles,2022-09-03,117,Scarf,Accessories,Brand E,18.0,2,36.0,Online
780,2023-06-19,2131,40,Female,Houston,2022-10-22,107,Dress,Clothing,Brand B,65.0,2,130.0,In-Store
156,2023-06-19,2036,21,Female,San Antonio,2022-11-12,101,T-shirt,Clothing,Brand A,25.0,1,25.0,Online
1930,2023-06-20,2307,52,Female,Dallas,2022-12-16,110,Boots,Footwear,Brand D,110.0,1,110.0,Online
3498,2023-06-20,2543,35,Male,Dallas,2023-03-01,113,Coat,Outerwear,Brand D,180.0,1,180.0,In-Store
83,2023-06-20,2022,36,Male,Chicago,2021-05-20,113,Coat,Outerwear,Brand D,180.0,1,180.0,Online
2889,2023-06-20,2441,19,Male,San Antonio,2022-11-09,112,Running Shoes,Footwear,Brand C,85.0,3,255.0,Online
170,2023-06-20,2037,59,Male,Philadelphia,2021-10-17,101,T-shirt,Clothing,Brand A,25.0,1,25.0,In-Store
500,2023-06-21,2089,37,Male,Miami,2023-06-02,114,Parka,Outerwear,Brand B,150.0,1,150.0,Online
1202,2023-06-21,2204,47,Male,Miami,2021-09-21,109,Shorts,Clothing,Brand E,30.0,1,30.0,In-Store
1093,2023-06-21,2186,38,Female,San Diego,2023-01-23,117,Scarf,Accessories,Brand E,18.0,1,18.0,Online
5042,2023-06-22,2763,32,Female,San Diego,2021-03-05,113,Coat,Outerwear,Brand D,180.0,1,180.0,In-Store
3247,2023-06-22,2506,23,Female,New York,2023-05-17,106,Shirt,Clothing,Brand A,40.0,1,40.0,Online
5010,2023-06-22,2758,34,Female,Houston,2021-08-27,116,Belt,Accessories,Brand A,20.0,1,20.0,Online
551,2023-06-22,2097,56,Male,Phoenix,2021-05-03,110,Boots,Footwear,Brand D,110.0,1,110.0,In-Store
1779,2023-06-23,2292,21,Female,Houston,2022-10-12,103,Sneakers,Footwear,Brand C,30.0,2,60.0,Online
2530,2023-06-23,2392,40,Female,Dallas,2021-01-22,102,Jeans,Clothing,Brand B,75.0,1,75.0,In-Store
2737,2023-06-23,2415,21,Female,Phoenix,2023-06-10,117,Scarf,Accessories,Brand E,18.0,3,54.0,Online
3660,2023-06-23,2562,20,Male,New York,2021-09-10,107,Dress,Clothing,Brand B,65.0,2,130.0,Online
4558,2023-06-23,2700,55,Male,Los Angeles,2023-02-03,109,Shorts,Clothing,Brand E,30.0,1,30.0,In-Store
584,2023-06-23,2101,41,Female,Phoenix,2021-06-14,114,Parka,Outerwear,Brand B,150.0,1,150.0,In-Store
171,2023-06-23,2037,59,Male,Philadelphia,2021-10-17,102,Jeans,Clothing,Brand B,75.0,1,75.0,Online
2712,2023-06-23,2413,54,Female,Houston,2022-01-02,101,T-shirt,Clothing,Brand A,25.0,2,50.0,In-Store
2387,2023-06-24,2370,18,Male,Dallas,2021-03-18,109,Shorts,Clothing,Brand E,30.0,2,60.0,Online
2916,2023-06-24,2446,49,Female,Phoenix,2021-09-20,110,Boots,Footwear,Brand D,110.0,1,110.0,In-Store
2786,2023-06-24,2424,20,Female,Chicago,2023-05-31,107,Dress,Clothing,Brand B,65.0,2,130.0,Online
1997,2023-06-24,2318,40,Male,Los Angeles,2022-03-07,113,Coat,Outerwear,Brand D,180.0,1,180.0,In-Store
3518,2023-06-24,2545,37,Male,New York,2022-07-05,113,Coat,Outerwear,Brand D,180.0,1,180.0,Online
1780,2023-06-24,2292,21,Female,Houston,2022-10-12,117,Scarf,Accessories,Brand E,18.0,1,18.0,Online
4276,2023-06-25,2656,23,Female,New York,2021-01-22,101,T-shirt,Clothing,Brand A,25.0,2,50.0,Online
3998,2023-06-25,2615,20,Male,New York,2023-05-06,102,Jeans,Clothing,Brand B,75.0,2,150.0,In-Store
616,2023-06-25,2105,23,Male,Los Angeles,2021-02-22,117,Scarf,Accessories,Brand E,18.0,2,36.0,Online
3661,2023-06-25,2562,20,Male,New York,2021-09-10,101,T-shirt,Clothing,Brand A,25.0,1,25.0,Online
4959,2023-06-25,2750,20,Female,Los Angeles,2021-07-20,109,Shorts,Clothing,Brand E,30.0,2,60.0,Online
344,2023-06-25,2070,24,Male,San Antonio,2023-01-13,109,Shorts,Clothing,Brand E,30.0,1,30.0,Online
3478,2023-06-26,2541,20,Female,Philadelphia,2023-05-06,101,T-shirt,Clothing,Brand A,25.0,1,25.0,Online
4722,2023-06-26,2723,39,Female,Phoenix,2021-02-27,113,Coat,Outerwear,Brand D,180.0,1,180.0,Online
3755,2023-06-26,2575,47,Female,Chicago,2022-10-27,108,Hoodie,Clothing,Brand C,55.0,1,55.0,In-Store
4122,2023-06-26,2633,47,Male,San Diego,2023-03-26,102,Jeans,Clothing,Brand B,75.0,1,75.0,In-Store
3315,2023-06-26,2516,35,Female,Miami,2023-01-17,110,Boots,Footwear,Brand D,110.0,1,110.0,Online
186,2023-06-26,2040,28,Male,Houston,2023-04-03,113,Coat,Outerwear,Brand D,180.0,1,180.0,Online
4459,2023-06-26,2682,23,Male,Miami,2022-12-08,117,Scarf,Accessories,Brand E,18.0,2,36.0,Online
2633,2023-06-27,2407,21,Male,San Antonio,2023-03-15,108,Hoodie,Clothing,Brand C,55.0,1,55.0,In-Store
2292,2023-06-27,2361,19,Female,San Antonio,2023-02-27,108,Hoodie,Clothing,Brand C,55.0,1,55.0,Online
2338,2023-06-27,2366,60,Female,Miami,2022-06-30,103,Sneakers,Footwear,Brand C,30.0,1,30.0,In-Store
1304,2023-06-27,2221,19,Female,New York,2021-07-31,120,Cap,Accessories,Brand E,15.0,2,30.0,Online
3172,2023-06-27,2495,34,Female,Los Angeles,2023-02-25,105,Hat,Accessories,Brand E,22.5,2,45.0,Online
2492,2023-06-27,2385,40,Female,Phoenix,2021-11-09,107,Dress,Clothing,Brand B,65.0,1,65.0,Online
2610,2023-06-28,2404,28,Male,Chicago,2022-05-31,120,Cap,Accessories,Brand E,15.0,1,15.0,Online
1501,2023-06-28,2253,18,Female,San Antonio,2021-08-01,105,Hat,Accessories,Brand E,22.5,1,22.5,In-Store
3144,2023-06-28,2488,35,Female,Houston,2022-08-26,111,Sandals,Footwear,Brand E,35.0,1,35.0,Online
4960,2023-06-28,2750,20,Female,Los Angeles,2021-07-20,106,Shirt,Clothing,Brand A,40.0,2,80.0,Online
1679,2023-06-28,2278,37,Male,Philadelphia,2022-01-26,114,Parka,Outerwear,Brand B,150.0,1,150.0,Online
258,2023-06-28,2050,40,Male,San Diego,2023-06-12,109,Shorts,Clothing,Brand E,30.0,2,60.0,Online
492,2023-06-28,2088,26,Female,San Diego,2022-08-05,103,Sneakers,Footwear,Brand C,30.0,1,30.0,Online
4298,2023-06-28,2661,23,Female,Philadelphia,2023-03-16,109,Shorts,Clothing,Brand E,30.0,2,60.0,Online
4914,2023-06-28,2744,26,Male,Philadelphia,2023-03-22,111,Sandals,Footwear,Brand E,35.0,1,35.0,Online
1274,2023-06-29,2216,49,Male,Chicago,2021-03-30,101,T-shirt,Clothing,Brand A,25.0,1,25.0,Online
3873,2023-06-29,2591,40,Female,Miami,2021-04-25,114,Parka,Outerwear,Brand B,150.0,1,150.0,Online
585,2023-06-29,2101,41,Female,Phoenix,2021-06-14,113,Coat,Outerwear,Brand D,180.0,1,180.0,Online
4907,2023-06-29,2742,57,Male,Miami,2022-10-18,115,Blazer,Outerwear,Brand A,130.0,1,130.0,In-Store
2983,2023-06-29,2455,19,Male,Philadelphia,2021-11-15,107,Dress,Clothing,Brand B,65.0,2,130.0,In-Store
758,2023-06-29,2128,19,Male,Chicago,2022-06-21,106,Shirt,Clothing,Brand A,40.0,1,40.0,Online
4961,2023-06-29,2750,20,Female,Los Angeles,2021-07-20,118,Bag,Accessories,Brand B,60.0,1,60.0,Online
3965,2023-06-30,2607,18,Male,Miami,2022-03-09,102,Jeans,Clothing,Brand B,75.0,3,225.0,Online
3990,2023-06-30,2613,33,Female,San Diego,2023-06-09,113,Coat,Outerwear,Brand D,180.0,1,180.0,Online
552,2023-06-30,2097,56,Male,Phoenix,2021-05-03,110,Boots,Footwear,Brand D,110.0,1,110.0,In-Store
3723,2023-06-30,2570,39,Female,Philadelphia,2023-06-15,115,Blazer,Outerwear,Brand A,130.0,1,130.0,In-Store
2547,2023-06-30,2395,36,Male,Los Angeles,2022-07-05,113,Coat,Outerwear,Brand D,180.0,1,180.0,In-Store
2939,2023-06-30,2448,34,Female,San Antonio,2022-07-17,109,Shorts,Clothing,Brand E,30.0,1,30.0,Online
734,2023-06-30,2122,23,Male,San Antonio,2022-08-15,108,Hoodie,Clothing,Brand C,55.0,1,55.0,Online
2662,2023-06-30,2409,28,Female,Miami,2021-03-20,108,Hoodie,Clothing,Brand C,55.0,1,55.0,In-Store
3150,2023-07-01,2492,51,Female,San Antonio,2022-12-18,104,Jacket,Outerwear,Brand D,120.0,1,120.0,Online
3127,2023-07-01,2485,40,Female,Phoenix,2023-05-21,108,Hoodie,Clothing,Brand C,55.0,1,55.0,In-Store
4747,2023-07-01,2725,22,Male,Houston,2023-03-04,120,Cap,Accessories,Brand E,15.0,1,15.0,Online
2823,2023-07-01,2430,51,Female,New York,2021-01-08,106,Shirt,Clothing,Brand A,40.0,1,40.0,In-Store
1529,2023-07-01,2257,22,Female,Philadelphia,2021-01-31,101,T-shirt,Clothing,Brand A,25.0,2,50.0,Online
2213,2023-07-01,2348,30,Male,Miami,2022-02-02,105,Hat,Accessories,Brand E,22.5,1,22.5,In-Store
1809,2023-07-01,2295,50,Female,Philadelphia,2021-08-11,107,Dress,Clothing,Brand B,65.0,2,130.0,In-Store
3036,2023-07-01,2468,27,Male,San Antonio,2023-02-08,106,Shirt,Clothing,Brand A,40.0,3,120.0,Online
2083,2023-07-01,2328,33,Male,Miami,2022-09-12,114,Parka,Outerwear,Brand B,150.0,1,150.0,In-Store
4318,2023-07-02,2664,27,Male,Phoenix,2021-03-06,116,Belt,Accessories,Brand A,20.0,3,60.0,Online
3878,2023-07-02,2593,48,Male,San Diego,2022-03-19,111,Sandals,Footwear,Brand E,35.0,2,70.0,Online
5118,2023-07-02,2776,36,Male,Houston,2023-06-10,103,Sneakers,Footwear,Brand C,30.0,1,30.0,Online
199,2023-07-02,2042,22,Female,Dallas,2022-03-23,116,Belt,Accessories,Brand A,20.0,1,20.0,Online
2388,2023-07-02,2370,18,Male,Dallas,2021-03-18,108,Hoodie,Clothing,Brand C,55.0,2,110.0,In-Store
1530,2023-07-02,2257,22,Female,Philadelphia,2021-01-31,103,Sneakers,Footwear,Brand C,30.0,2,60.0,Online
3180,2023-07-02,2496,23,Female,Chicago,2021-04-22,106,Shirt,Clothing,Brand A,40.0,1,40.0,Online
501,2023-07-02,2089,37,Male,Miami,2023-06-02,114,Parka,Outerwear,Brand B,150.0,1,150.0,In-Store
3879,2023-07-03,2593,48,Male,San Diego,2022-03-19,112,Running Shoes,Footwear,Brand C,85.0,2,170.0,In-Store
370,2023-07-03,2072,20,Female,Chicago,2022-02-12,119,Sunglasses,Accessories,Brand C,45.0,1,45.0,Online
1531,2023-07-03,2257,22,Female,Philadelphia,2021-01-31,116,Belt,Accessories,Brand A,20.0,1,20.0,Online
3357,2023-07-03,2522,18,Female,San Diego,2023-06-29,106,Shirt,Clothing,Brand A,40.0,2,80.0,Online
3880,2023-07-04,2593,48,Male,San Diego,2022-03-19,115,Blazer,Outerwear,Brand A,130.0,1,130.0,In-Store
5316,2023-07-04,2802,24,Female,San Antonio,2021-06-18,109,Shorts,Clothing,Brand E,30.0,1,30.0,Online
389,2023-07-04,2074,21,Female,San Antonio,2022-08-20,117,Scarf,Accessories,Brand E,18.0,3,54.0,Online
3854,2023-07-04,2590,32,Female,Phoenix,2023-03-16,113,Coat,Outerwear,Brand D,180.0,1,180.0,Online
2762,2023-07-04,2421,19,Male,Phoenix,2022-12-20,103,Sneakers,Footwear,Brand C,30.0,2,60.0,Online
4228,2023-07-04,2651,20,Female,Miami,2022-03-04,116,Belt,Accessories,Brand A,20.0,1,20.0,In-Store
441,2023-07-04,2083,41,Male,New York,2022-12-17,101,T-shirt,Clothing,Brand A,25.0,2,50.0,In-Store
2111,2023-07-04,2334,51,Male,Los Angeles,2021-12-14,102,Jeans,Clothing,Brand B,75.0,1,75.0,In-Store
2686,2023-07-04,2411,45,Male,Chicago,2021-04-28,114,Parka,Outerwear,Brand B,150.0,2,300.0,In-Store
3825,2023-07-05,2587,46,Female,Philadelphia,2021-05-03,101,T-shirt,Clothing,Brand A,25.0,2,50.0,Online
3210,2023-07-05,2502,31,Female,San Diego,2021-02-09,113,Coat,Outerwear,Brand D,180.0,1,180.0,Online
4064,2023-07-05,2623,24,Male,Philadelphia,2021-12-29,116,Belt,Accessories,Brand A,20.0,4,80.0,Online
172,2023-07-05,2037,59,Male,Philadelphia,2021-10-17,104,Jacket,Outerwear,Brand D,120.0,1,120.0,In-Store
3696,2023-07-05,2566,23,Female,Miami,2022-12-17,119,Sunglasses,Accessories,Brand C,45.0,1,45.0,Online
3296,2023-07-06,2515,23,Female,San Antonio,2022-03-31,117,Scarf,Accessories,Brand E,18.0,2,36.0,Online
2259,2023-07-06,2357,26,Female,San Diego,2022-10-11,106,Shirt,Clothing,Brand A,40.0,1,40.0,Online
725,2023-07-06,2121,41,Female,Chicago,2022-05-05,114,Parka,Outerwear,Brand B,150.0,1,150.0,Online
1214,2023-07-07,2206,29,Female,Miami,2021-04-11,102,Jeans,Clothing,Brand B,75.0,1,75.0,Online
2569,2023-07-07,2398,19,Male,San Antonio,2022-10-18,117,Scarf,Accessories,Brand E,18.0,1,18.0,Online
3399,2023-07-07,2528,27,Female,New York,2022-09-27,105,Hat,Accessories,Brand E,22.5,1,22.5,Online
1532,2023-07-08,2257,22,Female,Philadelphia,2021-01-31,106,Shirt,Clothing,Brand A,40.0,1,40.0,Online
3145,2023-07-08,2491,42,Male,Houston,2021-10-24,108,Hoodie,Clothing,Brand C,55.0,1,55.0,In-Store
5086,2023-07-09,2768,50,Female,Chicago,2022-01-15,114,Parka,Outerwear,Brand B,150.0,1,150.0,In-Store
1689,2023-07-09,2279,21,Female,Houston,2021-04-14,109,Shorts,Clothing,Brand E,30.0,1,30.0,Online
1931,2023-07-09,2307,52,Female,Dallas,2022-12-16,115,Blazer,Outerwear,Brand A,130.0,1,130.0,In-Store
157,2023-07-10,2036,21,Female,San Antonio,2022-11-12,106,Shirt,Clothing,Brand A,40.0,1,40.0,Online
4382,2023-07-10,2672,49,Female,Chicago,2023-01-12,102,Jeans,Clothing,Brand B,75.0,1,75.0,In-Store
2242,2023-07-10,2355,54,Male,New York,2021-03-10,113,Coat,Outerwear,Brand D,180.0,2,360.0,In-Store
3933,2023-07-10,2603,24,Male,San Diego,2022-02-18,118,Bag,Accessories,Brand B,60.0,2,120.0,Online
1690,2023-07-11,2279,21,Female,Houston,2021-04-14,102,Jeans,Clothing,Brand B,75.0,2,150.0,Online
2008,2023-07-11,2320,54,Female,Phoenix,2022-02-04,101,T-shirt,Clothing,Brand A,25.0,1,25.0,In-Store
2405,2023-07-11,2371,22,Female,San Diego,2023-02-16,111,Sandals,Footwear,Brand E,35.0,1,35.0,Online
416,2023-07-11,2077,39,Male,Miami,2022-12-11,115,Blazer,Outerwear,Brand A,130.0,2,260.0,In-Store
652,2023-07-11,2110,45,Female,San Antonio,2021-02-14,108,Hoodie,Clothing,Brand C,55.0,2,110.0,In-Store
2948,2023-07-11,2450,38,Female,Dallas,2022-07-06,108,Hoodie,Clothing,Brand C,55.0,1,55.0,Online
2892,2023-07-12,2442,51,Female,Houston,2021-04-06,111,Sandals,Footwear,Brand E,35.0,1,35.0,In-Store
5222,2023-07-12,2788,40,Female,Phoenix,2023-05-07,115,Blazer,Outerwear,Brand A,130.0,1,130.0,In-Store
1047,2023-07-12,2178,54,Female,New York,2022-07-12,107,Dress,Clothing,Brand B,65.0,2,130.0,In-Store
905,2023-07-12,2157,49,Female,San Antonio,2022-04-03,108,Hoodie,Clothing,Brand C,55.0,1,55.0,In-Store
3586,2023-07-12,2552,45,Male,Houston,2023-01-25,110,Boots,Footwear,Brand D,110.0,1,110.0,In-Store
5043,2023-07-12,2763,32,Female,San Diego,2021-03-05,113,Coat,Outerwear,Brand D,180.0,1,180.0,Online
460,2023-07-12,2085,21,Male,Phoenix,2021-03-18,111,Sandals,Footwear,Brand E,35.0,1,35.0,Online
4362,2023-07-13,2670,24,Male,Miami,2021-09-15,110,Boots,Footwear,Brand D,110.0,2,220.0,Online
5317,2023-07-13,2802,24,Female,San Antonio,2021-06-18,118,Bag,Accessories,Brand B,60.0,2,120.0,Online
1817,2023-07-13,2296,48,Male,Dallas,2021-11-30,102,Jeans,Clothing,Brand B,75.0,1,75.0,In-Store
3714,2023-07-13,2568,36,Female,Philadelphia,2022-09-08,113,Coat,Outerwear,Brand D,180.0,1,180.0,Online
2917,2023-07-13,2446,49,Female,Phoenix,2021-09-20,115,Blazer,Outerwear,Brand A,130.0,1,130.0,In-Store
2861,2023-07-13,2438,47,Male,Miami,2022-05-12,106,Shirt,Clothing,Brand A,40.0,1,40.0,In-Store
213,2023-07-13,2044,18,Male,Miami,2021-05-25,109,Shorts,Clothing,Brand E,30.0,1,30.0,Online
4683,2023-07-13,2717,20,Male,Los Angeles,2022-11-22,117,Scarf,Accessories,Brand E,18.0,1,18.0,Online
493,2023-07-13,2088,26,Female,San Diego,2022-08-05,119,Sunglasses,Accessories,Brand C,45.0,1,45.0,In-Store
642,2023-07-13,2109,21,Female,New York,2022-04-01,120,Cap,Accessories,Brand E,15.0,2,30.0,Online
2949,2023-07-14,2450,38,Female,Dallas,2022-07-06,112,Running Shoes,Footwear,Brand C,85.0,1,85.0,Online
1160,2023-07-14,2194,40,Male,New York,2022-03-28,107,Dress,Clothing,Brand B,65.0,1,65.0,In-Store
2918,2023-07-14,2446,49,Female,Phoenix,2021-09-20,112,Running Shoes,Footwear,Brand C,85.0,1,85.0,In-Store
4775,2023-07-15,2728,20,Female,Houston,2023-03-06,103,Sneakers,Footwear,Brand C,30.0,2,60.0,Online
3815,2023-07-15,2585,38,Female,Philadelphia,2021-08-30,111,Sandals,Footwear,Brand E,35.0,2,70.0,In-Store
3128,2023-07-15,2485,40,Female,Phoenix,2023-05-21,101,T-shirt,Clothing,Brand A,25.0,1,25.0,In-Store
2039,2023-07-15,2324,18,Female,Phoenix,2022-02-06,117,Scarf,Accessories,Brand E,18.0,3,54.0,Online
1865,2023-07-15,2298,20,Male,Chicago,2021-07-27,120,Cap,Accessories,Brand E,15.0,1,15.0,Online
4508,2023-07-16,2693,42,Female,Los Angeles,2021-12-16,113,Coat,Outerwear,Brand D,180.0,1,180.0,In-Store
3913,2023-07-16,2602,63,Female,Phoenix,2021-01-22,106,Shirt,Clothing,Brand A,40.0,2,80.0,In-Store
4594,2023-07-16,2705,55,Male,Houston,2023-02-20,113,Coat,Outerwear,Brand D,180.0,2,360.0,In-Store
1167,2023-07-16,2195,42,Male,Houston,2021-11-19,113,Coat,Outerwear,Brand D,180.0,1,180.0,In-Store
1378,2023-07-16,2232,50,Female,San Diego,2023-01-12,102,Jeans,Clothing,Brand B,75.0,1,75.0,In-Store
3332,2023-07-17,2518,18,Male,Dallas,2023-05-06,109,Shorts,Clothing,Brand E,30.0,1,30.0,In-Store
5091,2023-07-17,2770,26,Male,Chicago,2022-05-19,109,Shorts,Clothing,Brand E,30.0,1,30.0,Online
4460,2023-07-17,2682,23,Male,Miami,2022-12-08,101,T-shirt,Clothing,Brand A,25.0,2,50.0,Online
1079,2023-07-17,2183,47,Female,Los Angeles,2021-12-06,101,T-shirt,Clothing,Brand A,25.0,1,25.0,In-Store
1128,2023-07-17,2192,24,Female,Los Angeles,2023-03-29,116,Belt,Accessories,Brand A,20.0,3,60.0,Online
2157,2023-07-18,2340,27,Male,Los Angeles,2022-04-26,105,Hat,Accessories,Brand E,22.5,2,45.0,Online
4762,2023-07-18,2726,61,Female,Philadelphia,2021-01-07,102,Jeans,Clothing,Brand B,75.0,2,150.0,In-Store
2209,2023-07-18,2346,22,Male,San Diego,2022-11-25,101,T-shirt,Clothing,Brand A,25.0,2,50.0,In-Store
4065,2023-07-18,2623,24,Male,Philadelphia,2021-12-29,105,Hat,Accessories,Brand E,22.5,1,22.5,Online
5103,2023-07-18,2771,50,Female,Phoenix,2022-12-26,114,Parka,Outerwear,Brand B,150.0,1,150.0,In-Store
4509,2023-07-18,2693,42,Female,Los Angeles,2021-12-16,104,Jacket,Outerwear,Brand D,120.0,1,120.0,In-Store
96,2023-07-18,2024,61,Male,Chicago,2021-02-04,104,Jacket,Outerwear,Brand D,120.0,1,120.0,Online
1488,2023-07-18,2252,62,Female,San Diego,2022-03-10,101,T-shirt,Clothing,Brand A,25.0,1,25.0,In-Store
1985,2023-07-18,2316,24,Female,Los Angeles,2022-01-02,111,Sandals,Footwear,Brand E,35.0,2,70.0,Online
987,2023-07-19,2172,40,Female,Houston,2021-05-15,120,Cap,Accessories,Brand E,15.0,1,15.0,In-Store
4824,2023-07-19,2734,55,Male,Phoenix,2022-03-12,106,Shirt,Clothing,Brand A,40.0,1,40.0,In-Store
3391,2023-07-19,2526,23,Female,San Diego,2021-02-28,101,T-shirt,Clothing,Brand A,25.0,3,75.0,Online
4627,2023-07-19,2712,21,Male,Dallas,2021-06-23,107,Dress,Clothing,Brand B,65.0,1,65.0,Online
5231,2023-07-19,2789,26,Female,San Antonio,2021-06-04,109,Shorts,Clothing,Brand E,30.0,1,30.0,Online
4684,2023-07-19,2717,20,Male,Los Angeles,2022-11-22,120,Cap,Accessories,Brand E,15.0,1,15.0,In-Store
2420,2023-07-19,2373,50,Female,Los Angeles,2021-05-11,114,Parka,Outerwear,Brand B,150.0,1,150.0,In-Store
506,2023-07-20,2090,58,Male,San Antonio,2022-07-15,108,Hoodie,Clothing,Brand C,55.0,2,110.0,In-Store
541,2023-07-20,2094,38,Female,Phoenix,2022-04-11,112,Running Shoes,Footwear,Brand C,85.0,1,85.0,Online
4342,2023-07-20,2667,37,Female,Dallas,2022-06-10,113,Coat,Outerwear,Brand D,180.0,1,180.0,Online
2512,2023-07-20,2390,26,Male,San Diego,2021-08-27,105,Hat,Accessories,Brand E,22.5,2,45.0,Online
832,2023-07-21,2142,45,Female,San Antonio,2022-12-06,120,Cap,Accessories,Brand E,15.0,2,30.0,Online
4685,2023-07-21,2717,20,Male,Los Angeles,2022-11-22,119,Sunglasses,Accessories,Brand C,45.0,2,90.0,Online
4647,2023-07-21,2714,56,Female,New York,2022-01-31,107,Dress,Clothing,Brand B,65.0,2,130.0,In-Store
1189,2023-07-21,2202,40,Female,New York,2022-05-05,113,Coat,Outerwear,Brand D,180.0,1,180.0,In-Store
1665,2023-07-21,2277,28,Male,Philadelphia,2023-03-16,107,Dress,Clothing,Brand B,65.0,2,130.0,Online
2905,2023-07-21,2443,18,Male,Philadelphia,2021-08-03,117,Scarf,Accessories,Brand E,18.0,1,18.0,Online
998,2023-07-21,2173,37,Female,Chicago,2021-09-15,115,Blazer,Outerwear,Brand A,130.0,1,130.0,In-Store
981,2023-07-22,2171,22,Male,San Diego,2022-12-29,107,Dress,Clothing,Brand B,65.0,2,130.0,Online
1277,2023-07-22,2217,31,Female,San Diego,2022-07-31,114,Parka,Outerwear,Brand B,150.0,1,150.0,In-Store
2570,2023-07-22,2398,19,Male,San Antonio,2022-10-18,107,Dress,Clothing,Brand B,65.0,2,130.0,In-Store
3439,2023-07-22,2534,26,Male,San Antonio,2023-01-14,107,Dress,Clothing,Brand B,65.0,2,130.0,Online
2531,2023-07-22,2392,40,Female,Dallas,2021-01-22,113,Coat,Outerwear,Brand D,180.0,2,360.0,In-Store
4686,2023-07-22,2717,20,Male,Los Angeles,2022-11-22,106,Shirt,Clothing,Brand A,40.0,1,40.0,Online
5049,2023-07-22,2764,48,Male,San Antonio,2021-05-16,104,Jacket,Outerwear,Brand D,120.0,1,120.0,In-Store
4501,2023-07-22,2690,31,Male,Phoenix,2022-02-11,105,Hat,Accessories,Brand E,22.5,2,45.0,Online
1932,2023-07-23,2307,52,Female,Dallas,2022-12-16,108,Hoodie,Clothing,Brand C,55.0,2,110.0,In-Store
5012,2023-07-23,2759,48,Female,Philadelphia,2022-01-05,101,T-shirt,Clothing,Brand A,25.0,1,25.0,Online
937,2023-07-23,2162,37,Female,Houston,2021-11-16,114,Parka,Outerwear,Brand B,150.0,1,150.0,In-Store
2503,2023-07-23,2389,30,Female,Los Angeles,2022-10-16,107,Dress,Clothing,Brand B,65.0,1,65.0,Online
2339,2023-07-23,2366,60,Female,Miami,2022-06-30,112,Running Shoes,Footwear,Brand C,85.0,1,85.0,In-Store
4239,2023-07-23,2652,21,Male,Philadelphia,2022-10-19,117,Scarf,Accessories,Brand E,18.0,1,18.0,Online
3598,2023-07-24,2553,22,Male,Chicago,2022-08-23,101,T-shirt,Clothing,Brand A,25.0,2,50.0,Online
4619,2023-07-24,2710,23,Male,Chicago,2023-01-12,120,Cap,Accessories,Brand E,15.0,1,15.0,In-Store
3626,2023-07-24,2558,55,Male,Dallas,2023-02-08,109,Shorts,Clothing,Brand E,30.0,3,90.0,In-Store
4408,2023-07-24,2675,23,Female,Chicago,2023-07-05,101,T-shirt,Clothing,Brand A,25.0,1,25.0,Online
4167,2023-07-24,2641,47,Male,Phoenix,2022-12-04,114,Parka,Outerwear,Brand B,150.0,2,300.0,Online
1747,2023-07-24,2288,39,Female,Chicago,2021-03-08,113,Coat,Outerwear,Brand D,180.0,1,180.0,Online
4542,2023-07-24,2699,55,Male,Philadelphia,2023-07-12,107,Dress,Clothing,Brand B,65.0,1,65.0,In-Store
3479,2023-07-24,2541,20,Female,Philadelphia,2023-05-06,120,Cap,Accessories,Brand E,15.0,2,30.0,Online
2250,2023-07-24,2356,20,Female,Houston,2021-12-28,102,Jeans,Clothing,Brand B,75.0,1,75.0,Online
4518,2023-07-24,2694,33,Male,Los Angeles,2022-02-27,115,Blazer,Outerwear,Brand A,130.0,1,130.0,Online
267,2023-07-25,2051,34,Male,San Diego,2022-04-30,113,Coat,Outerwear,Brand D,180.0,1,180.0,Online
3637,2023-07-25,2559,18,Female,San Diego,2021-09-19,106,Shirt,Clothing,Brand A,40.0,1,40.0,Online
1489,2023-07-25,2252,62,Female,San Diego,2022-03-10,101,T-shirt,Clothing,Brand A,25.0,2,50.0,In-Store
2060,2023-07-25,2325,18,Male,Miami,2023-06-29,106,Shirt,Clothing,Brand A,40.0,3,120.0,Online
3173,2023-07-25,2495,34,Female,Los Angeles,2023-02-25,117,Scarf,Accessories,Brand E,18.0,1,18.0,Online
693,2023-07-25,2115,21,Male,San Diego,2021-04-30,101,T-shirt,Clothing,Brand A,25.0,2,50.0,Online
2243,2023-07-25,2355,54,Male,New York,2021-03-10,113,Coat,Outerwear,Brand D,180.0,1,180.0,In-Store
3038,2023-07-26,2469,56,Male,San Diego,2021-07-06,110,Boots,Footwear,Brand D,110.0,1,110.0,In-Store
1289,2023-07-26,2219,37,Female,Los Angeles,2022-10-08,119,Sunglasses,Accessories,Brand C,45.0,1,45.0,Online
3199,2023-07-26,2500,25,Male,Phoenix,2021-01-13,116,Belt,Accessories,Brand A,20.0,2,40.0,Online
4748,2023-07-26,2725,22,Male,Houston,2023-03-04,106,Shirt,Clothing,Brand A,40.0,1,40.0,Online
507,2023-07-26,2090,58,Male,San Antonio,2022-07-15,107,Dress,Clothing,Brand B,65.0,1,65.0,Online
1465,2023-07-27,2247,51,Female,San Diego,2022-05-11,102,Jeans,Clothing,Brand B,75.0,2,150.0,Online
694,2023-07-27,2115,21,Male,San Diego,2021-04-30,102,Jeans,Clothing,Brand B,75.0,3,225.0,In-Store
3519,2023-07-27,2545,37,Male,New York,2022-07-05,113,Coat,Outerwear,Brand D,180.0,1,180.0,In-Store
117,2023-07-27,2028,34,Female,Philadelphia,2021-10-31,115,Blazer,Outerwear,Brand A,130.0,1,130.0,In-Store
627,2023-07-27,2108,25,Male,New York,2022-05-04,105,Hat,Accessories,Brand E,22.5,2,45.0,In-Store
4409,2023-07-27,2675,23,Female,Chicago,2023-07-05,102,Jeans,Clothing,Brand B,75.0,1,75.0,Online
3053,2023-07-27,2471,64,Female,Chicago,2023-04-04,110,Boots,Footwear,Brand D,110.0,1,110.0,In-Store
4485,2023-07-27,2687,47,Male,San Antonio,2021-04-14,102,Jeans,Clothing,Brand B,75.0,1,75.0,In-Store
920,2023-07-27,2161,33,Male,Philadelphia,2022-09-13,113,Coat,Outerwear,Brand D,180.0,1,180.0,Online
2326,2023-07-27,2364,33,Female,San Antonio,2023-03-11,120,Cap,Accessories,Brand E,15.0,1,15.0,Online
4543,2023-07-27,2699,55,Male,Philadelphia,2023-07-12,113,Coat,Outerwear,Brand D,180.0,1,180.0,In-Store
1278,2023-07-27,2217,31,Female,San Diego,2022-07-31,113,Coat,Outerwear,Brand D,180.0,1,180.0,Online
1161,2023-07-27,2194,40,Male,New York,2022-03-28,102,Jeans,Clothing,Brand B,75.0,2,150.0,In-Store
4942,2023-07-27,2747,65,Male,San Antonio,2021-04-20,115,Blazer,Outerwear,Brand A,130.0,1,130.0,In-Store
1379,2023-07-27,2232,50,Female,San Diego,2023-01-12,115,Blazer,Outerwear,Brand A,130.0,1,130.0,In-Store
653,2023-07-28,2110,45,Female,San Antonio,2021-02-14,103,Sneakers,Footwear,Brand C,30.0,1,30.0,In-Store
3193,2023-07-28,2499,41,Male,Houston,2022-02-25,109,Shorts,Clothing,Brand E,30.0,1,30.0,In-Store
3999,2023-07-28,2615,20,Male,New York,2023-05-06,101,T-shirt,Clothing,Brand A,25.0,1,25.0,Online
3157,2023-07-28,2493,58,Female,Miami,2022-09-02,113,Coat,Outerwear,Brand D,180.0,1,180.0,In-Store
3979,2023-07-28,2611,41,Male,Houston,2023-05-26,113,Coat,Outerwear,Brand D,180.0,1,180.0,In-Store
1915,2023-07-28,2306,35,Male,Chicago,2023-07-12,113,Coat,Outerwear,Brand D,180.0,1,180.0,In-Store
325,2023-07-28,2068,37,Female,San Diego,2022-01-22,113,Coat,Outerwear,Brand D,180.0,2,360.0,In-Store
1409,2023-07-29,2236,21,Male,Houston,2022-10-24,103,Sneakers,Footwear,Brand C,30.0,2,60.0,Online
138,2023-07-29,2033,49,Male,New York,2021-03-16,113,Coat,Outerwear,Brand D,180.0,2,360.0,In-Store
759,2023-07-29,2128,19,Male,Chicago,2022-06-21,116,Belt,Accessories,Brand A,20.0,1,20.0,Online
1706,2023-07-29,2282,26,Male,Los Angeles,2021-10-23,106,Shirt,Clothing,Brand A,40.0,2,80.0,Online
4299,2023-07-29,2661,23,Female,Philadelphia,2023-03-16,117,Scarf,Accessories,Brand E,18.0,2,36.0,In-Store
2893,2023-07-30,2442,51,Female,Houston,2021-04-06,101,T-shirt,Clothing,Brand A,25.0,1,25.0,Online
3681,2023-07-30,2564,22,Male,Phoenix,2023-03-18,119,Sunglasses,Accessories,Brand C,45.0,2,90.0,In-Store
4642,2023-07-30,2713,24,Female,New York,2021-06-30,105,Hat,Accessories,Brand E,22.5,2,45.0,Online
1691,2023-07-30,2279,21,Female,Houston,2021-04-14,109,Shorts,Clothing,Brand E,30.0,1,30.0,Online
4884,2023-07-30,2740,57,Male,Dallas,2022-06-25,111,Sandals,Footwear,Brand E,35.0,1,35.0,Online
586,2023-07-30,2101,41,Female,Phoenix,2021-06-14,114,Parka,Outerwear,Brand B,150.0,1,150.0,In-Store
1562,2023-07-30,2263,30,Male,San Diego,2021-01-05,114,Parka,Outerwear,Brand B,150.0,1,150.0,In-Store
4510,2023-07-31,2693,42,Female,Los Angeles,2021-12-16,115,Blazer,Outerwear,Brand A,130.0,2,260.0,In-Store
3682,2023-07-31,2564,22,Male,Phoenix,2023-03-18,102,Jeans,Clothing,Brand B,75.0,3,225.0,Online
3702,2023-07-31,2567,26,Male,Miami,2023-05-30,106,Shirt,Clothing,Brand A,40.0,1,40.0,Online
2009,2023-07-31,2320,54,Female,Phoenix,2022-02-04,111,Sandals,Footwear,Brand E,35.0,1,35.0,In-Store
5307,2023-07-31,2800,42,Male,San Antonio,2022-09-23,107,Dress,Clothing,Brand B,65.0,1,65.0,In-Store
781,2023-07-31,2131,40,Female,Houston,2022-10-22,104,Jacket,Outerwear,Brand D,120.0,1,120.0,In-Store
965,2023-07-31,2168,40,Male,Phoenix,2022-02-06,108,Hoodie,Clothing,Brand C,55.0,1,55.0,In-Store
2919,2023-07-31,2446,49,Female,Phoenix,2021-09-20,112,Running Shoes,Footwear,Brand C,85.0,2,170.0,In-Store
1028,2023-07-31,2176,39,Male,San Diego,2023-05-29,104,Jacket,Outerwear,Brand D,120.0,1,120.0,Online
2571,2023-08-01,2398,19,Male,San Antonio,2022-10-18,116,Belt,Accessories,Brand A,20.0,3,60.0,Online
1903,2023-08-01,2305,55,Female,New York,2021-03-18,102,Jeans,Clothing,Brand B,75.0,1,75.0,In-Store
2496,2023-08-01,2387,40,Female,Phoenix,2023-04-11,116,Belt,Accessories,Brand A,20.0,1,20.0,In-Store
1533,2023-08-01,2257,22,Female,Philadelphia,2021-01-31,119,Sunglasses,Accessories,Brand C,45.0,1,45.0,Online
872,2023-08-01,2152,48,Male,Philadelphia,2022-10-17,101,T-shirt,Clothing,Brand A,25.0,2,50.0,In-Store
200,2023-08-01,2042,22,Female,Dallas,2022-03-23,102,Jeans,Clothing,Brand B,75.0,2,150.0,Online
3839,2023-08-01,2588,36,Female,Los Angeles,2021-11-09,114,Parka,Outerwear,Brand B,150.0,2,300.0,Online
1129,2023-08-02,2192,24,Female,Los Angeles,2023-03-29,101,T-shirt,Clothing,Brand A,25.0,2,50.0,Online
1755,2023-08-02,2289,45,Male,Los Angeles,2021-07-31,112,Running Shoes,Footwear,Brand C,85.0,1,85.0,In-Store
5070,2023-08-03,2767,41,Male,Chicago,2022-08-05,115,Blazer,Outerwear,Brand A,130.0,2,260.0,Online
3938,2023-08-03,2604,26,Female,New York,2023-07-03,103,Sneakers,Footwear,Brand C,30.0,1,30.0,In-Store
1480,2023-08-03,2251,31,Male,Philadelphia,2023-07-24,113,Coat,Outerwear,Brand D,180.0,1,180.0,Online
553,2023-08-03,2097,56,Male,Phoenix,2021-05-03,110,Boots,Footwear,Brand D,110.0,1,110.0,In-Store
5232,2023-08-03,2789,26,Female,San Antonio,2021-06-04,108,Hoodie,Clothing,Brand C,55.0,1,55.0,In-Store
4790,2023-08-03,2729,20,Male,Dallas,2022-04-21,118,Bag,Accessories,Brand B,60.0,2,120.0,Online
3013,2023-08-03,2462,58,Male,New York,2022-10-05,114,Parka,Outerwear,Brand B,150.0,2,300.0,In-Store
2738,2023-08-03,2415,21,Female,Phoenix,2023-06-10,120,Cap,Accessories,Brand E,15.0,1,15.0,Online
2061,2023-08-04,2325,18,Male,Miami,2023-06-29,109,Shorts,Clothing,Brand E,30.0,1,30.0,Online
4164,2023-08-04,2639,22,Male,Chicago,2022-09-27,117,Scarf,Accessories,Brand E,18.0,1,18.0,Online
4749,2023-08-04,2725,22,Male,Houston,2023-03-04,107,Dress,Clothing,Brand B,65.0,1,65.0,Online
3662,2023-08-04,2562,20,Male,New York,2021-09-10,111,Sandals,Footwear,Brand E,35.0,2,70.0,Online
4136,2023-08-04,2635,52,Female,Philadelphia,2021-11-14,102,Jeans,Clothing,Brand B,75.0,2,150.0,In-Store
4665,2023-08-04,2716,20,Male,New York,2023-03-11,106,Shirt,Clothing,Brand A,40.0,3,120.0,In-Store
4303,2023-08-05,2662,20,Female,Miami,2022-01-21,117,Scarf,Accessories,Brand E,18.0,1,18.0,Online
4343,2023-08-05,2667,37,Female,Dallas,2022-06-10,110,Boots,Footwear,Brand D,110.0,2,220.0,Online
3440,2023-08-05,2534,26,Male,San Antonio,2023-01-14,117,Scarf,Accessories,Brand E,18.0,1,18.0,Online
3826,2023-08-05,2587,46,Female,Philadelphia,2021-05-03,116,Belt,Accessories,Brand A,20.0,1,20.0,In-Store
3158,2023-08-05,2493,58,Female,Miami,2022-09-02,107,Dress,Clothing,Brand B,65.0,1,65.0,In-Store
508,2023-08-05,2090,58,Male,San Antonio,2022-07-15,106,Shirt,Clothing,Brand A,40.0,2,80.0,In-Store
921,2023-08-05,2161,33,Male,Philadelphia,2022-09-13,113,Coat,Outerwear,Brand D,180.0,1,180.0,In-Store
2920,2023-08-05,2446,49,Female,Phoenix,2021-09-20,106,Shirt,Clothing,Brand A,40.0,2,80.0,In-Store
4628,2023-08-06,2712,21,Male,Dallas,2021-06-23,105,Hat,Accessories,Brand E,22.5,1,22.5,Online
891,2023-08-06,2154,63,Male,Dallas,2021-07-06,112,Running Shoes,Footwear,Brand C,85.0,1,85.0,Online
4165,2023-08-06,2639,22,Male,Chicago,2022-09-27,109,Shorts,Clothing,Brand E,30.0,2,60.0,Online
4859,2023-08-06,2737,20,Male,Philadelphia,2023-04-17,107,Dress,Clothing,Brand B,65.0,2,130.0,Online
3181,2023-08-06,2496,23,Female,Chicago,2021-04-22,118,Bag,Accessories,Brand B,60.0,1,60.0,Online
59,2023-08-06,2020,21,Female,San Diego,2023-03-08,117,Scarf,Accessories,Brand E,18.0,2,36.0,Online
4017,2023-08-07,2616,54,Male,Houston,2021-09-04,102,Jeans,Clothing,Brand B,75.0,1,75.0,In-Store
4607,2023-08-07,2708,28,Male,Phoenix,2021-12-24,116,Belt,Accessories,Brand A,20.0,2,40.0,Online
3939,2023-08-07,2604,26,Female,New York,2023-07-03,117,Scarf,Accessories,Brand E,18.0,1,18.0,Online
4066,2023-08-07,2623,24,Male,Philadelphia,2021-12-29,103,Sneakers,Footwear,Brand C,30.0,1,30.0,Online
2554,2023-08-07,2396,19,Female,Houston,2022-05-12,108,Hoodie,Clothing,Brand C,55.0,1,55.0,Online
3034,2023-08-08,2467,23,Male,New York,2021-11-18,103,Sneakers,Footwear,Brand C,30.0,1,30.0,Online
3100,2023-08-08,2482,52,Male,Chicago,2022-03-27,111,Sandals,Footwear,Brand E,35.0,3,105.0,In-Store
2824,2023-08-08,2430,51,Female,New York,2021-01-08,114,Parka,Outerwear,Brand B,150.0,1,150.0,In-Store
1549,2023-08-08,2258,38,Female,Miami,2021-03-15,113,Coat,Outerwear,Brand D,180.0,1,180.0,Online
4420,2023-08-08,2677,40,Male,Los Angeles,2023-06-22,120,Cap,Accessories,Brand E,15.0,2,30.0,In-Store
3621,2023-08-08,2557,23,Female,San Diego,2023-03-19,116,Belt,Accessories,Brand A,20.0,1,20.0,In-Store
5087,2023-08-08,2768,50,Female,Chicago,2022-01-15,115,Blazer,Outerwear,Brand A,130.0,1,130.0,In-Store
60,2023-08-09,2020,21,Female,San Diego,2023-03-08,109,Shorts,Clothing,Brand E,30.0,1,30.0,Online
2196,2023-08-09,2344,51,Male,New York,2021-12-18,114,Parka,Outerwear,Brand B,150.0,1,150.0,In-Store
4152,2023-08-09,2638,36,Male,Philadelphia,2021-06-03,113,Coat,Outerwear,Brand D,180.0,1,180.0,In-Store
2989,2023-08-09,2457,47,Female,Miami,2022-02-03,103,Sneakers,Footwear,Brand C,30.0,1,30.0,Online
2634,2023-08-10,2407,21,Male,San Antonio,2023-03-15,120,Cap,Accessories,Brand E,15.0,2,30.0,Online
1729,2023-08-10,2286,43,Female,Phoenix,2022-03-11,115,Blazer,Outerwear,Brand A,130.0,1,130.0,In-Store
1707,2023-08-10,2282,26,Male,Los Angeles,2021-10-23,118,Bag,Accessories,Brand B,60.0,2,120.0,Online
3194,2023-08-10,2499,41,Male,Houston,2022-02-25,102,Jeans,Clothing,Brand B,75.0,1,75.0,In-Store
2555,2023-08-10,2396,19,Female,Houston,2022-05-12,109,Shorts,Clothing,Brand E,30.0,2,60.0,Online
1011,2023-08-10,2174,51,Male,Philadelphia,2023-07-28,101,T-shirt,Clothing,Brand A,25.0,2,50.0,In-Store
2084,2023-08-10,2328,33,Male,Miami,2022-09-12,113,Coat,Outerwear,Brand D,180.0,1,180.0,Online
3783,2023-08-10,2581,20,Female,Los Angeles,2022-09-03,108,Hoodie,Clothing,Brand C,55.0,1,55.0,In-Store
214,2023-08-11,2044,18,Male,Miami,2021-05-25,107,Dress,Clothing,Brand B,65.0,1,65.0,Online
5279,2023-08-11,2795,38,Female,San Antonio,2021-04-25,104,Jacket,Outerwear,Brand D,120.0,1,120.0,Online
1420,2023-08-11,2237,41,Female,Philadelphia,2022-06-05,113,Coat,Outerwear,Brand D,180.0,1,180.0,Online
960,2023-08-11,2167,25,Female,Phoenix,2022-09-25,109,Shorts,Clothing,Brand E,30.0,2,60.0,Online
509,2023-08-11,2090,58,Male,San Antonio,2022-07-15,106,Shirt,Clothing,Brand A,40.0,1,40.0,In-Store
42,2023-08-11,2014,38,Female,Phoenix,2021-05-29,114,Parka,Outerwear,Brand B,150.0,1,150.0,Online
5163,2023-08-12,2783,20,Female,Miami,2021-05-24,101,T-shirt,Clothing,Brand A,25.0,1,25.0,Online
4000,2023-08-12,2615,20,Male,New York,2023-05-06,109,Shorts,Clothing,Brand E,30.0,1,30.0,Online
3068,2023-08-13,2473,18,Male,San Diego,2022-05-13,106,Shirt,Clothing,Brand A,40.0,1,40.0,Online
2540,2023-08-13,2393,39,Male,Los Angeles,2022-05-08,114,Parka,Outerwear,Brand B,150.0,1,150.0,Online
5071,2023-08-13,2767,41,Male,Chicago,2022-08-05,113,Coat,Outerwear,Brand D,180.0,1,180.0,In-Store
975,2023-08-13,2169,39,Male,San Antonio,2021-06-12,112,Running Shoes,Footwear,Brand C,85.0,1,85.0,Online
2174,2023-08-13,2342,21,Male,Los Angeles,2021-08-07,117,Scarf,Accessories,Brand E,18.0,2,36.0,Online
4938,2023-08-13,2746,40,Male,Dallas,2021-12-14,113,Coat,Outerwear,Brand D,180.0,1,180.0,In-Store
1481,2023-08-14,2251,31,Male,Philadelphia,2023-07-24,113,Coat,Outerwear,Brand D,180.0,1,180.0,In-Store
3855,2023-08-14,2590,32,Female,Phoenix,2023-03-16,114,Parka,Outerwear,Brand B,150.0,1,150.0,In-Store
3345,2023-08-14,2519,47,Male,Houston,2021-06-27,114,Parka,Outerwear,Brand B,150.0,1,150.0,In-Store
5023,2023-08-14,2761,22,Female,Dallas,2022-07-10,112,Running Shoes,Footwear,Brand C,85.0,2,170.0,Online
1968,2023-08-14,2314,48,Male,Houston,2021-05-11,101,T-shirt,Clothing,Brand A,25.0,1,25.0,In-Store
3548,2023-08-14,2548,26,Female,Los Angeles,2021-04-15,119,Sunglasses,Accessories,Brand C,45.0,2,90.0,In-Store
3599,2023-08-14,2553,22,Male,Chicago,2022-08-23,109,Shorts,Clothing,Brand E,30.0,2,60.0,In-Store
3622,2023-08-15,2557,23,Female,San Diego,2023-03-19,109,Shorts,Clothing,Brand E,30.0,1,30.0,Online
3283,2023-08-15,2514,28,Female,Houston,2022-11-04,120,Cap,Accessories,Brand E,15.0,2,30.0,Online
3884,2023-08-15,2595,36,Female,New York,2022-05-04,114,Parka,Outerwear,Brand B,150.0,1,150.0,Online
3724,2023-08-15,2570,39,Female,Philadelphia,2023-06-15,113,Coat,Outerwear,Brand D,180.0,1,180.0,Online
2389,2023-08-15,2370,18,Male,Dallas,2021-03-18,110,Boots,Footwear,Brand D,110.0,1,110.0,Online
3014,2023-08-16,2462,58,Male,New York,2022-10-05,112,Running Shoes,Footwear,Brand C,85.0,2,170.0,In-Store
961,2023-08-16,2167,25,Female,Phoenix,2022-09-25,111,Sandals,Footwear,Brand E,35.0,1,35.0,Online
3549,2023-08-16,2548,26,Female,Los Angeles,2021-04-15,105,Hat,Accessories,Brand E,22.5,3,67.5,Online
2347,2023-08-16,2367,19,Female,San Diego,2021-06-02,105,Hat,Accessories,Brand E,22.5,2,45.0,Online
2482,2023-08-16,2381,47,Female,New York,2023-07-09,109,Shorts,Clothing,Brand E,30.0,1,30.0,In-Store
3577,2023-08-16,2551,21,Female,San Antonio,2021-10-14,105,Hat,Accessories,Brand E,22.5,2,45.0,Online
287,2023-08-16,2054,37,Male,Phoenix,2023-06-07,104,Jacket,Outerwear,Brand D,120.0,1,120.0,In-Store
2513,2023-08-16,2390,26,Male,San Diego,2021-08-27,109,Shorts,Clothing,Brand E,30.0,1,30.0,Online
5072,2023-08-16,2767,41,Male,Chicago,2022-08-05,114,Parka,Outerwear,Brand B,150.0,1,150.0,Online
4304,2023-08-16,2662,20,Female,Miami,2022-01-21,102,Jeans,Clothing,Brand B,75.0,2,150.0,Online
2240,2023-08-16,2353,24,Female,Dallas,2021-10-07,120,Cap,Accessories,Brand E,15.0,1,15.0,Online
3480,2023-08-16,2541,20,Female,Philadelphia,2023-05-06,108,Hoodie,Clothing,Brand C,55.0,3,165.0,Online
3980,2023-08-16,2611,41,Male,Houston,2023-05-26,113,Coat,Outerwear,Brand D,180.0,1,180.0,Online
4240,2023-08-17,2652,21,Male,Philadelphia,2022-10-19,111,Sandals,Footwear,Brand E,35.0,1,35.0,Online
4229,2023-08-17,2651,20,Female,Miami,2022-03-04,107,Dress,Clothing,Brand B,65.0,1,65.0,In-Store
1933,2023-08-17,2307,52,Female,Dallas,2022-12-16,101,T-shirt,Clothing,Brand A,25.0,1,25.0,In-Store
3358,2023-08-17,2522,18,Female,San Diego,2023-06-29,101,T-shirt,Clothing,Brand A,25.0,2,50.0,Online
5164,2023-08-17,2783,20,Female,Miami,2021-05-24,105,Hat,Accessories,Brand E,22.5,2,45.0,In-Store
4037,2023-08-17,2618,21,Male,Houston,2021-01-08,108,Hoodie,Clothing,Brand C,55.0,2,110.0,Online
2406,2023-08-17,2371,22,Female,San Diego,2023-02-16,120,Cap,Accessories,Brand E,15.0,1,15.0,Online
4915,2023-08-17,2744,26,Male,Philadelphia,2023-03-22,118,Bag,Accessories,Brand B,60.0,1,60.0,Online
4843,2023-08-17,2736,21,Male,Los Angeles,2021-06-17,101,T-shirt,Clothing,Brand A,25.0,1,25.0,Online
2593,2023-08-18,2400,24,Male,New York,2023-07-31,106,Shirt,Clothing,Brand A,40.0,3,120.0,Online
684,2023-08-18,2114,24,Male,Dallas,2023-03-10,106,Shirt,Clothing,Brand A,40.0,1,40.0,Online
5073,2023-08-19,2767,41,Male,Chicago,2022-08-05,114,Parka,Outerwear,Brand B,150.0,2,300.0,Online
4735,2023-08-19,2724,36,Male,Houston,2022-05-27,114,Parka,Outerwear,Brand B,150.0,1,150.0,Online
2921,2023-08-19,2446,49,Female,Phoenix,2021-09-20,102,Jeans,Clothing,Brand B,75.0,2,150.0,In-Store
1612,2023-08-19,2271,26,Male,Philadelphia,2021-09-27,109,Shorts,Clothing,Brand E,30.0,2,60.0,Online
2390,2023-08-19,2370,18,Male,Dallas,2021-03-18,107,Dress,Clothing,Brand B,65.0,1,65.0,Online
20,2023-08-19,2011,22,Female,Chicago,2021-01-18,105,Hat,Accessories,Brand E,22.5,1,22.5,Online
4776,2023-08-19,2728,20,Female,Houston,2023-03-06,103,Sneakers,Footwear,Brand C,30.0,1,30.0,In-Store
2963,2023-08-19,2452,23,Male,Philadelphia,2021-07-28,105,Hat,Accessories,Brand E,22.5,3,67.5,Online
361,2023-08-19,2071,32,Female,Miami,2022-08-31,113,Coat,Outerwear,Brand D,180.0,1,180.0,In-Store
3520,2023-08-20,2545,37,Male,New York,2022-07-05,107,Dress,Clothing,Brand B,65.0,1,65.0,Online
2875,2023-08-20,2439,57,Female,Los Angeles,2022-08-13,115,Blazer,Outerwear,Brand A,130.0,1,130.0,In-Store
4221,2023-08-21,2650,21,Female,Houston,2021-01-20,120,Cap,Accessories,Brand E,15.0,2,30.0,Online
442,2023-08-21,2083,41,Male,New York,2022-12-17,114,Parka,Outerwear,Brand B,150.0,1,150.0,In-Store
3069,2023-08-21,2473,18,Male,San Diego,2022-05-13,120,Cap,Accessories,Brand E,15.0,1,15.0,Online
1350,2023-08-22,2227,50,Male,Miami,2023-05-11,102,Jeans,Clothing,Brand B,75.0,1,75.0,Online
1866,2023-08-22,2298,20,Male,Chicago,2021-07-27,108,Hoodie,Clothing,Brand C,55.0,2,110.0,Online
4018,2023-08-22,2616,54,Male,Houston,2021-09-04,101,T-shirt,Clothing,Brand A,25.0,1,25.0,In-Store
112,2023-08-22,2027,31,Male,Phoenix,2021-06-20,108,Hoodie,Clothing,Brand C,55.0,1,55.0,Online
3600,2023-08-22,2553,22,Male,Chicago,2022-08-23,116,Belt,Accessories,Brand A,20.0,1,20.0,Online
999,2023-08-22,2173,37,Female,Chicago,2021-09-15,113,Coat,Outerwear,Brand D,180.0,1,180.0,Online
4123,2023-08-22,2633,47,Male,San Diego,2023-03-26,113,Coat,Outerwear,Brand D,180.0,1,180.0,In-Store
2635,2023-08-23,2407,21,Male,San Antonio,2023-03-15,119,Sunglasses,Accessories,Brand C,45.0,1,45.0,Online
4962,2023-08-23,2750,20,Female,Los Angeles,2021-07-20,109,Shorts,Clothing,Brand E,30.0,1,30.0,Online
49,2023-08-23,2018,49,Male,Houston,2022-07-21,109,Shorts,Clothing,Brand E,30.0,1,30.0,In-Store
3827,2023-08-23,2587,46,Female,Philadelphia,2021-05-03,106,Shirt,Clothing,Brand A,40.0,1,40.0,In-Store
345,2023-08-23,2070,24,Male,San Antonio,2023-01-13,111,Sandals,Footwear,Brand E,35.0,2,70.0,Online
5089,2023-08-23,2769,38,Female,Houston,2023-06-26,109,Shorts,Clothing,Brand E,30.0,1,30.0,In-Store
1080,2023-08-24,2183,47,Female,Los Angeles,2021-12-06,106,Shirt,Clothing,Brand A,40.0,1,40.0,In-Store
2214,2023-08-24,2348,30,Male,Miami,2022-02-02,111,Sandals,Footwear,Brand E,35.0,1,35.0,Online
5165,2023-08-24,2783,20,Female,Miami,2021-05-24,116,Belt,Accessories,Brand A,20.0,1,20.0,In-Store
4124,2023-08-24,2633,47,Male,San Diego,2023-03-26,102,Jeans,Clothing,Brand B,75.0,1,75.0,In-Store
5104,2023-08-24,2771,50,Female,Phoenix,2022-12-26,110,Boots,Footwear,Brand D,110.0,1,110.0,Online
3725,2023-08-25,2570,39,Female,Philadelphia,2023-06-15,113,Coat,Outerwear,Brand D,180.0,1,180.0,In-Store
4363,2023-08-25,2670,24,Male,Miami,2021-09-15,106,Shirt,Clothing,Brand A,40.0,3,120.0,Online
3359,2023-08-25,2522,18,Female,San Diego,2023-06-29,119,Sunglasses,Accessories,Brand C,45.0,2,90.0,Online
4044,2023-08-25,2620,23,Female,Los Angeles,2023-08-14,112,Running Shoes,Footwear,Brand C,85.0,1,85.0,Online
371,2023-08-25,2072,20,Female,Chicago,2022-02-12,108,Hoodie,Clothing,Brand C,55.0,1,55.0,Online
1898,2023-08-25,2303,24,Male,Los Angeles,2021-09-22,107,Dress,Clothing,Brand B,65.0,1,65.0,Online
2955,2023-08-25,2451,43,Female,San Diego,2022-11-12,114,Parka,Outerwear,Brand B,150.0,1,150.0,Online
1730,2023-08-26,2286,43,Female,Phoenix,2022-03-11,113,Coat,Outerwear,Brand D,180.0,1,180.0,Online
4001,2023-08-26,2615,20,Male,New York,2023-05-06,109,Shorts,Clothing,Brand E,30.0,1,30.0,Online
1680,2023-08-26,2278,37,Male,Philadelphia,2022-01-26,113,Coat,Outerwear,Brand D,180.0,1,180.0,In-Store
4694,2023-08-26,2720,20,Female,Miami,2023-08-06,116,Belt,Accessories,Brand A,20.0,1,20.0,In-Store
3981,2023-08-26,2611,41,Male,Houston,2023-05-26,115,Blazer,Outerwear,Brand A,130.0,1,130.0,Online
4620,2023-08-26,2710,23,Male,Chicago,2023-01-12,106,Shirt,Clothing,Brand A,40.0,1,40.0,Online
1832,2023-08-26,2297,23,Female,Dallas,2021-05-17,111,Sandals,Footwear,Brand E,35.0,1,35.0,Online
4067,2023-08-26,2623,24,Male,Philadelphia,2021-12-29,115,Blazer,Outerwear,Brand A,130.0,1,130.0,Online
3951,2023-08-26,2606,38,Male,Los Angeles,2022-06-03,113,Coat,Outerwear,Brand D,180.0,1,180.0,In-Store
1978,2023-08-26,2315,53,Female,Dallas,2023-05-31,108,Hoodie,Clothing,Brand C,55.0,1,55.0,In-Store
4351,2023-08-27,2668,52,Female,Chicago,2023-08-06,112,Running Shoes,Footwear,Brand C,85.0,1,85.0,Online
4860,2023-08-27,2737,20,Male,Philadelphia,2023-04-17,120,Cap,Accessories,Brand E,15.0,2,30.0,Online
2112,2023-08-27,2334,51,Male,Los Angeles,2021-12-14,113,Coat,Outerwear,Brand D,180.0,1,180.0,In-Store
2391,2023-08-27,2370,18,Male,Dallas,2021-03-18,101,T-shirt,Clothing,Brand A,25.0,1,25.0,Online
1321,2023-08-27,2223,43,Female,Los Angeles,2022-01-08,113,Coat,Outerwear,Brand D,180.0,1,180.0,In-Store
1435,2023-08-27,2243,19,Female,Houston,2021-11-29,119,Sunglasses,Accessories,Brand C,45.0,1,45.0,Online
5105,2023-08-28,2771,50,Female,Phoenix,2022-12-26,114,Parka,Outerwear,Brand B,150.0,1,150.0,Online
3756,2023-08-28,2575,47,Female,Chicago,2022-10-27,119,Sunglasses,Accessories,Brand C,45.0,2,90.0,Online
830,2023-08-28,2141,38,Male,Los Angeles,2022-11-16,114,Parka,Outerwear,Brand B,150.0,1,150.0,In-Store
1818,2023-08-28,2296,48,Male,Dallas,2021-11-30,115,Blazer,Outerwear,Brand A,130.0,1,130.0,In-Store
3561,2023-08-28,2549,18,Male,New York,2023-07-19,103,Sneakers,Footwear,Brand C,30.0,2,60.0,Online
241,2023-08-28,2049,23,Male,Phoenix,2022-07-21,119,Sunglasses,Accessories,Brand C,45.0,2,90.0,Online
695,2023-08-28,2115,21,Male,San Diego,2021-04-30,102,Jeans,Clothing,Brand B,75.0,1,75.0,Online
3027,2023-08-28,2466,20,Female,Houston,2023-04-27,120,Cap,Accessories,Brand E,15.0,1,15.0,Online
1904,2023-08-28,2305,55,Female,New York,2021-03-18,102,Jeans,Clothing,Brand B,75.0,2,150.0,In-Store
2787,2023-08-28,2424,20,Female,Chicago,2023-05-31,109,Shorts,Clothing,Brand E,30.0,1,30.0,Online
1934,2023-08-29,2307,52,Female,Dallas,2022-12-16,107,Dress,Clothing,Brand B,65.0,1,65.0,In-Store
4203,2023-08-29,2647,67,Female,Phoenix,2022-06-10,118,Bag,Accessories,Brand B,60.0,1,60.0,In-Store
3015,2023-08-29,2462,58,Male,New York,2022-10-05,104,Jacket,Outerwear,Brand D,120.0,2,240.0,In-Store
2260,2023-08-29,2357,26,Female,San Diego,2022-10-11,105,Hat,Accessories,Brand E,22.5,1,22.5,Online
2085,2023-08-29,2328,33,Male,Miami,2022-09-12,114,Parka,Outerwear,Brand B,150.0,1,150.0,Online
4559,2023-08-29,2700,55,Male,Los Angeles,2023-02-03,102,Jeans,Clothing,Brand B,75.0,1,75.0,In-Store
3663,2023-08-29,2562,20,Male,New York,2021-09-10,116,Belt,Accessories,Brand A,20.0,1,20.0,In-Store
5062,2023-08-30,2766,46,Male,Houston,2023-07-08,111,Sandals,Footwear,Brand E,35.0,1,35.0,In-Store
628,2023-08-30,2108,25,Male,New York,2022-05-04,120,Cap,Accessories,Brand E,15.0,1,15.0,Online
720,2023-08-30,2120,58,Female,Phoenix,2022-07-03,111,Sandals,Footwear,Brand E,35.0,1,35.0,Online
2310,2023-08-30,2363,20,Female,Philadelphia,2022-11-03,109,Shorts,Clothing,Brand E,30.0,1,30.0,Online
3324,2023-08-30,2517,40,Male,Miami,2022-08-12,114,Parka,Outerwear,Brand B,150.0,1,150.0,In-Store
3562,2023-08-30,2549,18,Male,New York,2023-07-19,116,Belt,Accessories,Brand A,20.0,2,40.0,Online
3297,2023-08-31,2515,23,Female,San Antonio,2022-03-31,116,Belt,Accessories,Brand A,20.0,2,40.0,In-Store
1891,2023-08-31,2301,27,Male,New York,2023-05-11,103,Sneakers,Footwear,Brand C,30.0,2,60.0,Online
2636,2023-08-31,2407,21,Male,San Antonio,2023-03-15,105,Hat,Accessories,Brand E,22.5,1,22.5,Online
1647,2023-08-31,2275,53,Male,San Diego,2021-09-28,107,Dress,Clothing,Brand B,65.0,2,130.0,In-Store
654,2023-09-01,2110,45,Female,San Antonio,2021-02-14,112,Running Shoes,Footwear,Brand C,85.0,2,170.0,In-Store
1333,2023-09-01,2225,18,Male,Dallas,2022-07-05,103,Sneakers,Footwear,Brand C,30.0,1,30.0,In-Store
2594,2023-09-01,2400,24,Male,New York,2023-07-31,110,Boots,Footwear,Brand D,110.0,1,110.0,Online
2040,2023-09-01,2324,18,Female,Phoenix,2022-02-06,109,Shorts,Clothing,Brand E,30.0,1,30.0,In-Store
3333,2023-09-01,2518,18,Male,Dallas,2023-05-06,116,Belt,Accessories,Brand A,20.0,1,20.0,Online
587,2023-09-02,2101,41,Female,Phoenix,2021-06-14,113,Coat,Outerwear,Brand D,180.0,1,180.0,In-Store
3417,2023-09-02,2529,24,Female,Philadelphia,2021-07-12,105,Hat,Accessories,Brand E,22.5,1,22.5,Online
2041,2023-09-02,2324,18,Female,Phoenix,2022-02-06,101,T-shirt,Clothing,Brand A,25.0,1,25.0,Online
3578,2023-09-02,2551,21,Female,San Antonio,2021-10-14,103,Sneakers,Footwear,Brand C,30.0,3,90.0,Online
922,2023-09-02,2161,33,Male,Philadelphia,2022-09-13,114,Parka,Outerwear,Brand B,150.0,1,150.0,Online
3940,2023-09-02,2604,26,Female,New York,2023-07-03,120,Cap,Accessories,Brand E,15.0,2,30.0,In-Store
4068,2023-09-02,2623,24,Male,Philadelphia,2021-12-29,108,Hoodie,Clothing,Brand C,55.0,1,55.0,Online
4657,2023-09-02,2715,37,Female,New York,2023-08-07,106,Shirt,Clothing,Brand A,40.0,1,40.0,In-Store
4519,2023-09-03,2694,33,Male,Los Angeles,2022-02-27,113,Coat,Outerwear,Brand D,180.0,1,180.0,Online
1000,2023-09-03,2173,37,Female,Chicago,2021-09-15,113,Coat,Outerwear,Brand D,180.0,1,180.0,Online
1810,2023-09-03,2295,50,Female,Philadelphia,2021-08-11,112,Running Shoes,Footwear,Brand C,85.0,1,85.0,In-Store
4398,2023-09-03,2673,19,Male,Houston,2021-12-12,109,Shorts,Clothing,Brand E,30.0,1,30.0,Online
3856,2023-09-03,2590,32,Female,Phoenix,2023-03-16,113,Coat,Outerwear,Brand D,180.0,1,180.0,In-Store
1410,2023-09-03,2236,21,Male,Houston,2022-10-24,117,Scarf,Accessories,Brand E,18.0,1,18.0,Online
173,2023-09-04,2037,59,Male,Philadelphia,2021-10-17,110,Boots,Footwear,Brand D,110.0,1,110.0,In-Store
1979,2023-09-04,2315,53,Female,Dallas,2023-05-31,108,Hoodie,Clothing,Brand C,55.0,1,55.0,In-Store
2721,2023-09-04,2414,21,Male,San Diego,2022-04-11,119,Sunglasses,Accessories,Brand C,45.0,1,45.0,Online
3638,2023-09-04,2559,18,Female,San Diego,2021-09-19,108,Hoodie,Clothing,Brand C,55.0,2,110.0,Online
2042,2023-09-04,2324,18,Female,Phoenix,2022-02-06,120,Cap,Accessories,Brand E,15.0,1,15.0,Online
2095,2023-09-04,2329,22,Male,Los Angeles,2023-07-03,120,Cap,Accessories,Brand E,15.0,1,15.0,Online
3579,2023-09-04,2551,21,Female,San Antonio,2021-10-14,101,T-shirt,Clothing,Brand A,25.0,1,25.0,Online
3587,2023-09-04,2552,45,Male,Houston,2023-01-25,104,Jacket,Outerwear,Brand D,120.0,1,120.0,Online
1448,2023-09-05,2245,23,Female,Chicago,2021-07-05,102,Jeans,Clothing,Brand B,75.0,1,75.0,Online
1568,2023-09-05,2265,41,Male,San Diego,2021-04-06,114,Parka,Outerwear,Brand B,150.0,1,150.0,Online
1226,2023-09-05,2209,34,Male,San Diego,2021-09-15,113,Coat,Outerwear,Brand D,180.0,1,180.0,In-Store
1130,2023-09-05,2192,24,Female,Los Angeles,2023-03-29,116,Belt,Accessories,Brand A,20.0,3,60.0,Online
2516,2023-09-05,2391,50,Female,Dallas,2023-01-28,104,Jacket,Outerwear,Brand D,120.0,2,240.0,In-Store
61,2023-09-05,2020,21,Female,San Diego,2023-03-08,106,Shirt,Clothing,Brand A,40.0,2,80.0,Online
2175,2023-09-05,2342,21,Male,Los Angeles,2021-08-07,106,Shirt,Clothing,Brand A,40.0,1,40.0,Online
2010,2023-09-05,2320,54,Female,Phoenix,2022-02-04,107,Dress,Clothing,Brand B,65.0,2,130.0,Online
139,2023-09-06,2033,49,Male,New York,2021-03-16,106,Shirt,Clothing,Brand A,40.0,2,80.0,In-Store
2890,2023-09-06,2441,19,Male,San Antonio,2022-11-09,107,Dress,Clothing,Brand B,65.0,1,65.0,Online
2572,2023-09-06,2398,19,Male,San Antonio,2022-10-18,111,Sandals,Footwear,Brand E,35.0,1,35.0,Online
3174,2023-09-06,2495,34,Female,Los Angeles,2023-02-25,108,Hoodie,Clothing,Brand C,55.0,2,110.0,In-Store
3750,2023-09-06,2574,21,Female,Phoenix,2021-10-02,103,Sneakers,Footwear,Brand C,30.0,1,30.0,Online
2348,2023-09-06,2367,19,Female,San Diego,2021-06-02,107,Dress,Clothing,Brand B,65.0,2,130.0,Online
3778,2023-09-06,2580,18,Female,San Diego,2023-05-31,106,Shirt,Clothing,Brand A,40.0,1,40.0,In-Store
4038,2023-09-06,2618,21,Male,Houston,2021-01-08,118,Bag,Accessories,Brand B,60.0,1,60.0,Online
1892,2023-09-06,2301,27,Male,New York,2023-05-11,120,Cap,Accessories,Brand E,15.0,1,15.0,Online
696,2023-09-07,2115,21,Male,San Diego,2021-04-30,120,Cap,Accessories,Brand E,15.0,1,15.0,Online
4723,2023-09-07,2723,39,Female,Phoenix,2021-02-27,113,Coat,Outerwear,Brand D,180.0,1,180.0,Online
215,2023-09-07,2044,18,Male,Miami,2021-05-25,117,Scarf,Accessories,Brand E,18.0,1,18.0,Online
417,2023-09-07,2077,39,Male,Miami,2022-12-11,114,Parka,Outerwear,Brand B,150.0,1,150.0,In-Store
3751,2023-09-07,2574,21,Female,Phoenix,2021-10-02,109,Shorts,Clothing,Brand E,30.0,3,90.0,Online
2165,2023-09-07,2341,37,Female,Los Angeles,2021-02-26,114,Parka,Outerwear,Brand B,150.0,1,150.0,In-Store
380,2023-09-08,2073,56,Female,New York,2023-04-29,106,Shirt,Clothing,Brand A,40.0,1,40.0,In-Store
2532,2023-09-08,2392,40,Female,Dallas,2021-01-22,101,T-shirt,Clothing,Brand A,25.0,1,25.0,In-Store
4264,2023-09-08,2655,18,Female,Chicago,2021-02-09,109,Shorts,Clothing,Brand E,30.0,2,60.0,Online
4530,2023-09-08,2696,21,Male,Los Angeles,2023-08-31,106,Shirt,Clothing,Brand A,40.0,2,80.0,Online
2158,2023-09-08,2340,27,Male,Los Angeles,2022-04-26,107,Dress,Clothing,Brand B,65.0,1,65.0,Online
2663,2023-09-08,2409,28,Female,Miami,2021-03-20,113,Coat,Outerwear,Brand D,180.0,1,180.0,Online
1035,2023-09-08,2177,70,Female,Chicago,2022-04-20,103,Sneakers,Footwear,Brand C,30.0,1,30.0,In-Store
1380,2023-09-09,2232,50,Female,San Diego,2023-01-12,110,Boots,Footwear,Brand D,110.0,1,110.0,In-Store
2452,2023-09-09,2377,29,Female,Philadelphia,2023-07-12,115,Blazer,Outerwear,Brand A,130.0,1,130.0,In-Store
1764,2023-09-09,2291,19,Male,Philadelphia,2023-07-21,104,Jacket,Outerwear,Brand D,120.0,1,120.0,Online
599,2023-09-09,2102,26,Male,Dallas,2022-05-14,119,Sunglasses,Accessories,Brand C,45.0,1,45.0,Online
1708,2023-09-10,2282,26,Male,Los Angeles,2021-10-23,102,Jeans,Clothing,Brand B,75.0,1,75.0,Online
2392,2023-09-10,2370,18,Male,Dallas,2021-03-18,105,Hat,Accessories,Brand E,22.5,1,22.5,Online
2311,2023-09-10,2363,20,Female,Philadelphia,2022-11-03,117,Scarf,Accessories,Brand E,18.0,2,36.0,Online
1833,2023-09-10,2297,23,Female,Dallas,2021-05-17,117,Scarf,Accessories,Brand E,18.0,1,18.0,Online
4724,2023-09-10,2723,39,Female,Phoenix,2021-02-27,113,Coat,Outerwear,Brand D,180.0,1,180.0,Online
966,2023-09-10,2168,40,Male,Phoenix,2022-02-06,113,Coat,Outerwear,Brand D,180.0,1,180.0,Online
3400,2023-09-10,2528,27,Female,New York,2022-09-27,112,Running Shoes,Footwear,Brand C,85.0,3,255.0,In-Store
5184,2023-09-10,2784,52,Male,Philadelphia,2021-11-18,101,T-shirt,Clothing,Brand A,25.0,1,25.0,In-Store
3278,2023-09-11,2513,25,Female,Dallas,2021-07-26,103,Sneakers,Footwear,Brand C,30.0,2,60.0,Online
2940,2023-09-11,2449,20,Male,San Diego,2023-03-11,109,Shorts,Clothing,Brand E,30.0,1,30.0,Online
1393,2023-09-11,2233,28,Female,New York,2023-03-15,105,Hat,Accessories,Brand E,22.5,1,22.5,Online
2832,2023-09-11,2431,42,Female,Phoenix,2021-03-15,113,Coat,Outerwear,Brand D,180.0,1,180.0,In-Store
4383,2023-09-11,2672,49,Female,Chicago,2023-01-12,111,Sandals,Footwear,Brand E,35.0,1,35.0,In-Store
4666,2023-09-11,2716,20,Male,New York,2023-03-11,103,Sneakers,Footwear,Brand C,30.0,1,30.0,Online
4890,2023-09-11,2741,19,Male,Chicago,2023-04-10,117,Scarf,Accessories,Brand E,18.0,2,36.0,Online
3952,2023-09-11,2606,38,Male,Los Angeles,2022-06-03,114,Parka,Outerwear,Brand B,150.0,1,150.0,Online
2533,2023-09-11,2392,40,Female,Dallas,2021-01-22,105,Hat,Accessories,Brand E,22.5,1,22.5,In-Store
4344,2023-09-12,2667,37,Female,Dallas,2022-06-10,114,Parka,Outerwear,Brand B,150.0,1,150.0,Online
4943,2023-09-12,2747,65,Male,San Antonio,2021-04-20,102,Jeans,Clothing,Brand B,75.0,1,75.0,In-Store
3664,2023-09-12,2562,20,Male,New York,2021-09-10,111,Sandals,Footwear,Brand E,35.0,1,35.0,Online
268,2023-09-12,2051,34,Male,San Diego,2022-04-30,115,Blazer,Outerwear,Brand A,130.0,1,130.0,In-Store
2101,2023-09-12,2330,18,Female,Miami,2021-10-20,119,Sunglasses,Accessories,Brand C,45.0,1,45.0,Online
760,2023-09-12,2128,19,Male,Chicago,2022-06-21,116,Belt,Accessories,Brand A,20.0,2,40.0,Online
1527,2023-09-13,2256,23,Female,Chicago,2022-10-12,103,Sneakers,Footwear,Brand C,30.0,1,30.0,Online
600,2023-09-13,2102,26,Male,Dallas,2022-05-14,106,Shirt,Clothing,Brand A,40.0,1,40.0,Online
1550,2023-09-13,2258,38,Female,Miami,2021-03-15,113,Coat,Outerwear,Brand D,180.0,1,180.0,In-Store
3793,2023-09-13,2582,25,Male,Los Angeles,2021-05-30,119,Sunglasses,Accessories,Brand C,45.0,1,45.0,In-Store
4560,2023-09-13,2700,55,Male,Los Angeles,2023-02-03,112,Running Shoes,Footwear,Brand C,85.0,2,170.0,In-Store
2012,2023-09-13,2321,22,Female,Phoenix,2023-06-30,109,Shorts,Clothing,Brand E,30.0,1,30.0,Online
915,2023-09-13,2160,53,Female,San Antonio,2021-08-14,106,Shirt,Clothing,Brand A,40.0,1,40.0,In-Store
835,2023-09-13,2145,46,Male,Houston,2021-09-09,112,Running Shoes,Footwear,Brand C,85.0,1,85.0,In-Store
1781,2023-09-14,2292,21,Female,Houston,2022-10-12,101,T-shirt,Clothing,Brand A,25.0,1,25.0,Online
3151,2023-09-14,2492,51,Female,San Antonio,2022-12-18,106,Shirt,Clothing,Brand A,40.0,1,40.0,In-Store
4667,2023-09-14,2716,20,Male,New York,2023-03-11,120,Cap,Accessories,Brand E,15.0,2,30.0,Online
5136,2023-09-14,2778,40,Female,San Diego,2021-11-02,106,Shirt,Clothing,Brand A,40.0,3,120.0,In-Store
4750,2023-09-14,2725,22,Male,Houston,2023-03-04,112,Running Shoes,Footwear,Brand C,85.0,1,85.0,In-Store
1551,2023-09-14,2258,38,Female,Miami,2021-03-15,113,Coat,Outerwear,Brand D,180.0,1,180.0,In-Store
1019,2023-09-15,2175,23,Male,Philadelphia,2021-06-01,108,Hoodie,Clothing,Brand C,55.0,2,110.0,Online
314,2023-09-15,2061,38,Male,Chicago,2021-03-15,104,Jacket,Outerwear,Brand D,120.0,1,120.0,In-Store
2043,2023-09-15,2324,18,Female,Phoenix,2022-02-06,117,Scarf,Accessories,Brand E,18.0,1,18.0,Online
2573,2023-09-15,2398,19,Male,San Antonio,2022-10-18,120,Cap,Accessories,Brand E,15.0,1,15.0,Online
5212,2023-09-15,2787,42,Female,San Diego,2023-03-19,113,Coat,Outerwear,Brand D,180.0,1,180.0,In-Store
3195,2023-09-15,2499,41,Male,Houston,2022-02-25,115,Blazer,Outerwear,Brand A,130.0,1,130.0,In-Store
2763,2023-09-16,2421,19,Male,Phoenix,2022-12-20,111,Sandals,Footwear,Brand E,35.0,1,35.0,Online
3279,2023-09-16,2513,25,Female,Dallas,2021-07-26,106,Shirt,Clothing,Brand A,40.0,3,120.0,Online
390,2023-09-16,2074,21,Female,San Antonio,2022-08-20,109,Shorts,Clothing,Brand E,30.0,1,30.0,In-Store
4963,2023-09-16,2750,20,Female,Los Angeles,2021-07-20,120,Cap,Accessories,Brand E,15.0,1,15.0,Online
74,2023-09-16,2021,36,Male,Dallas,2021-01-02,117,Scarf,Accessories,Brand E,18.0,1,18.0,Online
2548,2023-09-16,2395,36,Male,Los Angeles,2022-07-05,115,Blazer,Outerwear,Brand A,130.0,1,130.0,Online
3683,2023-09-16,2564,22,Male,Phoenix,2023-03-18,108,Hoodie,Clothing,Brand C,55.0,1,55.0,Online
4844,2023-09-16,2736,21,Male,Los Angeles,2021-06-17,101,T-shirt,Clothing,Brand A,25.0,1,25.0,Online
2166,2023-09-16,2341,37,Female,Los Angeles,2021-02-26,104,Jacket,Outerwear,Brand D,120.0,1,120.0,Online
4777,2023-09-16,2728,20,Female,Houston,2023-03-06,116,Belt,Accessories,Brand A,20.0,1,20.0,Online
5088,2023-09-17,2768,50,Female,Chicago,2022-01-15,118,Bag,Accessories,Brand B,60.0,1,60.0,In-Store
1066,2023-09-17,2181,43,Female,Chicago,2021-10-25,113,Coat,Outerwear,Brand D,180.0,1,180.0,In-Store
190,2023-09-17,2041,21,Female,Phoenix,2023-08-25,105,Hat,Accessories,Brand E,22.5,2,45.0,Online
1269,2023-09-17,2215,54,Female,Chicago,2021-03-26,109,Shorts,Clothing,Brand E,30.0,1,30.0,In-Store
746,2023-09-17,2124,52,Female,Dallas,2022-02-07,110,Boots,Footwear,Brand D,110.0,1,110.0,Online
2176,2023-09-17,2342,21,Male,Los Angeles,2021-08-07,106,Shirt,Clothing,Brand A,40.0,2,80.0,Online
1372,2023-09-17,2231,19,Male,New York,2022-08-06,106,Shirt,Clothing,Brand A,40.0,2,80.0,Online
1131,2023-09-17,2192,24,Female,Los Angeles,2023-03-29,101,T-shirt,Clothing,Brand A,25.0,1,25.0,Online
4544,2023-09-17,2699,55,Male,Philadelphia,2023-07-12,115,Blazer,Outerwear,Brand A,130.0,2,260.0,In-Store
2611,2023-09-17,2404,28,Male,Chicago,2022-05-31,108,Hoodie,Clothing,Brand C,55.0,1,55.0,In-Store
3639,2023-09-17,2559,18,Female,San Diego,2021-09-19,116,Belt,Accessories,Brand A,20.0,2,40.0,Online
4439,2023-09-18,2679,28,Male,Miami,2022-10-05,113,Coat,Outerwear,Brand D,180.0,1,180.0,Online
2722,2023-09-18,2414,21,Male,San Diego,2022-04-11,118,Bag,Accessories,Brand B,60.0,1,60.0,Online
3117,2023-09-18,2483,21,Male,Phoenix,2021-12-06,107,Dress,Clothing,Brand B,65.0,1,65.0,Online
5233,2023-09-18,2789,26,Female,San Antonio,2021-06-04,117,Scarf,Accessories,Brand E,18.0,1,18.0,Online
2941,2023-09-18,2449,20,Male,San Diego,2023-03-11,101,T-shirt,Clothing,Brand A,25.0,4,100.0,Online
4039,2023-09-18,2618,21,Male,Houston,2021-01-08,105,Hat,Accessories,Brand E,22.5,1,22.5,Online
2574,2023-09-18,2398,19,Male,San Antonio,2022-10-18,116,Belt,Accessories,Brand A,20.0,1,20.0,Online
2062,2023-09-19,2325,18,Male,Miami,2023-06-29,106,Shirt,Clothing,Brand A,40.0,1,40.0,Online
5318,2023-09-19,2802,24,Female,San Antonio,2021-06-18,106,Shirt,Clothing,Brand A,40.0,1,40.0,Online
2086,2023-09-19,2328,33,Male,Miami,2022-09-12,113,Coat,Outerwear,Brand D,180.0,1,180.0,Online
2922,2023-09-19,2446,49,Female,Phoenix,2021-09-20,108,Hoodie,Clothing,Brand C,55.0,1,55.0,In-Store
4825,2023-09-19,2734,55,Male,Phoenix,2022-03-12,114,Parka,Outerwear,Brand B,150.0,2,300.0,In-Store
2906,2023-09-20,2443,18,Male,Philadelphia,2021-08-03,119,Sunglasses,Accessories,Brand C,45.0,1,45.0,Online
461,2023-09-20,2085,21,Male,Phoenix,2021-03-18,116,Belt,Accessories,Brand A,20.0,1,20.0,Online
938,2023-09-20,2162,37,Female,Houston,2021-11-16,113,Coat,Outerwear,Brand D,180.0,1,180.0,In-Store
4461,2023-09-20,2682,23,Male,Miami,2022-12-08,101,T-shirt,Clothing,Brand A,25.0,2,50.0,Online
75,2023-09-20,2021,36,Male,Dallas,2021-01-02,117,Scarf,Accessories,Brand E,18.0,2,36.0,Online
3182,2023-09-21,2496,23,Female,Chicago,2021-04-22,120,Cap,Accessories,Brand E,15.0,1,15.0,Online
423,2023-09-21,2080,22,Female,Miami,2023-04-28,101,T-shirt,Clothing,Brand A,25.0,2,50.0,Online
1227,2023-09-21,2209,34,Male,San Diego,2021-09-15,115,Blazer,Outerwear,Brand A,130.0,1,130.0,In-Store
4826,2023-09-21,2734,55,Male,Phoenix,2022-03-12,107,Dress,Clothing,Brand B,65.0,1,65.0,In-Store
5063,2023-09-21,2766,46,Male,Houston,2023-07-08,101,T-shirt,Clothing,Brand A,25.0,2,50.0,In-Store
4462,2023-09-21,2682,23,Male,Miami,2022-12-08,108,Hoodie,Clothing,Brand C,55.0,1,55.0,In-Store
2637,2023-09-21,2407,21,Male,San Antonio,2023-03-15,109,Shorts,Clothing,Brand E,30.0,3,90.0,Online
1336,2023-09-21,2226,22,Male,Chicago,2021-10-21,120,Cap,Accessories,Brand E,15.0,2,30.0,In-Store
5000,2023-09-21,2755,41,Female,Los Angeles,2021-04-13,116,Belt,Accessories,Brand A,20.0,1,20.0,In-Store
1105,2023-09-21,2188,40,Female,Miami,2021-03-03,113,Coat,Outerwear,Brand D,180.0,1,180.0,Online
2312,2023-09-21,2363,20,Female,Philadelphia,2022-11-03,111,Sandals,Footwear,Brand E,35.0,1,35.0,Online
191,2023-09-21,2041,21,Female,Phoenix,2023-08-25,116,Belt,Accessories,Brand A,20.0,1,20.0,Online
1569,2023-09-21,2265,41,Male,San Diego,2021-04-06,114,Parka,Outerwear,Brand B,150.0,1,150.0,Online
1905,2023-09-22,2305,55,Female,New York,2021-03-18,119,Sunglasses,Accessories,Brand C,45.0,1,45.0,In-Store
4125,2023-09-22,2633,47,Male,San Diego,2023-03-26,115,Blazer,Outerwear,Brand A,130.0,1,130.0,In-Store
1867,2023-09-22,2298,20,Male,Chicago,2021-07-27,120,Cap,Accessories,Brand E,15.0,3,45.0,Online
617,2023-09-22,2105,23,Male,Los Angeles,2021-02-22,119,Sunglasses,Accessories,Brand C,45.0,3,135.0,Online
4579,2023-09-22,2703,23,Male,Dallas,2023-09-06,120,Cap,Accessories,Brand E,15.0,1,15.0,Online
3601,2023-09-22,2553,22,Male,Chicago,2022-08-23,109,Shorts,Clothing,Brand E,30.0,1,30.0,Online
5119,2023-09-22,2777,57,Male,Miami,2023-07-31,101,T-shirt,Clothing,Brand A,25.0,1,25.0,Online
3580,2023-09-22,2551,21,Female,San Antonio,2021-10-14,116,Belt,Accessories,Brand A,20.0,1,20.0,Online
424,2023-09-22,2080,22,Female,Miami,2023-04-28,116,Belt,Accessories,Brand A,20.0,2,40.0,Online
326,2023-09-22,2068,37,Female,San Diego,2022-01-22,114,Parka,Outerwear,Brand B,150.0,1,150.0,In-Store
4241,2023-09-22,2652,21,Male,Philadelphia,2022-10-19,117,Scarf,Accessories,Brand E,18.0,2,36.0,Online
3129,2023-09-22,2485,40,Female,Phoenix,2023-05-21,113,Coat,Outerwear,Brand D,180.0,1,180.0,In-Store
3401,2023-09-23,2528,27,Female,New York,2022-09-27,117,Scarf,Accessories,Brand E,18.0,2,36.0,Online
2210,2023-09-23,2346,22,Male,San Diego,2022-11-25,116,Belt,Accessories,Brand A,20.0,1,20.0,Online
3874,2023-09-23,2591,40,Female,Miami,2021-04-25,113,Coat,Outerwear,Brand D,180.0,1,180.0,In-Store
1411,2023-09-23,2236,21,Male,Houston,2022-10-24,120,Cap,Accessories,Brand E,15.0,1,15.0,In-Store
3684,2023-09-23,2564,22,Male,Phoenix,2023-03-18,118,Bag,Accessories,Brand B,60.0,2,120.0,Online
2608,2023-09-23,2403,38,Female,San Antonio,2023-08-12,113,Coat,Outerwear,Brand D,180.0,1,180.0,Online
4861,2023-09-24,2737,20,Male,Philadelphia,2023-04-17,103,Sneakers,Footwear,Brand C,30.0,2,60.0,Online
4532,2023-09-24,2697,23,Male,Los Angeles,2023-03-24,108,Hoodie,Clothing,Brand C,55.0,1,55.0,In-Store
3627,2023-09-24,2558,55,Male,Dallas,2023-02-08,107,Dress,Clothing,Brand B,65.0,2,130.0,In-Store
5250,2023-09-24,2791,53,Male,Houston,2022-04-08,109,Shorts,Clothing,Brand E,30.0,1,30.0,In-Store
3738,2023-09-25,2572,42,Female,San Diego,2021-05-11,113,Coat,Outerwear,Brand D,180.0,1,180.0,Online
618,2023-09-25,2105,23,Male,Los Angeles,2021-02-22,120,Cap,Accessories,Brand E,15.0,1,15.0,In-Store
3054,2023-09-25,2471,64,Female,Chicago,2023-04-04,101,T-shirt,Clothing,Brand A,25.0,1,25.0,In-Store
3346,2023-09-25,2519,47,Male,Houston,2021-06-27,103,Sneakers,Footwear,Brand C,30.0,2,60.0,In-Store
4185,2023-09-25,2643,24,Female,Houston,2023-05-27,118,Bag,Accessories,Brand B,60.0,1,60.0,In-Store
726,2023-09-25,2121,41,Female,Chicago,2022-05-05,114,Parka,Outerwear,Brand B,150.0,1,150.0,Online
1709,2023-09-26,2282,26,Male,Los Angeles,2021-10-23,101,T-shirt,Clothing,Brand A,25.0,3,75.0,Online
2220,2023-09-26,2349,28,Female,Houston,2022-02-24,113,Coat,Outerwear,Brand D,180.0,1,180.0,In-Store
2461,2023-09-26,2379,54,Male,Dallas,2022-01-10,108,Hoodie,Clothing,Brand C,55.0,3,165.0,In-Store
1490,2023-09-26,2252,62,Female,San Diego,2022-03-10,109,Shorts,Clothing,Brand E,30.0,1,30.0,In-Store
685,2023-09-26,2114,24,Male,Dallas,2023-03-10,101,T-shirt,Clothing,Brand A,25.0,1,25.0,Online
3402,2023-09-26,2528,27,Female,New York,2022-09-27,103,Sneakers,Footwear,Brand C,30.0,1,30.0,Online
409,2023-09-26,2075,38,Female,Miami,2022-05-11,113,Coat,Outerwear,Brand D,180.0,1,180.0,In-Store
4608,2023-09-26,2708,28,Male,Phoenix,2021-12-24,116,Belt,Accessories,Brand A,20.0,1,20.0,In-Store
5044,2023-09-26,2763,32,Female,San Diego,2021-03-05,115,Blazer,Outerwear,Brand A,130.0,1,130.0,In-Store
4791,2023-09-26,2729,20,Male,Dallas,2022-04-21,105,Hat,Accessories,Brand E,22.5,2,45.0,Online
4751,2023-09-27,2725,22,Male,Houston,2023-03-04,106,Shirt,Clothing,Brand A,40.0,2,80.0,In-Store
47,2023-09-28,2017,46,Female,San Antonio,2022-10-06,116,Belt,Accessories,Brand A,20.0,2,40.0,Online
4813,2023-09-28,2732,26,Female,Los Angeles,2021-07-26,115,Blazer,Outerwear,Brand A,130.0,1,130.0,In-Store
1190,2023-09-28,2202,40,Female,New York,2022-05-05,113,Coat,Outerwear,Brand D,180.0,1,180.0,In-Store
1020,2023-09-28,2175,23,Male,Philadelphia,2021-06-01,120,Cap,Accessories,Brand E,15.0,1,15.0,In-Store
2894,2023-09-28,2442,51,Female,Houston,2021-04-06,112,Running Shoes,Footwear,Brand C,85.0,2,170.0,In-Store
4766,2023-09-29,2727,23,Female,San Diego,2021-10-09,106,Shirt,Clothing,Brand A,40.0,3,120.0,In-Store
4629,2023-09-29,2712,21,Male,Dallas,2021-06-23,116,Belt,Accessories,Brand A,20.0,1,20.0,Online
4827,2023-09-29,2734,55,Male,Phoenix,2022-03-12,106,Shirt,Clothing,Brand A,40.0,1,40.0,Online
5064,2023-09-29,2766,46,Male,Houston,2023-07-08,111,Sandals,Footwear,Brand E,35.0,2,70.0,In-Store
4862,2023-09-29,2737,20,Male,Philadelphia,2023-04-17,101,T-shirt,Clothing,Brand A,25.0,2,50.0,Online
1228,2023-09-29,2209,34,Male,San Diego,2021-09-15,113,Coat,Outerwear,Brand D,180.0,1,180.0,Online
4891,2023-09-29,2741,19,Male,Chicago,2023-04-10,118,Bag,Accessories,Brand B,60.0,1,60.0,In-Store
3039,2023-09-30,2469,56,Male,San Diego,2021-07-06,114,Parka,Outerwear,Brand B,150.0,2,300.0,Online
4892,2023-09-30,2741,19,Male,Chicago,2023-04-10,102,Jeans,Clothing,Brand B,75.0,1,75.0,Online
1613,2023-09-30,2271,26,Male,Philadelphia,2021-09-27,111,Sandals,Footwear,Brand E,35.0,1,35.0,Online
610,2023-09-30,2104,42,Male,Los Angeles,2022-05-14,113,Coat,Outerwear,Brand D,180.0,1,180.0,Online
1916,2023-09-30,2306,35,Male,Chicago,2023-07-12,113,Coat,Outerwear,Brand D,180.0,1,180.0,In-Store
4305,2023-09-30,2662,20,Female,Miami,2022-01-21,111,Sandals,Footwear,Brand E,35.0,1,35.0,Online
2313,2023-09-30,2363,20,Female,Philadelphia,2022-11-03,117,Scarf,Accessories,Brand E,18.0,1,18.0,Online
4242,2023-09-30,2652,21,Male,Philadelphia,2022-10-19,105,Hat,Accessories,Brand E,22.5,1,22.5,Online
519,2023-10-01,2091,41,Female,Phoenix,2021-05-31,113,Coat,Outerwear,Brand D,180.0,1,180.0,In-Store
346,2023-10-01,2070,24,Male,San Antonio,2023-01-13,107,Dress,Clothing,Brand B,65.0,2,130.0,Online
3454,2023-10-01,2536,51,Male,Miami,2022-07-27,104,Jacket,Outerwear,Brand D,120.0,1,120.0,In-Store
5024,2023-10-01,2761,22,Female,Dallas,2022-07-10,101,T-shirt,Clothing,Brand A,25.0,1,25.0,Online
2063,2023-10-01,2325,18,Male,Miami,2023-06-29,109,Shorts,Clothing,Brand E,30.0,1,30.0,In-Store
2619,2023-10-01,2406,35,Female,Philadelphia,2022-05-11,115,Blazer,Outerwear,Brand A,130.0,1,130.0,In-Store
1893,2023-10-02,2301,27,Male,New York,2023-05-11,111,Sandals,Footwear,Brand E,35.0,1,35.0,Online
1517,2023-10-02,2255,43,Female,Philadelphia,2021-07-10,113,Coat,Outerwear,Brand D,180.0,1,180.0,In-Store
2534,2023-10-02,2392,40,Female,Dallas,2021-01-22,102,Jeans,Clothing,Brand B,75.0,1,75.0,In-Store
2044,2023-10-03,2324,18,Female,Phoenix,2022-02-06,101,T-shirt,Clothing,Brand A,25.0,1,25.0,In-Store
462,2023-10-03,2085,21,Male,Phoenix,2021-03-18,109,Shorts,Clothing,Brand E,30.0,1,30.0,In-Store
4002,2023-10-03,2615,20,Male,New York,2023-05-06,117,Scarf,Accessories,Brand E,18.0,1,18.0,In-Store
446,2023-10-03,2084,43,Female,Los Angeles,2023-09-16,114,Parka,Outerwear,Brand B,150.0,1,150.0,In-Store
1330,2023-10-03,2224,18,Female,Miami,2022-01-03,105,Hat,Accessories,Brand E,22.5,1,22.5,Online
5074,2023-10-04,2767,41,Male,Chicago,2022-08-05,115,Blazer,Outerwear,Brand A,130.0,2,260.0,In-Store
3146,2023-10-04,2491,42,Male,Houston,2021-10-24,116,Belt,Accessories,Brand A,20.0,1,20.0,In-Store
2764,2023-10-04,2421,19,Male,Phoenix,2022-12-20,118,Bag,Accessories,Brand B,60.0,1,60.0,Online
543,2023-10-04,2095,53,Male,Philadelphia,2021-07-08,118,Bag,Accessories,Brand B,60.0,2,120.0,Online
1001,2023-10-04,2173,37,Female,Chicago,2021-09-15,110,Boots,Footwear,Brand D,110.0,1,110.0,Online
1782,2023-10-05,2292,21,Female,Houston,2022-10-12,119,Sunglasses,Accessories,Brand C,45.0,3,135.0,Online
2833,2023-10-05,2431,42,Female,Phoenix,2021-03-15,108,Hoodie,Clothing,Brand C,55.0,1,55.0,Online
2964,2023-10-05,2452,23,Male,Philadelphia,2021-07-28,109,Shorts,Clothing,Brand E,30.0,2,60.0,In-Store
1635,2023-10-05,2273,52,Female,San Antonio,2022-12-30,103,Sneakers,Footwear,Brand C,30.0,1,30.0,In-Store
2349,2023-10-05,2367,19,Female,San Diego,2021-06-02,116,Belt,Accessories,Brand A,20.0,2,40.0,In-Store
4486,2023-10-05,2687,47,Male,San Antonio,2021-04-14,109,Shorts,Clothing,Brand E,30.0,2,60.0,In-Store
3685,2023-10-05,2564,22,Male,Phoenix,2023-03-18,117,Scarf,Accessories,Brand E,18.0,1,18.0,Online
4806,2023-10-05,2731,22,Male,Los Angeles,2022-03-22,103,Sneakers,Footwear,Brand C,30.0,1,30.0,Online
3521,2023-10-06,2545,37,Male,New York,2022-07-05,115,Blazer,Outerwear,Brand A,130.0,1,130.0,In-Store
3563,2023-10-06,2549,18,Male,New York,2023-07-19,109,Shorts,Clothing,Brand E,30.0,1,30.0,In-Store
4687,2023-10-06,2717,20,Male,Los Angeles,2022-11-22,117,Scarf,Accessories,Brand E,18.0,1,18.0,Online
2293,2023-10-06,2361,19,Female,San Antonio,2023-02-27,101,T-shirt,Clothing,Brand A,25.0,1,25.0,Online
4893,2023-10-06,2741,19,Male,Chicago,2023-04-10,118,Bag,Accessories,Brand B,60.0,2,120.0,In-Store
372,2023-10-06,2072,20,Female,Chicago,2022-02-12,101,T-shirt,Clothing,Brand A,25.0,1,25.0,Online
3581,2023-10-06,2551,21,Female,San Antonio,2021-10-14,106,Shirt,Clothing,Brand A,40.0,1,40.0,Online
1710,2023-10-07,2282,26,Male,Los Angeles,2021-10-23,103,Sneakers,Footwear,Brand C,30.0,1,30.0,Online
1279,2023-10-07,2217,31,Female,San Diego,2022-07-31,104,Jacket,Outerwear,Brand D,120.0,1,120.0,In-Store
288,2023-10-07,2054,37,Male,Phoenix,2023-06-07,114,Parka,Outerwear,Brand B,150.0,1,150.0,Online
1352,2023-10-07,2228,55,Male,Los Angeles,2023-03-06,113,Coat,Outerwear,Brand D,180.0,1,180.0,In-Store
4410,2023-10-07,2675,23,Female,Chicago,2023-07-05,101,T-shirt,Clothing,Brand A,25.0,1,25.0,Online
3183,2023-10-07,2496,23,Female,Chicago,2021-04-22,111,Sandals,Footwear,Brand E,35.0,1,35.0,Online
2595,2023-10-07,2400,24,Male,New York,2023-07-31,101,T-shirt,Clothing,Brand A,25.0,2,50.0,Online
3211,2023-10-07,2502,31,Female,San Diego,2021-02-09,113,Coat,Outerwear,Brand D,180.0,1,180.0,In-Store
1969,2023-10-07,2314,48,Male,Houston,2021-05-11,109,Shorts,Clothing,Brand E,30.0,2,60.0,In-Store
4533,2023-10-08,2697,23,Male,Los Angeles,2023-03-24,111,Sandals,Footwear,Brand E,35.0,2,70.0,Online
1229,2023-10-08,2209,34,Male,San Diego,2021-09-15,113,Coat,Outerwear,Brand D,180.0,1,180.0,In-Store
4538,2023-10-08,2698,53,Male,Phoenix,2022-04-08,107,Dress,Clothing,Brand B,65.0,1,65.0,In-Store
1036,2023-10-08,2177,70,Female,Chicago,2022-04-20,105,Hat,Accessories,Brand E,22.5,1,22.5,In-Store
5185,2023-10-08,2784,52,Male,Philadelphia,2021-11-18,114,Parka,Outerwear,Brand B,150.0,1,150.0,In-Store
4792,2023-10-08,2729,20,Male,Dallas,2022-04-21,112,Running Shoes,Footwear,Brand C,85.0,3,255.0,In-Store
4574,2023-10-08,2702,53,Female,Miami,2021-12-08,110,Boots,Footwear,Brand D,110.0,1,110.0,In-Store
3101,2023-10-08,2482,52,Male,Chicago,2022-03-27,108,Hoodie,Clothing,Brand C,55.0,2,110.0,In-Store
2907,2023-10-08,2443,18,Male,Philadelphia,2021-08-03,118,Bag,Accessories,Brand B,60.0,3,180.0,Online
3857,2023-10-08,2590,32,Female,Phoenix,2023-03-16,113,Coat,Outerwear,Brand D,180.0,2,360.0,In-Store
4916,2023-10-09,2744,26,Male,Philadelphia,2023-03-22,101,T-shirt,Clothing,Brand A,25.0,1,25.0,Online
2393,2023-10-09,2370,18,Male,Dallas,2021-03-18,120,Cap,Accessories,Brand E,15.0,1,15.0,Online
4287,2023-10-09,2658,34,Male,Phoenix,2022-08-12,115,Blazer,Outerwear,Brand A,130.0,1,130.0,Online
2251,2023-10-09,2356,20,Female,Houston,2021-12-28,111,Sandals,Footwear,Brand E,35.0,3,105.0,In-Store
6,2023-10-09,2006,51,Female,Houston,2022-02-14,115,Blazer,Outerwear,Brand A,130.0,4,520.0,In-Store
2122,2023-10-09,2337,23,Male,New York,2023-08-21,105,Hat,Accessories,Brand E,22.5,2,45.0,Online
3538,2023-10-10,2547,25,Female,San Antonio,2023-05-18,120,Cap,Accessories,Brand E,15.0,1,15.0,In-Store
1081,2023-10-10,2183,47,Female,Los Angeles,2021-12-06,110,Boots,Footwear,Brand D,110.0,2,220.0,In-Store
3739,2023-10-10,2572,42,Female,San Diego,2021-05-11,114,Parka,Outerwear,Brand B,150.0,1,150.0,In-Store
5319,2023-10-10,2802,24,Female,San Antonio,2021-06-18,118,Bag,Accessories,Brand B,60.0,1,60.0,Online
3280,2023-10-10,2513,25,Female,Dallas,2021-07-26,109,Shorts,Clothing,Brand E,30.0,2,60.0,Online
4364,2023-10-10,2670,24,Male,Miami,2021-09-15,118,Bag,Accessories,Brand B,60.0,1,60.0,Online
2504,2023-10-10,2389,30,Female,Los Angeles,2022-10-16,104,Jacket,Outerwear,Brand D,120.0,1,120.0,Online
242,2023-10-10,2049,23,Male,Phoenix,2022-07-21,105,Hat,Accessories,Brand E,22.5,1,22.5,Online
1400,2023-10-10,2234,36,Female,San Antonio,2022-06-05,107,Dress,Clothing,Brand B,65.0,1,65.0,Online
2713,2023-10-11,2413,54,Female,Houston,2022-01-02,113,Coat,Outerwear,Brand D,180.0,1,180.0,In-Store
2723,2023-10-11,2414,21,Male,San Diego,2022-04-11,101,T-shirt,Clothing,Brand A,25.0,2,50.0,In-Store
811,2023-10-11,2138,59,Male,Phoenix,2023-04-10,114,Parka,Outerwear,Brand B,150.0,1,150.0,In-Store
1449,2023-10-11,2245,23,Female,Chicago,2021-07-05,109,Shorts,Clothing,Brand E,30.0,1,30.0,Online
4863,2023-10-11,2737,20,Male,Philadelphia,2023-04-17,107,Dress,Clothing,Brand B,65.0,2,130.0,Online
201,2023-10-11,2042,22,Female,Dallas,2022-03-23,101,T-shirt,Clothing,Brand A,25.0,4,100.0,Online
21,2023-10-12,2011,22,Female,Chicago,2021-01-18,120,Cap,Accessories,Brand E,15.0,3,45.0,Online
3953,2023-10-12,2606,38,Male,Los Angeles,2022-06-03,113,Coat,Outerwear,Brand D,180.0,1,180.0,Online
812,2023-10-12,2138,59,Male,Phoenix,2023-04-10,114,Parka,Outerwear,Brand B,150.0,1,150.0,Online
1648,2023-10-12,2275,53,Male,San Diego,2021-09-28,115,Blazer,Outerwear,Brand A,130.0,1,130.0,In-Store
916,2023-10-12,2160,53,Female,San Antonio,2021-08-14,110,Boots,Footwear,Brand D,110.0,1,110.0,Online
4929,2023-10-12,2745,18,Male,Miami,2022-12-02,108,Hoodie,Clothing,Brand C,55.0,1,55.0,Online
4131,2023-10-12,2634,38,Female,Philadelphia,2021-04-07,116,Belt,Accessories,Brand A,20.0,1,20.0,Online
1563,2023-10-13,2263,30,Male,San Diego,2021-01-05,114,Parka,Outerwear,Brand B,150.0,1,150.0,In-Store
1082,2023-10-13,2183,47,Female,Los Angeles,2021-12-06,114,Parka,Outerwear,Brand B,150.0,1,150.0,In-Store
3798,2023-10-13,2583,23,Male,Miami,2021-10-10,116,Belt,Accessories,Brand A,20.0,1,20.0,Online
4964,2023-10-13,2750,20,Female,Los Angeles,2021-07-20,117,Scarf,Accessories,Brand E,18.0,2,36.0,Online
3403,2023-10-13,2528,27,Female,New York,2022-09-27,101,T-shirt,Clothing,Brand A,25.0,2,50.0,Online
305,2023-10-13,2059,44,Female,Miami,2022-06-17,113,Coat,Outerwear,Brand D,180.0,1,180.0,Online
3807,2023-10-13,2584,55,Male,San Antonio,2021-10-26,107,Dress,Clothing,Brand B,65.0,2,130.0,In-Store
4814,2023-10-13,2732,26,Female,Los Angeles,2021-07-26,118,Bag,Accessories,Brand B,60.0,1,60.0,In-Store
2193,2023-10-13,2343,20,Male,Chicago,2023-06-09,118,Bag,Accessories,Brand B,60.0,3,180.0,Online
4230,2023-10-14,2651,20,Female,Miami,2022-03-04,116,Belt,Accessories,Brand A,20.0,1,20.0,Online
3539,2023-10-14,2547,25,Female,San Antonio,2023-05-18,106,Shirt,Clothing,Brand A,40.0,3,120.0,Online
436,2023-10-14,2082,24,Female,Chicago,2021-06-17,112,Running Shoes,Footwear,Brand C,85.0,1,85.0,Online
4688,2023-10-14,2717,20,Male,Los Angeles,2022-11-22,102,Jeans,Clothing,Brand B,75.0,1,75.0,In-Store
391,2023-10-14,2074,21,Female,San Antonio,2022-08-20,118,Bag,Accessories,Brand B,60.0,1,60.0,Online
1748,2023-10-14,2288,39,Female,Chicago,2021-03-08,104,Jacket,Outerwear,Brand D,120.0,1,120.0,Online
243,2023-10-14,2049,23,Male,Phoenix,2022-07-21,101,T-shirt,Clothing,Brand A,25.0,1,25.0,Online
4609,2023-10-14,2708,28,Male,Phoenix,2021-12-24,117,Scarf,Accessories,Brand E,18.0,1,18.0,Online
2123,2023-10-15,2337,23,Male,New York,2023-08-21,105,Hat,Accessories,Brand E,22.5,2,45.0,In-Store
3665,2023-10-15,2562,20,Male,New York,2021-09-10,118,Bag,Accessories,Brand B,60.0,3,180.0,Online
216,2023-10-15,2044,18,Male,Miami,2021-05-25,112,Running Shoes,Footwear,Brand C,85.0,1,85.0,Online
796,2023-10-15,2134,31,Male,Chicago,2021-10-04,101,T-shirt,Clothing,Brand A,25.0,1,25.0,In-Store
2674,2023-10-15,2410,59,Male,Los Angeles,2021-12-24,108,Hoodie,Clothing,Brand C,55.0,1,55.0,In-Store
4793,2023-10-15,2729,20,Male,Dallas,2022-04-21,103,Sneakers,Footwear,Brand C,30.0,2,60.0,In-Store
392,2023-10-15,2074,21,Female,San Antonio,2022-08-20,108,Hoodie,Clothing,Brand C,55.0,1,55.0,Online
1600,2023-10-15,2270,57,Male,Los Angeles,2021-11-23,109,Shorts,Clothing,Brand E,30.0,1,30.0,Online
3828,2023-10-15,2587,46,Female,Philadelphia,2021-05-03,101,T-shirt,Clothing,Brand A,25.0,1,25.0,In-Store
1450,2023-10-16,2245,23,Female,Chicago,2021-07-05,116,Belt,Accessories,Brand A,20.0,1,20.0,In-Store
1906,2023-10-16,2305,55,Female,New York,2021-03-18,113,Coat,Outerwear,Brand D,180.0,1,180.0,In-Store
1765,2023-10-16,2291,19,Male,Philadelphia,2023-07-21,109,Shorts,Clothing,Brand E,30.0,3,90.0,In-Store
4045,2023-10-16,2620,23,Female,Los Angeles,2023-08-14,118,Bag,Accessories,Brand B,60.0,1,60.0,Online
4231,2023-10-16,2651,20,Female,Miami,2022-03-04,116,Belt,Accessories,Brand A,20.0,1,20.0,In-Store
2394,2023-10-17,2370,18,Male,Dallas,2021-03-18,119,Sunglasses,Accessories,Brand C,45.0,1,45.0,Online
1819,2023-10-17,2296,48,Male,Dallas,2021-11-30,102,Jeans,Clothing,Brand B,75.0,1,75.0,In-Store
3432,2023-10-17,2532,41,Male,San Diego,2021-03-11,104,Jacket,Outerwear,Brand D,120.0,2,240.0,Online
524,2023-10-17,2092,53,Female,Phoenix,2021-01-01,110,Boots,Footwear,Brand D,110.0,1,110.0,Online
3881,2023-10-17,2593,48,Male,San Diego,2022-03-19,108,Hoodie,Clothing,Brand C,55.0,2,110.0,In-Store
1534,2023-10-17,2257,22,Female,Philadelphia,2021-01-31,107,Dress,Clothing,Brand B,65.0,2,130.0,Online
3715,2023-10-17,2568,36,Female,Philadelphia,2022-09-08,113,Coat,Outerwear,Brand D,180.0,1,180.0,Online
4421,2023-10-17,2677,40,Male,Los Angeles,2023-06-22,110,Boots,Footwear,Brand D,110.0,1,110.0,In-Store
7,2023-10-18,2006,51,Female,Houston,2022-02-14,109,Shorts,Clothing,Brand E,30.0,2,60.0,Online
5166,2023-10-18,2783,20,Female,Miami,2021-05-24,108,Hoodie,Clothing,Brand C,55.0,1,55.0,Online
4257,2023-10-19,2654,55,Female,San Antonio,2022-02-23,107,Dress,Clothing,Brand B,65.0,2,130.0,In-Store
2549,2023-10-19,2395,36,Male,Los Angeles,2022-07-05,115,Blazer,Outerwear,Brand A,130.0,1,130.0,Online
3945,2023-10-19,2605,51,Male,Miami,2023-10-16,102,Jeans,Clothing,Brand B,75.0,1,75.0,In-Store
1293,2023-10-19,2220,59,Male,Phoenix,2023-09-29,110,Boots,Footwear,Brand D,110.0,1,110.0,In-Store
4411,2023-10-19,2675,23,Female,Chicago,2023-07-05,117,Scarf,Accessories,Brand E,18.0,2,36.0,Online
1322,2023-10-19,2223,43,Female,Los Angeles,2022-01-08,113,Coat,Outerwear,Brand D,180.0,1,180.0,In-Store
289,2023-10-19,2054,37,Male,Phoenix,2023-06-07,101,T-shirt,Clothing,Brand A,25.0,1,25.0,Online
118,2023-10-19,2028,34,Female,Philadelphia,2021-10-31,114,Parka,Outerwear,Brand B,150.0,1,150.0,Online
4463,2023-10-19,2682,23,Male,Miami,2022-12-08,103,Sneakers,Footwear,Brand C,30.0,1,30.0,Online
801,2023-10-20,2137,32,Male,Philadelphia,2023-10-08,106,Shirt,Clothing,Brand A,40.0,2,80.0,In-Store
3799,2023-10-20,2583,23,Male,Miami,2021-10-10,117,Scarf,Accessories,Brand E,18.0,1,18.0,Online
4695,2023-10-21,2720,20,Female,Miami,2023-08-06,105,Hat,Accessories,Brand E,22.5,2,45.0,Online
2222,2023-10-21,2350,41,Male,Phoenix,2023-08-28,113,Coat,Outerwear,Brand D,180.0,2,360.0,Online
362,2023-10-21,2071,32,Female,Miami,2022-08-31,113,Coat,Outerwear,Brand D,180.0,1,180.0,In-Store
4524,2023-10-21,2695,49,Female,Houston,2021-09-22,109,Shorts,Clothing,Brand E,30.0,2,60.0,In-Store
2215,2023-10-21,2348,30,Male,Miami,2022-02-02,120,Cap,Accessories,Brand E,15.0,1,15.0,In-Store
5260,2023-10-21,2793,30,Female,San Antonio,2022-10-23,113,Coat,Outerwear,Brand D,180.0,1,180.0,Online
1059,2023-10-22,2180,21,Male,Phoenix,2022-11-08,117,Scarf,Accessories,Brand E,18.0,1,18.0,In-Store
1021,2023-10-22,2175,23,Male,Philadelphia,2021-06-01,106,Shirt,Clothing,Brand A,40.0,2,80.0,Online
2350,2023-10-22,2367,19,Female,San Diego,2021-06-02,120,Cap,Accessories,Brand E,15.0,1,15.0,In-Store
1783,2023-10-22,2292,21,Female,Houston,2022-10-12,101,T-shirt,Clothing,Brand A,25.0,2,50.0,Online
3703,2023-10-22,2567,26,Male,Miami,2023-05-30,111,Sandals,Footwear,Brand E,35.0,1,35.0,Online
2675,2023-10-22,2410,59,Male,Los Angeles,2021-12-24,102,Jeans,Clothing,Brand B,75.0,1,75.0,In-Store
3954,2023-10-23,2606,38,Male,Los Angeles,2022-06-03,113,Coat,Outerwear,Brand D,180.0,1,180.0,In-Store
851,2023-10-23,2147,24,Male,Chicago,2021-08-24,106,Shirt,Clothing,Brand A,40.0,1,40.0,In-Store
4412,2023-10-23,2675,23,Female,Chicago,2023-07-05,116,Belt,Accessories,Brand A,20.0,1,20.0,Online
3070,2023-10-23,2473,18,Male,San Diego,2022-05-13,116,Belt,Accessories,Brand A,20.0,1,20.0,In-Store
3040,2023-10-23,2469,56,Male,San Diego,2021-07-06,107,Dress,Clothing,Brand B,65.0,1,65.0,In-Store
217,2023-10-23,2044,18,Male,Miami,2021-05-25,106,Shirt,Clothing,Brand A,40.0,2,80.0,Online
5328,2023-10-23,2804,20,Female,Dallas,2023-05-19,107,Dress,Clothing,Brand B,65.0,1,65.0,Online
2333,2023-10-23,2365,28,Male,Philadelphia,2021-11-25,119,Sunglasses,Accessories,Brand C,45.0,1,45.0,Online
1471,2023-10-24,2248,42,Male,Phoenix,2021-01-28,115,Blazer,Outerwear,Brand A,130.0,2,260.0,In-Store
948,2023-10-24,2164,45,Female,Philadelphia,2022-12-31,106,Shirt,Clothing,Brand A,40.0,1,40.0,Online
3522,2023-10-24,2545,37,Male,New York,2022-07-05,113,Coat,Outerwear,Brand D,180.0,1,180.0,Online
3697,2023-10-24,2566,23,Female,Miami,2022-12-17,103,Sneakers,Footwear,Brand C,30.0,3,90.0,Online
2177,2023-10-24,2342,21,Male,Los Angeles,2021-08-07,107,Dress,Clothing,Brand B,65.0,1,65.0,Online
4046,2023-10-24,2620,23,Female,Los Angeles,2023-08-14,106,Shirt,Clothing,Brand A,40.0,2,80.0,Online
1353,2023-10-24,2228,55,Male,Los Angeles,2023-03-06,108,Hoodie,Clothing,Brand C,55.0,2,110.0,In-Store
1535,2023-10-25,2257,22,Female,Philadelphia,2021-01-31,120,Cap,Accessories,Brand E,15.0,1,15.0,Online
1711,2023-10-25,2283,53,Male,Philadelphia,2023-10-25,112,Running Shoes,Footwear,Brand C,85.0,2,170.0,Online
4778,2023-10-25,2728,20,Female,Houston,2023-03-06,101,T-shirt,Clothing,Brand A,25.0,2,50.0,In-Store
3152,2023-10-25,2492,51,Female,San Antonio,2022-12-18,111,Sandals,Footwear,Brand E,35.0,1,35.0,In-Store
1614,2023-10-26,2271,26,Male,Philadelphia,2021-09-27,118,Bag,Accessories,Brand B,60.0,1,60.0,Online
3360,2023-10-26,2522,18,Female,San Diego,2023-06-29,120,Cap,Accessories,Brand E,15.0,2,30.0,Online
1957,2023-10-26,2310,26,Female,Dallas,2022-08-09,105,Hat,Accessories,Brand E,22.5,1,22.5,Online
1012,2023-10-26,2174,51,Male,Philadelphia,2023-07-28,117,Scarf,Accessories,Brand E,18.0,1,18.0,In-Store
3784,2023-10-27,2581,20,Female,Los Angeles,2022-09-03,105,Hat,Accessories,Brand E,22.5,1,22.5,Online
4232,2023-10-27,2651,20,Female,Miami,2022-03-04,101,T-shirt,Clothing,Brand A,25.0,1,25.0,Online
5261,2023-10-27,2793,30,Female,San Antonio,2022-10-23,113,Coat,Outerwear,Brand D,180.0,1,180.0,Online
3602,2023-10-27,2553,22,Male,Chicago,2022-08-23,103,Sneakers,Footwear,Brand C,30.0,1,30.0,Online
2895,2023-10-27,2442,51,Female,Houston,2021-04-06,109,Shorts,Clothing,Brand E,30.0,1,30.0,In-Store
1579,2023-10-27,2267,47,Male,Miami,2022-11-01,102,Jeans,Clothing,Brand B,75.0,3,225.0,In-Store
1681,2023-10-27,2278,37,Male,Philadelphia,2022-01-26,113,Coat,Outerwear,Brand D,180.0,1,180.0,Online
1724,2023-10-27,2285,35,Male,San Antonio,2023-10-07,116,Belt,Accessories,Brand A,20.0,1,20.0,Online
1083,2023-10-27,2183,47,Female,Los Angeles,2021-12-06,104,Jacket,Outerwear,Brand D,120.0,1,120.0,In-Store
774,2023-10-28,2129,43,Male,Dallas,2021-04-29,107,Dress,Clothing,Brand B,65.0,2,130.0,In-Store
4186,2023-10-28,2643,24,Female,Houston,2023-05-27,102,Jeans,Clothing,Brand B,75.0,1,75.0,Online
3704,2023-10-28,2567,26,Male,Miami,2023-05-30,106,Shirt,Clothing,Brand A,40.0,2,80.0,In-Store
2026,2023-10-28,2322,25,Female,Houston,2023-05-28,120,Cap,Accessories,Brand E,15.0,2,30.0,Online
1766,2023-10-28,2291,19,Male,Philadelphia,2023-07-21,109,Shorts,Clothing,Brand E,30.0,2,60.0,In-Store
218,2023-10-28,2044,18,Male,Miami,2021-05-25,108,Hoodie,Clothing,Brand C,55.0,1,55.0,Online
3055,2023-10-28,2471,64,Female,Chicago,2023-04-04,106,Shirt,Clothing,Brand A,40.0,1,40.0,In-Store
4917,2023-10-28,2744,26,Male,Philadelphia,2023-03-22,101,T-shirt,Clothing,Brand A,25.0,2,50.0,Online
5285,2023-10-28,2796,52,Female,Houston,2023-10-23,113,Coat,Outerwear,Brand D,180.0,1,180.0,In-Store
3686,2023-10-28,2564,22,Male,Phoenix,2023-03-18,109,Shorts,Clothing,Brand E,30.0,1,30.0,Online
4689,2023-10-29,2717,20,Male,Los Angeles,2022-11-22,101,T-shirt,Clothing,Brand A,25.0,1,25.0,Online
5167,2023-10-29,2783,20,Female,Miami,2021-05-24,101,T-shirt,Clothing,Brand A,25.0,4,100.0,Online
655,2023-10-29,2110,45,Female,San Antonio,2021-02-14,103,Sneakers,Footwear,Brand C,30.0,1,30.0,In-Store
2965,2023-10-29,2452,23,Male,Philadelphia,2021-07-28,101,T-shirt,Clothing,Brand A,25.0,1,25.0,In-Store
5251,2023-10-29,2791,53,Male,Houston,2022-04-08,113,Coat,Outerwear,Brand D,180.0,1,180.0,In-Store
2556,2023-10-29,2396,19,Female,Houston,2022-05-12,109,Shorts,Clothing,Brand E,30.0,1,30.0,Online
5106,2023-10-29,2771,50,Female,Phoenix,2022-12-26,113,Coat,Outerwear,Brand D,180.0,1,180.0,Online
3298,2023-10-30,2515,23,Female,San Antonio,2022-03-31,120,Cap,Accessories,Brand E,15.0,2,30.0,In-Store
4204,2023-10-30,2647,67,Female,Phoenix,2022-06-10,118,Bag,Accessories,Brand B,60.0,1,60.0,In-Store
3903,2023-10-30,2600,58,Female,Houston,2022-04-14,119,Sunglasses,Accessories,Brand C,45.0,1,45.0,Online
2620,2023-10-30,2406,35,Female,Philadelphia,2022-05-11,114,Parka,Outerwear,Brand B,150.0,1,150.0,In-Store
2705,2023-10-30,2412,49,Male,Miami,2023-03-01,101,T-shirt,Clothing,Brand A,25.0,1,25.0,In-Store
234,2023-10-30,2047,34,Male,Los Angeles,2023-06-12,114,Parka,Outerwear,Brand B,150.0,1,150.0,In-Store
1022,2023-10-30,2175,23,Male,Philadelphia,2021-06-01,106,Shirt,Clothing,Brand A,40.0,2,80.0,Online
3465,2023-10-30,2537,58,Female,San Diego,2022-04-26,105,Hat,Accessories,Brand E,22.5,1,22.5,In-Store
2294,2023-10-30,2361,19,Female,San Antonio,2023-02-27,105,Hat,Accessories,Brand E,22.5,3,67.5,Online
3582,2023-10-31,2551,21,Female,San Antonio,2021-10-14,105,Hat,Accessories,Brand E,22.5,1,22.5,Online
5092,2023-10-31,2770,26,Male,Chicago,2022-05-19,101,T-shirt,Clothing,Brand A,25.0,1,25.0,Online
3785,2023-11-01,2581,20,Female,Los Angeles,2022-09-03,105,Hat,Accessories,Brand E,22.5,1,22.5,Online
3808,2023-11-01,2584,55,Male,San Antonio,2021-10-26,103,Sneakers,Footwear,Brand C,30.0,3,90.0,In-Store
2351,2023-11-01,2367,19,Female,San Diego,2021-06-02,109,Shorts,Clothing,Brand E,30.0,1,30.0,Online
2724,2023-11-01,2414,21,Male,San Diego,2022-04-11,109,Shorts,Clothing,Brand E,30.0,1,30.0,Online
3418,2023-11-01,2529,24,Female,Philadelphia,2021-07-12,106,Shirt,Clothing,Brand A,40.0,3,120.0,Online
2079,2023-11-01,2327,21,Male,San Diego,2021-02-07,118,Bag,Accessories,Brand B,60.0,1,60.0,Online
2638,2023-11-01,2407,21,Male,San Antonio,2023-03-15,106,Shirt,Clothing,Brand A,40.0,1,40.0,Online
2314,2023-11-01,2363,20,Female,Philadelphia,2022-11-03,119,Sunglasses,Accessories,Brand C,45.0,3,135.0,Online
3212,2023-11-01,2502,31,Female,San Diego,2021-02-09,114,Parka,Outerwear,Brand B,150.0,1,150.0,In-Store
2812,2023-11-01,2428,37,Female,San Antonio,2021-09-09,113,Coat,Outerwear,Brand D,180.0,1,180.0,In-Store
1048,2023-11-01,2178,54,Female,New York,2022-07-12,109,Shorts,Clothing,Brand E,30.0,1,30.0,In-Store
4345,2023-11-02,2667,37,Female,Dallas,2022-06-10,113,Coat,Outerwear,Brand D,180.0,1,180.0,Online
982,2023-11-02,2171,22,Male,San Diego,2022-12-29,102,Jeans,Clothing,Brand B,75.0,1,75.0,Online
4794,2023-11-02,2729,20,Male,Dallas,2022-04-21,108,Hoodie,Clothing,Brand C,55.0,1,55.0,In-Store
2223,2023-11-02,2350,41,Male,Phoenix,2023-08-28,115,Blazer,Outerwear,Brand A,130.0,1,130.0,In-Store
4265,2023-11-02,2655,18,Female,Chicago,2021-02-09,103,Sneakers,Footwear,Brand C,30.0,2,60.0,In-Store
3041,2023-11-02,2469,56,Male,San Diego,2021-07-06,102,Jeans,Clothing,Brand B,75.0,1,75.0,In-Store
4918,2023-11-02,2744,26,Male,Philadelphia,2023-03-22,105,Hat,Accessories,Brand E,22.5,1,22.5,Online
1749,2023-11-02,2288,39,Female,Chicago,2021-03-08,104,Jacket,Outerwear,Brand D,120.0,1,120.0,In-Store
2178,2023-11-02,2342,21,Male,Los Angeles,2021-08-07,116,Belt,Accessories,Brand A,20.0,1,20.0,Online
2984,2023-11-02,2455,19,Male,Philadelphia,2021-11-15,109,Shorts,Clothing,Brand E,30.0,2,60.0,Online
525,2023-11-03,2092,53,Female,Phoenix,2021-01-01,107,Dress,Clothing,Brand B,65.0,1,65.0,Online
3184,2023-11-03,2496,23,Female,Chicago,2021-04-22,105,Hat,Accessories,Brand E,22.5,1,22.5,Online
892,2023-11-03,2154,63,Male,Dallas,2021-07-06,102,Jeans,Clothing,Brand B,75.0,2,150.0,In-Store
4399,2023-11-03,2673,19,Male,Houston,2021-12-12,105,Hat,Accessories,Brand E,22.5,1,22.5,Online
3501,2023-11-03,2544,25,Male,Philadelphia,2023-10-17,103,Sneakers,Footwear,Brand C,30.0,1,30.0,Online
782,2023-11-03,2131,40,Female,Houston,2022-10-22,117,Scarf,Accessories,Brand E,18.0,1,18.0,In-Store
4643,2023-11-03,2713,24,Female,New York,2021-06-30,102,Jeans,Clothing,Brand B,75.0,2,150.0,Online
622,2023-11-03,2106,55,Male,Houston,2023-07-17,111,Sandals,Footwear,Brand E,35.0,1,35.0,In-Store
2302,2023-11-03,2362,25,Female,Phoenix,2023-10-09,111,Sandals,Footwear,Brand E,35.0,2,70.0,Online
2465,2023-11-03,2380,69,Male,Los Angeles,2022-12-28,110,Boots,Footwear,Brand D,110.0,2,220.0,In-Store
4306,2023-11-03,2662,20,Female,Miami,2022-01-21,117,Scarf,Accessories,Brand E,18.0,2,36.0,In-Store
2096,2023-11-03,2329,22,Male,Los Angeles,2023-07-03,101,T-shirt,Clothing,Brand A,25.0,1,25.0,Online
327,2023-11-03,2068,37,Female,San Diego,2022-01-22,113,Coat,Outerwear,Brand D,180.0,1,180.0,In-Store
3588,2023-11-03,2552,45,Male,Houston,2023-01-25,114,Parka,Outerwear,Brand B,150.0,1,150.0,Online
1899,2023-11-04,2303,24,Male,Los Angeles,2021-09-22,102,Jeans,Clothing,Brand B,75.0,2,150.0,Online
2466,2023-11-04,2380,69,Male,Los Angeles,2022-12-28,104,Jacket,Outerwear,Brand D,120.0,1,120.0,In-Store
2517,2023-11-04,2391,50,Female,Dallas,2023-01-28,109,Shorts,Clothing,Brand E,30.0,1,30.0,Online
5075,2023-11-04,2767,41,Male,Chicago,2022-08-05,115,Blazer,Outerwear,Brand A,130.0,1,130.0,Online
3185,2023-11-04,2496,23,Female,Chicago,2021-04-22,103,Sneakers,Footwear,Brand C,30.0,1,30.0,Online
244,2023-11-04,2049,23,Male,Phoenix,2022-07-21,109,Shorts,Clothing,Brand E,30.0,1,30.0,Online
3347,2023-11-04,2519,47,Male,Houston,2021-06-27,109,Shorts,Clothing,Brand E,30.0,1,30.0,In-Store
3433,2023-11-04,2532,41,Male,San Diego,2021-03-11,114,Parka,Outerwear,Brand B,150.0,1,150.0,In-Store
2080,2023-11-04,2327,21,Male,San Diego,2021-02-07,116,Belt,Accessories,Brand A,20.0,1,20.0,Online
502,2023-11-04,2089,37,Male,Miami,2023-06-02,114,Parka,Outerwear,Brand B,150.0,2,300.0,Online
2676,2023-11-04,2410,59,Male,Los Angeles,2021-12-24,109,Shorts,Clothing,Brand E,30.0,1,30.0,In-Store
4176,2023-11-04,2642,52,Female,San Antonio,2021-03-19,116,Belt,Accessories,Brand A,20.0,1,20.0,Online
4126,2023-11-04,2633,47,Male,San Diego,2023-03-26,106,Shirt,Clothing,Brand A,40.0,1,40.0,In-Store
3207,2023-11-04,2501,35,Female,Houston,2022-11-14,113,Coat,Outerwear,Brand D,180.0,1,180.0,Online
4300,2023-11-04,2661,23,Female,Philadelphia,2023-03-16,119,Sunglasses,Accessories,Brand C,45.0,1,45.0,Online
2765,2023-11-04,2421,19,Male,Phoenix,2022-12-20,106,Shirt,Clothing,Brand A,40.0,1,40.0,Online
967,2023-11-05,2168,40,Male,Phoenix,2022-02-06,102,Jeans,Clothing,Brand B,75.0,1,75.0,In-Store
2352,2023-11-05,2367,19,Female,San Diego,2021-06-02,107,Dress,Clothing,Brand B,65.0,3,195.0,Online
2942,2023-11-05,2449,20,Male,San Diego,2023-03-11,106,Shirt,Clothing,Brand A,40.0,1,40.0,Online
278,2023-11-05,2052,25,Male,Houston,2021-11-02,106,Shirt,Clothing,Brand A,40.0,1,40.0,Online
3010,2023-11-05,2461,44,Male,Miami,2022-07-05,113,Coat,Outerwear,Brand D,180.0,1,180.0,In-Store
813,2023-11-05,2138,59,Male,Phoenix,2023-04-10,114,Parka,Outerwear,Brand B,150.0,1,150.0,In-Store
1294,2023-11-05,2220,59,Male,Phoenix,2023-09-29,104,Jacket,Outerwear,Brand D,120.0,1,120.0,In-Store
119,2023-11-05,2028,34,Female,Philadelphia,2021-10-31,113,Coat,Outerwear,Brand D,180.0,1,180.0,In-Store
347,2023-11-05,2070,24,Male,San Antonio,2023-01-13,102,Jeans,Clothing,Brand B,75.0,2,150.0,Online
2442,2023-11-05,2376,41,Female,Philadelphia,2023-09-23,102,Jeans,Clothing,Brand B,75.0,1,75.0,In-Store
192,2023-11-05,2041,21,Female,Phoenix,2023-08-25,117,Scarf,Accessories,Brand E,18.0,1,18.0,Online
4919,2023-11-05,2744,26,Male,Philadelphia,2023-03-22,101,T-shirt,Clothing,Brand A,25.0,1,25.0,Online
3583,2023-11-05,2551,21,Female,San Antonio,2021-10-14,103,Sneakers,Footwear,Brand C,30.0,2,60.0,Online
1176,2023-11-05,2198,33,Female,Dallas,2022-08-30,117,Scarf,Accessories,Brand E,18.0,1,18.0,In-Store
1023,2023-11-05,2175,23,Male,Philadelphia,2021-06-01,109,Shorts,Clothing,Brand E,30.0,1,30.0,In-Store
3603,2023-11-05,2553,22,Male,Chicago,2022-08-23,111,Sandals,Footwear,Brand E,35.0,1,35.0,Online
2087,2023-11-06,2328,33,Male,Miami,2022-09-12,113,Coat,Outerwear,Brand D,180.0,1,180.0,Online
4939,2023-11-06,2746,40,Male,Dallas,2021-12-14,113,Coat,Outerwear,Brand D,180.0,1,180.0,In-Store
429,2023-11-06,2081,24,Female,San Diego,2021-07-05,120,Cap,Accessories,Brand E,15.0,2,30.0,In-Store
962,2023-11-06,2167,25,Female,Phoenix,2022-09-25,112,Running Shoes,Footwear,Brand C,85.0,1,85.0,Online
1116,2023-11-06,2189,41,Female,San Diego,2023-01-31,113,Coat,Outerwear,Brand D,180.0,1,180.0,In-Store
4440,2023-11-06,2679,28,Male,Miami,2022-10-05,113,Coat,Outerwear,Brand D,180.0,1,180.0,In-Store
1491,2023-11-06,2252,62,Female,San Diego,2022-03-10,109,Shorts,Clothing,Brand E,30.0,2,60.0,Online
2376,2023-11-06,2369,23,Male,Philadelphia,2022-03-04,109,Shorts,Clothing,Brand E,30.0,1,30.0,Online
4845,2023-11-06,2736,21,Male,Los Angeles,2021-06-17,120,Cap,Accessories,Brand E,15.0,2,30.0,Online
2011,2023-11-06,2320,54,Female,Phoenix,2022-02-04,112,Running Shoes,Footwear,Brand C,85.0,1,85.0,In-Store
2541,2023-11-06,2393,39,Male,Los Angeles,2022-05-08,114,Parka,Outerwear,Brand B,150.0,1,150.0,In-Store
4894,2023-11-06,2741,19,Male,Chicago,2023-04-10,109,Shorts,Clothing,Brand E,30.0,3,90.0,Online
2113,2023-11-06,2334,51,Male,Los Angeles,2021-12-14,113,Coat,Outerwear,Brand D,180.0,1,180.0,In-Store
5076,2023-11-07,2767,41,Male,Chicago,2022-08-05,104,Jacket,Outerwear,Brand D,120.0,1,120.0,In-Store
2467,2023-11-07,2380,69,Male,Los Angeles,2022-12-28,115,Blazer,Outerwear,Brand A,130.0,3,390.0,In-Store
4292,2023-11-07,2660,34,Female,Los Angeles,2023-09-06,101,T-shirt,Clothing,Brand A,25.0,1,25.0,In-Store
494,2023-11-07,2088,26,Female,San Diego,2022-08-05,120,Cap,Accessories,Brand E,15.0,3,45.0,Online
1092,2023-11-07,2185,40,Female,San Diego,2022-03-26,113,Coat,Outerwear,Brand D,180.0,1,180.0,Online
437,2023-11-07,2082,24,Female,Chicago,2021-06-17,120,Cap,Accessories,Brand E,15.0,2,30.0,Online
3186,2023-11-07,2496,23,Female,Chicago,2021-04-22,106,Shirt,Clothing,Brand A,40.0,1,40.0,Online
1323,2023-11-07,2223,43,Female,Los Angeles,2022-01-08,113,Coat,Outerwear,Brand D,180.0,1,180.0,Online
2179,2023-11-07,2342,21,Male,Los Angeles,2021-08-07,105,Hat,Accessories,Brand E,22.5,2,45.0,In-Store
1230,2023-11-07,2209,34,Male,San Diego,2021-09-15,113,Coat,Outerwear,Brand D,180.0,1,180.0,In-Store
4580,2023-11-07,2703,23,Male,Dallas,2023-09-06,120,Cap,Accessories,Brand E,15.0,1,15.0,Online
2706,2023-11-07,2412,49,Male,Miami,2023-03-01,101,T-shirt,Clothing,Brand A,25.0,1,25.0,In-Store
5223,2023-11-08,2788,40,Female,Phoenix,2023-05-07,113,Coat,Outerwear,Brand D,180.0,1,180.0,Online
4153,2023-11-08,2638,36,Male,Philadelphia,2021-06-03,115,Blazer,Outerwear,Brand A,130.0,1,130.0,In-Store
1756,2023-11-08,2289,45,Male,Los Angeles,2021-07-31,106,Shirt,Clothing,Brand A,40.0,1,40.0,In-Store
393,2023-11-08,2074,21,Female,San Antonio,2022-08-20,112,Running Shoes,Footwear,Brand C,85.0,1,85.0,Online
4127,2023-11-08,2633,47,Male,San Diego,2023-03-26,102,Jeans,Clothing,Brand B,75.0,1,75.0,Online
363,2023-11-08,2071,32,Female,Miami,2022-08-31,113,Coat,Outerwear,Brand D,180.0,1,180.0,In-Store
3502,2023-11-08,2544,25,Male,Philadelphia,2023-10-17,109,Shorts,Clothing,Brand E,30.0,1,30.0,Online
656,2023-11-08,2110,45,Female,San Antonio,2021-02-14,101,T-shirt,Clothing,Brand A,25.0,1,25.0,In-Store
3130,2023-11-08,2485,40,Female,Phoenix,2023-05-21,102,Jeans,Clothing,Brand B,75.0,1,75.0,In-Store
4668,2023-11-08,2716,20,Male,New York,2023-03-11,106,Shirt,Clothing,Brand A,40.0,1,40.0,Online
1117,2023-11-08,2189,41,Female,San Diego,2023-01-31,113,Coat,Outerwear,Brand D,180.0,2,360.0,Online
259,2023-11-09,2050,40,Male,San Diego,2023-06-12,109,Shorts,Clothing,Brand E,30.0,1,30.0,In-Store
3175,2023-11-09,2495,34,Female,Los Angeles,2023-02-25,108,Hoodie,Clothing,Brand C,55.0,1,55.0,Online
2045,2023-11-09,2324,18,Female,Phoenix,2022-02-06,107,Dress,Clothing,Brand B,65.0,2,130.0,Online
2943,2023-11-09,2449,20,Male,San Diego,2023-03-11,103,Sneakers,Footwear,Brand C,30.0,1,30.0,Online
1536,2023-11-09,2257,22,Female,Philadelphia,2021-01-31,111,Sandals,Footwear,Brand E,35.0,1,35.0,Online
3213,2023-11-09,2502,31,Female,San Diego,2021-02-09,114,Parka,Outerwear,Brand B,150.0,1,150.0,In-Store
1894,2023-11-09,2301,27,Male,New York,2023-05-11,106,Shirt,Clothing,Brand A,40.0,2,80.0,Online
2518,2023-11-09,2391,50,Female,Dallas,2023-01-28,112,Running Shoes,Footwear,Brand C,85.0,2,170.0,Online
1518,2023-11-10,2255,43,Female,Philadelphia,2021-07-10,113,Coat,Outerwear,Brand D,180.0,1,180.0,In-Store
4117,2023-11-10,2631,40,Female,San Diego,2023-09-10,113,Coat,Outerwear,Brand D,180.0,1,180.0,In-Store
3904,2023-11-10,2600,58,Female,Houston,2022-04-14,118,Bag,Accessories,Brand B,60.0,1,60.0,In-Store
2514,2023-11-10,2390,26,Male,San Diego,2021-08-27,107,Dress,Clothing,Brand B,65.0,1,65.0,Online
3472,2023-11-10,2538,23,Male,Chicago,2022-07-08,105,Hat,Accessories,Brand E,22.5,1,22.5,Online
1649,2023-11-10,2275,53,Male,San Diego,2021-09-28,120,Cap,Accessories,Brand E,15.0,1,15.0,In-Store
2519,2023-11-10,2391,50,Female,Dallas,2023-01-28,103,Sneakers,Footwear,Brand C,30.0,1,30.0,In-Store
2046,2023-11-11,2324,18,Female,Phoenix,2022-02-06,120,Cap,Accessories,Brand E,15.0,1,15.0,Online
1784,2023-11-11,2292,21,Female,Houston,2022-10-12,103,Sneakers,Footwear,Brand C,30.0,2,60.0,Online
5137,2023-11-11,2778,40,Female,San Diego,2021-11-02,111,Sandals,Footwear,Brand E,35.0,1,35.0,In-Store
1712,2023-11-11,2283,53,Male,Philadelphia,2023-10-25,115,Blazer,Outerwear,Brand A,130.0,1,130.0,In-Store
107,2023-11-11,2026,42,Male,San Antonio,2021-07-12,115,Blazer,Outerwear,Brand A,130.0,1,130.0,Online
3523,2023-11-11,2545,37,Male,New York,2022-07-05,114,Parka,Outerwear,Brand B,150.0,1,150.0,In-Store
4669,2023-11-11,2716,20,Male,New York,2023-03-11,108,Hoodie,Clothing,Brand C,55.0,4,220.0,Online
4487,2023-11-11,2687,47,Male,San Antonio,2021-04-14,115,Blazer,Outerwear,Brand A,130.0,1,130.0,In-Store
5013,2023-11-11,2759,48,Female,Philadelphia,2022-01-05,119,Sunglasses,Accessories,Brand C,45.0,1,45.0,Online
4346,2023-11-11,2667,37,Female,Dallas,2022-06-10,113,Coat,Outerwear,Brand D,180.0,2,360.0,Online
2013,2023-11-12,2321,22,Female,Phoenix,2023-06-30,101,T-shirt,Clothing,Brand A,25.0,2,50.0,Online
2353,2023-11-12,2367,19,Female,San Diego,2021-06-02,119,Sunglasses,Accessories,Brand C,45.0,2,90.0,Online
1961,2023-11-12,2312,46,Female,San Antonio,2022-10-25,108,Hoodie,Clothing,Brand C,55.0,1,55.0,Online
1834,2023-11-12,2297,23,Female,Dallas,2021-05-17,119,Sunglasses,Accessories,Brand C,45.0,2,90.0,Online
2143,2023-11-12,2338,42,Female,New York,2023-09-18,112,Running Shoes,Footwear,Brand C,85.0,1,85.0,In-Store
814,2023-11-12,2138,59,Male,Phoenix,2023-04-10,110,Boots,Footwear,Brand D,110.0,2,220.0,In-Store
4047,2023-11-12,2620,23,Female,Los Angeles,2023-08-14,120,Cap,Accessories,Brand E,15.0,1,15.0,Online
5329,2023-11-12,2804,20,Female,Dallas,2023-05-19,119,Sunglasses,Accessories,Brand C,45.0,1,45.0,Online
4944,2023-11-12,2747,65,Male,San Antonio,2021-04-20,112,Running Shoes,Footwear,Brand C,85.0,2,170.0,In-Store
3840,2023-11-12,2588,36,Female,Los Angeles,2021-11-09,114,Parka,Outerwear,Brand B,150.0,1,150.0,In-Store
554,2023-11-12,2097,56,Male,Phoenix,2021-05-03,105,Hat,Accessories,Brand E,22.5,1,22.5,Online
1895,2023-11-12,2301,27,Male,New York,2023-05-11,101,T-shirt,Clothing,Brand A,25.0,4,100.0,Online
5168,2023-11-12,2783,20,Female,Miami,2021-05-24,116,Belt,Accessories,Brand A,20.0,1,20.0,Online
4581,2023-11-12,2703,23,Male,Dallas,2023-09-06,117,Scarf,Accessories,Brand E,18.0,1,18.0,Online
1601,2023-11-13,2270,57,Male,Los Angeles,2021-11-23,112,Running Shoes,Footwear,Brand C,85.0,1,85.0,In-Store
5320,2023-11-13,2802,24,Female,San Antonio,2021-06-18,102,Jeans,Clothing,Brand B,75.0,1,75.0,In-Store
1029,2023-11-13,2176,39,Male,San Diego,2023-05-29,113,Coat,Outerwear,Brand D,180.0,1,180.0,In-Store
3428,2023-11-13,2531,46,Male,Miami,2021-09-11,115,Blazer,Outerwear,Brand A,130.0,2,260.0,In-Store
2167,2023-11-13,2341,37,Female,Los Angeles,2021-02-26,105,Hat,Accessories,Brand E,22.5,1,22.5,In-Store
2876,2023-11-13,2439,57,Female,Los Angeles,2022-08-13,114,Parka,Outerwear,Brand B,150.0,1,150.0,In-Store
677,2023-11-13,2113,53,Male,Dallas,2023-01-22,108,Hoodie,Clothing,Brand C,55.0,1,55.0,In-Store
1570,2023-11-13,2265,41,Male,San Diego,2021-04-06,114,Parka,Outerwear,Brand B,150.0,1,150.0,Online
1305,2023-11-13,2221,19,Female,New York,2021-07-31,108,Hoodie,Clothing,Brand C,55.0,1,55.0,Online
2261,2023-11-13,2357,26,Female,San Diego,2022-10-11,107,Dress,Clothing,Brand B,65.0,2,130.0,Online
3955,2023-11-13,2606,38,Male,Los Angeles,2022-06-03,113,Coat,Outerwear,Brand D,180.0,1,180.0,Online
2991,2023-11-13,2458,47,Female,Phoenix,2023-10-13,102,Jeans,Clothing,Brand B,75.0,1,75.0,Online
3243,2023-11-13,2505,32,Male,Houston,2022-06-12,109,Shorts,Clothing,Brand E,30.0,1,30.0,Online
1295,2023-11-13,2220,59,Male,Phoenix,2023-09-29,103,Sneakers,Footwear,Brand C,30.0,2,60.0,In-Store
906,2023-11-13,2157,49,Female,San Antonio,2022-04-03,105,Hat,Accessories,Brand E,22.5,2,45.0,Online
3299,2023-11-14,2515,23,Female,San Antonio,2022-03-31,120,Cap,Accessories,Brand E,15.0,1,15.0,Online
5107,2023-11-14,2771,50,Female,Phoenix,2022-12-26,113,Coat,Outerwear,Brand D,180.0,1,180.0,Online
894,2023-11-14,2155,19,Female,Chicago,2023-01-02,101,T-shirt,Clothing,Brand A,25.0,2,50.0,Online
4908,2023-11-14,2742,57,Male,Miami,2022-10-18,113,Coat,Outerwear,Brand D,180.0,1,180.0,In-Store
1132,2023-11-14,2192,24,Female,Los Angeles,2023-03-29,112,Running Shoes,Footwear,Brand C,85.0,1,85.0,Online
1835,2023-11-14,2297,23,Female,Dallas,2021-05-17,111,Sandals,Footwear,Brand E,35.0,1,35.0,Online
4670,2023-11-14,2716,20,Male,New York,2023-03-11,120,Cap,Accessories,Brand E,15.0,1,15.0,Online
3037,2023-11-14,2468,27,Male,San Antonio,2023-02-08,105,Hat,Accessories,Brand E,22.5,2,45.0,Online
3503,2023-11-14,2544,25,Male,Philadelphia,2023-10-17,101,T-shirt,Clothing,Brand A,25.0,1,25.0,Online
2844,2023-11-14,2432,40,Female,Chicago,2021-03-05,118,Bag,Accessories,Brand B,60.0,2,120.0,Online
2923,2023-11-14,2446,49,Female,Phoenix,2021-09-20,106,Shirt,Clothing,Brand A,40.0,1,40.0,In-Store
3698,2023-11-14,2566,23,Female,Miami,2022-12-17,105,Hat,Accessories,Brand E,22.5,1,22.5,Online
1537,2023-11-14,2257,22,Female,Philadelphia,2021-01-31,109,Shorts,Clothing,Brand E,30.0,1,30.0,Online
789,2023-11-14,2132,50,Female,San Diego,2022-10-17,118,Bag,Accessories,Brand B,60.0,1,60.0,In-Store
4828,2023-11-14,2734,55,Male,Phoenix,2022-03-12,118,Bag,Accessories,Brand B,60.0,3,180.0,In-Store
3419,2023-11-14,2529,24,Female,Philadelphia,2021-07-12,106,Shirt,Clothing,Brand A,40.0,1,40.0,In-Store
1412,2023-11-14,2236,21,Male,Houston,2022-10-24,117,Scarf,Accessories,Brand E,18.0,3,54.0,Online
619,2023-11-15,2105,23,Male,Los Angeles,2021-02-22,116,Belt,Accessories,Brand A,20.0,2,40.0,Online
4545,2023-11-15,2699,55,Male,Philadelphia,2023-07-12,102,Jeans,Clothing,Brand B,75.0,1,75.0,In-Store
4319,2023-11-15,2664,27,Male,Phoenix,2021-03-06,105,Hat,Accessories,Brand E,22.5,1,22.5,Online
1024,2023-11-15,2175,23,Male,Philadelphia,2021-06-01,120,Cap,Accessories,Brand E,15.0,1,15.0,In-Store
4599,2023-11-15,2706,23,Female,San Antonio,2023-10-11,102,Jeans,Clothing,Brand B,75.0,2,150.0,Online
3071,2023-11-15,2473,18,Male,San Diego,2022-05-13,106,Shirt,Clothing,Brand A,40.0,2,80.0,Online
4736,2023-11-15,2724,36,Male,Houston,2022-05-27,113,Coat,Outerwear,Brand D,180.0,1,180.0,Online
2211,2023-11-15,2346,22,Male,San Diego,2022-11-25,111,Sandals,Footwear,Brand E,35.0,2,70.0,Online
4779,2023-11-16,2728,20,Female,Houston,2023-03-06,111,Sandals,Footwear,Brand E,35.0,2,70.0,Online
4491,2023-11-16,2688,35,Male,San Diego,2022-06-07,113,Coat,Outerwear,Brand D,180.0,2,360.0,Online
2047,2023-11-16,2324,18,Female,Phoenix,2022-02-06,116,Belt,Accessories,Brand A,20.0,1,20.0,Online
1571,2023-11-16,2265,41,Male,San Diego,2021-04-06,113,Coat,Outerwear,Brand D,180.0,1,180.0,In-Store
949,2023-11-16,2164,45,Female,Philadelphia,2022-12-31,111,Sandals,Footwear,Brand E,35.0,1,35.0,In-Store
1084,2023-11-16,2183,47,Female,Los Angeles,2021-12-06,108,Hoodie,Clothing,Brand C,55.0,2,110.0,In-Store
923,2023-11-16,2161,33,Male,Philadelphia,2022-09-13,114,Parka,Outerwear,Brand B,150.0,1,150.0,In-Store
5155,2023-11-16,2781,21,Female,Philadelphia,2023-04-13,106,Shirt,Clothing,Brand A,40.0,1,40.0,Online
1296,2023-11-16,2220,59,Male,Phoenix,2023-09-29,102,Jeans,Clothing,Brand B,75.0,1,75.0,In-Store
3300,2023-11-16,2515,23,Female,San Antonio,2022-03-31,108,Hoodie,Clothing,Brand C,55.0,2,110.0,Online
5186,2023-11-16,2784,52,Male,Philadelphia,2021-11-18,115,Blazer,Outerwear,Brand A,130.0,1,130.0,Online
4048,2023-11-16,2620,23,Female,Los Angeles,2023-08-14,109,Shorts,Clothing,Brand E,30.0,1,30.0,Online
1203,2023-11-16,2204,47,Male,Miami,2021-09-21,109,Shorts,Clothing,Brand E,30.0,1,30.0,In-Store
2224,2023-11-16,2350,41,Male,Phoenix,2023-08-28,114,Parka,Outerwear,Brand B,150.0,1,150.0,In-Store
3565,2023-11-16,2550,55,Male,San Diego,2023-10-27,104,Jacket,Outerwear,Brand D,120.0,1,120.0,In-Store
836,2023-11-17,2145,46,Male,Houston,2021-09-09,107,Dress,Clothing,Brand B,65.0,2,130.0,In-Store
3325,2023-11-17,2517,40,Male,Miami,2022-08-12,113,Coat,Outerwear,Brand D,180.0,1,180.0,Online
2557,2023-11-17,2396,19,Female,Houston,2022-05-12,120,Cap,Accessories,Brand E,15.0,1,15.0,Online
3716,2023-11-17,2568,36,Female,Philadelphia,2022-09-08,112,Running Shoes,Footwear,Brand C,85.0,1,85.0,Online
1836,2023-11-17,2297,23,Female,Dallas,2021-05-17,105,Hat,Accessories,Brand E,22.5,3,67.5,In-Store
2621,2023-11-17,2406,35,Female,Philadelphia,2022-05-11,115,Blazer,Outerwear,Brand A,130.0,1,130.0,In-Store
4112,2023-11-17,2630,51,Female,San Antonio,2022-07-05,112,Running Shoes,Footwear,Brand C,85.0,1,85.0,In-Store
1337,2023-11-17,2226,22,Male,Chicago,2021-10-21,101,T-shirt,Clothing,Brand A,25.0,2,50.0,Online
1519,2023-11-17,2255,43,Female,Philadelphia,2021-07-10,113,Coat,Outerwear,Brand D,180.0,1,180.0,In-Store
4137,2023-11-17,2635,52,Female,Philadelphia,2021-11-14,114,Parka,Outerwear,Brand B,150.0,1,150.0,In-Store
2315,2023-11-18,2363,20,Female,Philadelphia,2022-11-03,105,Hat,Accessories,Brand E,22.5,2,45.0,Online
290,2023-11-18,2054,37,Male,Phoenix,2023-06-07,115,Blazer,Outerwear,Brand A,130.0,1,130.0,Online
1177,2023-11-18,2198,33,Female,Dallas,2022-08-30,109,Shorts,Clothing,Brand E,30.0,2,60.0,Online
463,2023-11-18,2085,21,Male,Phoenix,2021-03-18,111,Sandals,Footwear,Brand E,35.0,2,70.0,Online
5050,2023-11-18,2764,48,Male,San Antonio,2021-05-16,115,Blazer,Outerwear,Brand A,130.0,1,130.0,Online
4222,2023-11-18,2650,21,Female,Houston,2021-01-20,106,Shirt,Clothing,Brand A,40.0,2,80.0,Online
2744,2023-11-18,2417,37,Female,San Antonio,2023-07-19,113,Coat,Outerwear,Brand D,180.0,1,180.0,In-Store
1636,2023-11-18,2273,52,Female,San Antonio,2022-12-30,119,Sunglasses,Accessories,Brand C,45.0,1,45.0,In-Store
2639,2023-11-18,2407,21,Male,San Antonio,2023-03-15,109,Shorts,Clothing,Brand E,30.0,1,30.0,Online
4864,2023-11-18,2737,20,Male,Philadelphia,2023-04-17,101,T-shirt,Clothing,Brand A,25.0,1,25.0,Online
2687,2023-11-18,2411,45,Male,Chicago,2021-04-28,113,Coat,Outerwear,Brand D,180.0,1,180.0,In-Store
3905,2023-11-18,2600,58,Female,Houston,2022-04-14,102,Jeans,Clothing,Brand B,75.0,1,75.0,Online
4795,2023-11-18,2729,20,Male,Dallas,2022-04-21,120,Cap,Accessories,Brand E,15.0,2,30.0,Online
4982,2023-11-19,2752,44,Male,Dallas,2022-04-10,102,Jeans,Clothing,Brand B,75.0,2,150.0,Online
4582,2023-11-19,2703,23,Male,Dallas,2023-09-06,101,T-shirt,Clothing,Brand A,25.0,1,25.0,Online
3628,2023-11-19,2558,55,Male,Dallas,2023-02-08,101,T-shirt,Clothing,Brand A,25.0,2,50.0,In-Store
1413,2023-11-19,2236,21,Male,Houston,2022-10-24,105,Hat,Accessories,Brand E,22.5,1,22.5,In-Store
1133,2023-11-19,2192,24,Female,Los Angeles,2023-03-29,108,Hoodie,Clothing,Brand C,55.0,2,110.0,Online
3885,2023-11-19,2595,36,Female,New York,2022-05-04,113,Coat,Outerwear,Brand D,180.0,2,360.0,In-Store
1162,2023-11-19,2194,40,Male,New York,2022-03-28,101,T-shirt,Clothing,Brand A,25.0,1,25.0,In-Store
3914,2023-11-19,2602,63,Female,Phoenix,2021-01-22,102,Jeans,Clothing,Brand B,75.0,1,75.0,In-Store
4829,2023-11-19,2734,55,Male,Phoenix,2022-03-12,108,Hoodie,Clothing,Brand C,55.0,1,55.0,In-Store
1094,2023-11-19,2186,38,Female,San Diego,2023-01-23,112,Running Shoes,Footwear,Brand C,85.0,1,85.0,In-Store
2788,2023-11-20,2424,20,Female,Chicago,2023-05-31,105,Hat,Accessories,Brand E,22.5,2,45.0,In-Store
3348,2023-11-20,2519,47,Male,Houston,2021-06-27,109,Shorts,Clothing,Brand E,30.0,2,60.0,In-Store
2407,2023-11-20,2371,22,Female,San Diego,2023-02-16,106,Shirt,Clothing,Brand A,40.0,1,40.0,Online
3056,2023-11-20,2471,64,Female,Chicago,2023-04-04,114,Parka,Outerwear,Brand B,150.0,1,150.0,In-Store
373,2023-11-20,2072,20,Female,Chicago,2022-02-12,119,Sunglasses,Accessories,Brand C,45.0,3,135.0,Online
721,2023-11-20,2120,58,Female,Phoenix,2022-07-03,106,Shirt,Clothing,Brand A,40.0,2,80.0,In-Store
4846,2023-11-20,2736,21,Male,Los Angeles,2021-06-17,101,T-shirt,Clothing,Brand A,25.0,1,25.0,Online
4104,2023-11-20,2626,21,Male,Chicago,2023-10-05,106,Shirt,Clothing,Brand A,40.0,1,40.0,Online
4807,2023-11-21,2731,22,Male,Los Angeles,2022-03-22,101,T-shirt,Clothing,Brand A,25.0,2,50.0,Online
526,2023-11-21,2092,53,Female,Phoenix,2021-01-01,118,Bag,Accessories,Brand B,60.0,2,120.0,In-Store
3982,2023-11-21,2611,41,Male,Houston,2023-05-26,116,Belt,Accessories,Brand A,20.0,1,20.0,Online
3915,2023-11-21,2602,63,Female,Phoenix,2021-01-22,108,Hoodie,Clothing,Brand C,55.0,1,55.0,In-Store
1118,2023-11-21,2189,41,Female,San Diego,2023-01-31,114,Parka,Outerwear,Brand B,150.0,2,300.0,In-Store
5142,2023-11-21,2779,42,Female,Houston,2023-11-07,113,Coat,Outerwear,Brand D,180.0,1,180.0,In-Store
1650,2023-11-22,2275,53,Male,San Diego,2021-09-28,116,Belt,Accessories,Brand A,20.0,1,20.0,In-Store
1692,2023-11-22,2279,21,Female,Houston,2021-04-14,117,Scarf,Accessories,Brand E,18.0,4,72.0,Online
1837,2023-11-22,2297,23,Female,Dallas,2021-05-17,103,Sneakers,Footwear,Brand C,30.0,2,60.0,Online
306,2023-11-22,2059,44,Female,Miami,2022-06-17,113,Coat,Outerwear,Brand D,180.0,1,180.0,In-Store
1002,2023-11-22,2173,37,Female,Chicago,2021-09-15,113,Coat,Outerwear,Brand D,180.0,1,180.0,Online
5051,2023-11-22,2764,48,Male,San Antonio,2021-05-16,108,Hoodie,Clothing,Brand C,55.0,2,110.0,In-Store
2766,2023-11-22,2421,19,Male,Phoenix,2022-12-20,105,Hat,Accessories,Brand E,22.5,1,22.5,Online
2944,2023-11-22,2449,20,Male,San Diego,2023-03-11,103,Sneakers,Footwear,Brand C,30.0,1,30.0,Online
329,2023-11-22,2069,18,Male,Chicago,2023-11-18,108,Hoodie,Clothing,Brand C,55.0,2,110.0,Online
2377,2023-11-22,2369,23,Male,Philadelphia,2022-03-04,102,Jeans,Clothing,Brand B,75.0,1,75.0,Online
5262,2023-11-22,2793,30,Female,San Antonio,2022-10-23,114,Parka,Outerwear,Brand B,150.0,2,300.0,Online
4690,2023-11-23,2717,20,Male,Los Angeles,2022-11-22,101,T-shirt,Clothing,Brand A,25.0,3,75.0,Online
2097,2023-11-23,2329,22,Male,Los Angeles,2023-07-03,109,Shorts,Clothing,Brand E,30.0,1,30.0,Online
1962,2023-11-23,2313,22,Male,Chicago,2021-10-13,120,Cap,Accessories,Brand E,15.0,2,30.0,Online
158,2023-11-23,2036,21,Female,San Antonio,2022-11-12,106,Shirt,Clothing,Brand A,40.0,1,40.0,Online
22,2023-11-23,2011,22,Female,Chicago,2021-01-18,111,Sandals,Footwear,Brand E,35.0,2,70.0,Online
4464,2023-11-23,2682,23,Male,Miami,2022-12-08,102,Jeans,Clothing,Brand B,75.0,1,75.0,Online
3524,2023-11-23,2545,37,Male,New York,2022-07-05,115,Blazer,Outerwear,Brand A,130.0,1,130.0,Online
4019,2023-11-23,2616,54,Male,Houston,2021-09-04,109,Shorts,Clothing,Brand E,30.0,1,30.0,In-Store
3886,2023-11-23,2595,36,Female,New York,2022-05-04,113,Coat,Outerwear,Brand D,180.0,1,180.0,In-Store
2992,2023-11-23,2458,47,Female,Phoenix,2023-10-13,115,Blazer,Outerwear,Brand A,130.0,1,130.0,Online
1998,2023-11-23,2319,22,Female,San Antonio,2023-11-23,101,T-shirt,Clothing,Brand A,25.0,2,50.0,Online
2483,2023-11-24,2381,47,Female,New York,2023-07-09,106,Shirt,Clothing,Brand A,40.0,1,40.0,Online
2014,2023-11-24,2321,22,Female,Phoenix,2023-06-30,120,Cap,Accessories,Brand E,15.0,1,15.0,Online
1682,2023-11-24,2278,37,Male,Philadelphia,2022-01-26,104,Jacket,Outerwear,Brand D,120.0,1,120.0,Online
2767,2023-11-24,2421,19,Male,Phoenix,2022-12-20,106,Shirt,Clothing,Brand A,40.0,3,120.0,Online
2908,2023-11-24,2443,18,Male,Philadelphia,2021-08-03,105,Hat,Accessories,Brand E,22.5,2,45.0,In-Store
2505,2023-11-24,2389,30,Female,Los Angeles,2022-10-16,113,Coat,Outerwear,Brand D,180.0,1,180.0,Online
3090,2023-11-24,2477,41,Female,Philadelphia,2021-08-22,113,Coat,Outerwear,Brand D,180.0,1,180.0,In-Store
3269,2023-11-24,2510,39,Male,Philadelphia,2022-12-06,117,Scarf,Accessories,Brand E,18.0,1,18.0,Online
5120,2023-11-24,2777,57,Male,Miami,2023-07-31,107,Dress,Clothing,Brand B,65.0,1,65.0,In-Store
4307,2023-11-24,2662,20,Female,Miami,2022-01-21,117,Scarf,Accessories,Brand E,18.0,1,18.0,In-Store
1259,2023-11-24,2214,47,Female,Phoenix,2023-11-16,109,Shorts,Clothing,Brand E,30.0,1,30.0,In-Store
2745,2023-11-24,2417,37,Female,San Antonio,2023-07-19,104,Jacket,Outerwear,Brand D,120.0,3,360.0,In-Store
464,2023-11-24,2085,21,Male,Phoenix,2021-03-18,106,Shirt,Clothing,Brand A,40.0,2,80.0,Online
4233,2023-11-25,2651,20,Female,Miami,2022-03-04,101,T-shirt,Clothing,Brand A,25.0,1,25.0,In-Store
245,2023-11-25,2049,23,Male,Phoenix,2022-07-21,108,Hoodie,Clothing,Brand C,55.0,1,55.0,Online
520,2023-11-25,2091,41,Female,Phoenix,2021-05-31,113,Coat,Outerwear,Brand D,180.0,1,180.0,Online
1602,2023-11-25,2270,57,Male,Los Angeles,2021-11-23,108,Hoodie,Clothing,Brand C,55.0,1,55.0,In-Store
2993,2023-11-25,2458,47,Female,Phoenix,2023-10-13,107,Dress,Clothing,Brand B,65.0,1,65.0,In-Store
3449,2023-11-25,2535,64,Male,Phoenix,2023-11-06,108,Hoodie,Clothing,Brand C,55.0,1,55.0,In-Store
4069,2023-11-25,2623,24,Male,Philadelphia,2021-12-29,107,Dress,Clothing,Brand B,65.0,1,65.0,Online
1191,2023-11-25,2202,40,Female,New York,2022-05-05,102,Jeans,Clothing,Brand B,75.0,1,75.0,In-Store
4975,2023-11-25,2751,22,Male,Houston,2023-11-01,109,Shorts,Clothing,Brand E,30.0,1,30.0,Online
1811,2023-11-25,2295,50,Female,Philadelphia,2021-08-11,113,Coat,Outerwear,Brand D,180.0,3,540.0,Online
1502,2023-11-25,2253,18,Female,San Antonio,2021-08-01,119,Sunglasses,Accessories,Brand C,45.0,2,90.0,In-Store
3983,2023-11-25,2611,41,Male,Houston,2023-05-26,113,Coat,Outerwear,Brand D,180.0,1,180.0,Online
3800,2023-11-25,2583,23,Male,Miami,2021-10-10,108,Hoodie,Clothing,Brand C,55.0,2,110.0,Online
2956,2023-11-25,2451,43,Female,San Diego,2022-11-12,104,Jacket,Outerwear,Brand D,120.0,1,120.0,Online
2590,2023-11-25,2399,19,Male,Los Angeles,2022-10-20,112,Running Shoes,Footwear,Brand C,85.0,3,255.0,Online
279,2023-11-25,2052,25,Male,Houston,2021-11-02,111,Sandals,Footwear,Brand E,35.0,1,35.0,Online
348,2023-11-25,2070,24,Male,San Antonio,2023-01-13,103,Sneakers,Footwear,Brand C,30.0,1,30.0,Online
5112,2023-11-25,2774,33,Female,Chicago,2023-11-14,111,Sandals,Footwear,Brand E,35.0,1,35.0,Online
4266,2023-11-26,2655,18,Female,Chicago,2021-02-09,105,Hat,Accessories,Brand E,22.5,1,22.5,Online
33,2023-11-26,2013,39,Female,San Diego,2023-07-04,113,Coat,Outerwear,Brand D,180.0,1,180.0,In-Store
1520,2023-11-26,2255,43,Female,Philadelphia,2021-07-10,113,Coat,Outerwear,Brand D,180.0,1,180.0,In-Store
4965,2023-11-26,2750,20,Female,Los Angeles,2021-07-20,106,Shirt,Clothing,Brand A,40.0,2,80.0,In-Store
4604,2023-11-26,2707,54,Female,San Diego,2022-09-01,109,Shorts,Clothing,Brand E,30.0,1,30.0,Online
2664,2023-11-26,2409,28,Female,Miami,2021-03-20,113,Coat,Outerwear,Brand D,180.0,1,180.0,In-Store
4525,2023-11-26,2695,49,Female,Houston,2021-09-22,107,Dress,Clothing,Brand B,65.0,1,65.0,In-Store
2048,2023-11-26,2324,18,Female,Phoenix,2022-02-06,103,Sneakers,Footwear,Brand C,30.0,2,60.0,Online
3455,2023-11-27,2536,51,Male,Miami,2022-07-27,109,Shorts,Clothing,Brand E,30.0,2,60.0,In-Store
4808,2023-11-27,2731,22,Male,Los Angeles,2022-03-22,108,Hoodie,Clothing,Brand C,55.0,3,165.0,Online
3550,2023-11-27,2548,26,Female,Los Angeles,2021-04-15,103,Sneakers,Footwear,Brand C,30.0,2,60.0,Online
3969,2023-11-27,2608,18,Male,New York,2022-09-28,117,Scarf,Accessories,Brand E,18.0,1,18.0,Online
2027,2023-11-27,2322,25,Female,Houston,2023-05-28,116,Belt,Accessories,Brand A,20.0,2,40.0,Online
3366,2023-11-27,2523,35,Female,San Antonio,2021-08-03,115,Blazer,Outerwear,Brand A,130.0,1,130.0,Online
2834,2023-11-27,2431,42,Female,Phoenix,2021-03-15,108,Hoodie,Clothing,Brand C,55.0,2,110.0,In-Store
2520,2023-11-27,2391,50,Female,Dallas,2023-01-28,117,Scarf,Accessories,Brand E,18.0,1,18.0,In-Store
2144,2023-11-27,2338,42,Female,New York,2023-09-18,102,Jeans,Clothing,Brand B,75.0,2,150.0,In-Store
924,2023-11-27,2161,33,Male,Philadelphia,2022-09-13,113,Coat,Outerwear,Brand D,180.0,1,180.0,Online
2714,2023-11-27,2413,54,Female,Houston,2022-01-02,111,Sandals,Footwear,Brand E,35.0,1,35.0,In-Store
374,2023-11-27,2072,20,Female,Chicago,2022-02-12,117,Scarf,Accessories,Brand E,18.0,1,18.0,Online
381,2023-11-28,2073,56,Female,New York,2023-04-29,106,Shirt,Clothing,Brand A,40.0,1,40.0,In-Store
3604,2023-11-28,2553,22,Male,Chicago,2022-08-23,109,Shorts,Clothing,Brand E,30.0,1,30.0,Online
4847,2023-11-28,2736,21,Male,Los Angeles,2021-06-17,119,Sunglasses,Accessories,Brand C,45.0,1,45.0,Online
2334,2023-11-28,2365,28,Male,Philadelphia,2021-11-25,120,Cap,Accessories,Brand E,15.0,1,15.0,In-Store
2443,2023-11-28,2376,41,Female,Philadelphia,2023-09-23,108,Hoodie,Clothing,Brand C,55.0,1,55.0,In-Store
2180,2023-11-28,2342,21,Male,Los Angeles,2021-08-07,117,Scarf,Accessories,Brand E,18.0,1,18.0,In-Store
1472,2023-11-29,2248,42,Male,Phoenix,2021-01-28,113,Coat,Outerwear,Brand D,180.0,1,180.0,Online
3841,2023-11-29,2588,36,Female,Los Angeles,2021-11-09,113,Coat,Outerwear,Brand D,180.0,1,180.0,Online
3687,2023-11-29,2564,22,Male,Phoenix,2023-03-18,117,Scarf,Accessories,Brand E,18.0,2,36.0,In-Store
382,2023-11-29,2073,56,Female,New York,2023-04-29,103,Sneakers,Footwear,Brand C,30.0,1,30.0,In-Store
4696,2023-11-29,2720,20,Female,Miami,2023-08-06,119,Sunglasses,Accessories,Brand C,45.0,1,45.0,Online
4767,2023-11-29,2727,23,Female,San Diego,2021-10-09,118,Bag,Accessories,Brand B,60.0,1,60.0,Online
3057,2023-11-29,2471,64,Female,Chicago,2023-04-04,107,Dress,Clothing,Brand B,65.0,2,130.0,In-Store
913,2023-11-29,2159,47,Male,Miami,2022-05-13,105,Hat,Accessories,Brand E,22.5,1,22.5,Online
5263,2023-11-29,2793,30,Female,San Antonio,2022-10-23,113,Coat,Outerwear,Brand D,180.0,1,180.0,Online
443,2023-11-29,2083,41,Male,New York,2022-12-17,113,Coat,Outerwear,Brand D,180.0,1,180.0,In-Store
1049,2023-11-29,2178,54,Female,New York,2022-07-12,108,Hoodie,Clothing,Brand C,55.0,1,55.0,Online
735,2023-11-29,2122,23,Male,San Antonio,2022-08-15,117,Scarf,Accessories,Brand E,18.0,1,18.0,In-Store
1713,2023-11-30,2283,53,Male,Philadelphia,2023-10-25,115,Blazer,Outerwear,Brand A,130.0,1,130.0,Online
3882,2023-11-30,2593,48,Male,San Diego,2022-03-19,110,Boots,Footwear,Brand D,110.0,2,220.0,In-Store
1218,2023-11-30,2207,53,Female,Phoenix,2023-10-28,104,Jacket,Outerwear,Brand D,120.0,1,120.0,In-Store
3058,2023-11-30,2471,64,Female,Chicago,2023-04-04,109,Shorts,Clothing,Brand E,30.0,2,60.0,In-Store
2945,2023-11-30,2449,20,Male,San Diego,2023-03-11,117,Scarf,Accessories,Brand E,18.0,2,36.0,Online
2612,2023-11-30,2404,28,Male,Chicago,2022-05-31,106,Shirt,Clothing,Brand A,40.0,1,40.0,Online
3379,2023-11-30,2524,40,Male,Houston,2021-03-25,113,Coat,Outerwear,Brand D,180.0,1,180.0,In-Store
1949,2023-11-30,2309,38,Female,Miami,2023-11-21,113,Coat,Outerwear,Brand D,180.0,1,180.0,In-Store
187,2023-11-30,2040,28,Male,Houston,2023-04-03,113,Coat,Outerwear,Brand D,180.0,1,180.0,Online
5252,2023-12-01,2791,53,Male,Houston,2022-04-08,115,Blazer,Outerwear,Brand A,130.0,1,130.0,In-Store
3829,2023-12-01,2587,46,Female,Philadelphia,2021-05-03,109,Shorts,Clothing,Brand E,30.0,1,30.0,In-Store
4474,2023-12-01,2683,20,Male,Miami,2022-03-13,111,Sandals,Footwear,Brand E,35.0,1,35.0,Online
3916,2023-12-01,2602,63,Female,Phoenix,2021-01-22,114,Parka,Outerwear,Brand B,150.0,1,150.0,In-Store
4481,2023-12-01,2686,42,Male,Miami,2023-08-13,111,Sandals,Footwear,Brand E,35.0,1,35.0,In-Store
3091,2023-12-01,2477,41,Female,Philadelphia,2021-08-22,107,Dress,Clothing,Brand B,65.0,2,130.0,Online
2575,2023-12-01,2398,19,Male,San Antonio,2022-10-18,107,Dress,Clothing,Brand B,65.0,2,130.0,Online
3456,2023-12-01,2536,51,Male,Miami,2022-07-27,115,Blazer,Outerwear,Brand A,130.0,1,130.0,In-Store
1119,2023-12-01,2189,41,Female,San Diego,2023-01-31,114,Parka,Outerwear,Brand B,150.0,1,150.0,Online
5241,2023-12-01,2790,57,Female,Philadelphia,2021-05-04,102,Jeans,Clothing,Brand B,75.0,1,75.0,In-Store
2640,2023-12-01,2407,21,Male,San Antonio,2023-03-15,101,T-shirt,Clothing,Brand A,25.0,2,50.0,Online
527,2023-12-01,2092,53,Female,Phoenix,2021-01-01,111,Sandals,Footwear,Brand E,35.0,1,35.0,In-Store
3605,2023-12-01,2553,22,Male,Chicago,2022-08-23,103,Sneakers,Footwear,Brand C,30.0,2,60.0,Online
4070,2023-12-01,2623,24,Male,Philadelphia,2021-12-29,120,Cap,Accessories,Brand E,15.0,1,15.0,Online
1631,2023-12-01,2272,51,Male,San Antonio,2022-04-22,107,Dress,Clothing,Brand B,65.0,1,65.0,In-Store
1451,2023-12-01,2245,23,Female,Chicago,2021-07-05,109,Shorts,Clothing,Brand E,30.0,2,60.0,Online
4234,2023-12-01,2651,20,Female,Miami,2022-03-04,120,Cap,Accessories,Brand E,15.0,1,15.0,Online
3404,2023-12-02,2528,27,Female,New York,2022-09-27,105,Hat,Accessories,Brand E,22.5,2,45.0,Online
3941,2023-12-02,2604,26,Female,New York,2023-07-03,103,Sneakers,Footwear,Brand C,30.0,1,30.0,Online
4308,2023-12-02,2662,20,Female,Miami,2022-01-21,106,Shirt,Clothing,Brand A,40.0,1,40.0,Online
4815,2023-12-02,2732,26,Female,Los Angeles,2021-07-26,119,Sunglasses,Accessories,Brand C,45.0,1,45.0,Online
4277,2023-12-02,2656,23,Female,New York,2021-01-22,103,Sneakers,Footwear,Brand C,30.0,2,60.0,In-Store
4561,2023-12-02,2700,55,Male,Los Angeles,2023-02-03,104,Jacket,Outerwear,Brand D,120.0,1,120.0,In-Store
2114,2023-12-02,2334,51,Male,Los Angeles,2021-12-14,112,Running Shoes,Footwear,Brand C,85.0,1,85.0,Online
629,2023-12-02,2108,25,Male,New York,2022-05-04,120,Cap,Accessories,Brand E,15.0,2,30.0,Online
1025,2023-12-02,2175,23,Male,Philadelphia,2021-06-01,119,Sunglasses,Accessories,Brand C,45.0,1,45.0,Online
5321,2023-12-02,2802,24,Female,San Antonio,2021-06-18,102,Jeans,Clothing,Brand B,75.0,2,150.0,Online
2877,2023-12-02,2439,57,Female,Los Angeles,2022-08-13,117,Scarf,Accessories,Brand E,18.0,1,18.0,In-Store
4865,2023-12-03,2737,20,Male,Philadelphia,2023-04-17,110,Boots,Footwear,Brand D,110.0,1,110.0,Online
5150,2023-12-03,2780,35,Female,Chicago,2023-08-01,113,Coat,Outerwear,Brand D,180.0,1,180.0,Online
2974,2023-12-03,2453,43,Male,Dallas,2021-11-18,111,Sandals,Footwear,Brand E,35.0,1,35.0,In-Store
4895,2023-12-03,2741,19,Male,Chicago,2023-04-10,117,Scarf,Accessories,Brand E,18.0,4,72.0,Online
4003,2023-12-03,2615,20,Male,New York,2023-05-06,106,Shirt,Clothing,Brand A,40.0,2,80.0,Online
3584,2023-12-03,2551,21,Female,San Antonio,2021-10-14,119,Sunglasses,Accessories,Brand C,45.0,1,45.0,Online
3072,2023-12-03,2473,18,Male,San Diego,2022-05-13,101,T-shirt,Clothing,Brand A,25.0,2,50.0,Online
2252,2023-12-03,2356,20,Female,Houston,2021-12-28,108,Hoodie,Clothing,Brand C,55.0,1,55.0,Online
2408,2023-12-03,2371,22,Female,San Diego,2023-02-16,116,Belt,Accessories,Brand A,20.0,1,20.0,Online
4400,2023-12-03,2673,19,Male,Houston,2021-12-12,106,Shirt,Clothing,Brand A,40.0,2,80.0,Online
555,2023-12-03,2097,56,Male,Phoenix,2021-05-03,106,Shirt,Clothing,Brand A,40.0,1,40.0,Online
1935,2023-12-03,2307,52,Female,Dallas,2022-12-16,110,Boots,Footwear,Brand D,110.0,1,110.0,In-Store
3481,2023-12-03,2541,20,Female,Philadelphia,2023-05-06,109,Shorts,Clothing,Brand E,30.0,2,60.0,Online
4049,2023-12-03,2620,23,Female,Los Angeles,2023-08-14,111,Sandals,Footwear,Brand E,35.0,1,35.0,Online
4347,2023-12-03,2667,37,Female,Dallas,2022-06-10,113,Coat,Outerwear,Brand D,180.0,1,180.0,In-Store
4113,2023-12-03,2630,51,Female,San Antonio,2022-07-05,103,Sneakers,Footwear,Brand C,30.0,1,30.0,In-Store
3405,2023-12-03,2528,27,Female,New York,2022-09-27,103,Sneakers,Footwear,Brand C,30.0,2,60.0,In-Store
1338,2023-12-03,2226,22,Male,Chicago,2021-10-21,102,Jeans,Clothing,Brand B,75.0,3,225.0,Online
2181,2023-12-03,2342,21,Male,Los Angeles,2021-08-07,109,Shorts,Clothing,Brand E,30.0,4,120.0,Online
925,2023-12-04,2161,33,Male,Philadelphia,2022-09-13,113,Coat,Outerwear,Brand D,180.0,1,180.0,In-Store
3858,2023-12-04,2590,32,Female,Phoenix,2023-03-16,113,Coat,Outerwear,Brand D,180.0,1,180.0,In-Store
3585,2023-12-04,2551,21,Female,San Antonio,2021-10-14,105,Hat,Accessories,Brand E,22.5,2,45.0,In-Store
128,2023-12-04,2030,26,Female,Los Angeles,2023-11-22,119,Sunglasses,Accessories,Brand C,45.0,1,45.0,Online
4830,2023-12-04,2734,55,Male,Phoenix,2022-03-12,113,Coat,Outerwear,Brand D,180.0,1,180.0,In-Store
246,2023-12-04,2049,23,Male,Phoenix,2022-07-21,105,Hat,Accessories,Brand E,22.5,1,22.5,Online
465,2023-12-04,2085,21,Male,Phoenix,2021-03-18,116,Belt,Accessories,Brand A,20.0,1,20.0,Online
2015,2023-12-04,2321,22,Female,Phoenix,2023-06-30,116,Belt,Accessories,Brand A,20.0,2,40.0,Online
1714,2023-12-04,2283,53,Male,Philadelphia,2023-10-25,118,Bag,Accessories,Brand B,60.0,1,60.0,In-Store
2493,2023-12-04,2386,35,Female,Houston,2023-11-02,120,Cap,Accessories,Brand E,15.0,2,30.0,In-Store
5296,2023-12-04,2798,25,Female,Miami,2021-01-17,103,Sneakers,Footwear,Brand C,30.0,2,60.0,Online
657,2023-12-04,2110,45,Female,San Antonio,2021-02-14,107,Dress,Clothing,Brand B,65.0,2,130.0,In-Store
3231,2023-12-04,2504,50,Male,Dallas,2023-10-29,116,Belt,Accessories,Brand A,20.0,2,40.0,In-Store
3499,2023-12-04,2543,35,Male,Dallas,2023-03-01,113,Coat,Outerwear,Brand D,180.0,1,180.0,In-Store
2641,2023-12-05,2407,21,Male,San Antonio,2023-03-15,101,T-shirt,Clothing,Brand A,25.0,1,25.0,Online
2990,2023-12-05,2457,47,Female,Miami,2022-02-03,120,Cap,Accessories,Brand E,15.0,1,15.0,In-Store
4050,2023-12-05,2620,23,Female,Los Angeles,2023-08-14,103,Sneakers,Footwear,Brand C,30.0,1,30.0,Online
1297,2023-12-05,2220,59,Male,Phoenix,2023-09-29,107,Dress,Clothing,Brand B,65.0,2,130.0,In-Store
315,2023-12-05,2061,38,Male,Chicago,2021-03-15,113,Coat,Outerwear,Brand D,180.0,1,180.0,In-Store
3281,2023-12-05,2513,25,Female,Dallas,2021-07-26,112,Running Shoes,Footwear,Brand C,85.0,1,85.0,Online
1381,2023-12-05,2232,50,Female,San Diego,2023-01-12,103,Sneakers,Footwear,Brand C,30.0,1,30.0,In-Store
2591,2023-12-05,2399,19,Male,Los Angeles,2022-10-20,117,Scarf,Accessories,Brand E,18.0,1,18.0,Online
2378,2023-12-05,2369,23,Male,Philadelphia,2022-03-04,106,Shirt,Clothing,Brand A,40.0,2,80.0,In-Store
3906,2023-12-05,2600,58,Female,Houston,2022-04-14,101,T-shirt,Clothing,Brand A,25.0,1,25.0,In-Store
4168,2023-12-06,2641,47,Male,Phoenix,2022-12-04,113,Coat,Outerwear,Brand D,180.0,1,180.0,In-Store
2768,2023-12-06,2421,19,Male,Phoenix,2022-12-20,107,Dress,Clothing,Brand B,65.0,3,195.0,Online
1936,2023-12-06,2307,52,Female,Dallas,2022-12-16,108,Hoodie,Clothing,Brand C,55.0,2,110.0,In-Store
425,2023-12-06,2080,22,Female,Miami,2023-04-28,103,Sneakers,Footwear,Brand C,30.0,1,30.0,Online
3809,2023-12-06,2584,55,Male,San Antonio,2021-10-26,116,Belt,Accessories,Brand A,20.0,1,20.0,In-Store
1986,2023-12-06,2316,24,Female,Los Angeles,2022-01-02,103,Sneakers,Footwear,Brand C,30.0,2,60.0,Online
219,2023-12-06,2044,18,Male,Miami,2021-05-25,120,Cap,Accessories,Brand E,15.0,1,15.0,Online
4177,2023-12-06,2642,52,Female,San Antonio,2021-03-19,103,Sneakers,Footwear,Brand C,30.0,2,60.0,In-Store
1868,2023-12-06,2298,20,Male,Chicago,2021-07-27,103,Sneakers,Footwear,Brand C,30.0,1,30.0,Online
3102,2023-12-07,2482,52,Male,Chicago,2022-03-27,118,Bag,Accessories,Brand B,60.0,1,60.0,In-Store
3200,2023-12-07,2500,25,Male,Phoenix,2021-01-13,109,Shorts,Clothing,Brand E,30.0,2,60.0,In-Store
3564,2023-12-07,2549,18,Male,New York,2023-07-19,109,Shorts,Clothing,Brand E,30.0,1,30.0,Online
1438,2023-12-07,2244,34,Female,Los Angeles,2023-11-05,106,Shirt,Clothing,Brand A,40.0,1,40.0,Online
2803,2023-12-07,2427,27,Female,Chicago,2023-11-16,111,Sandals,Footwear,Brand E,35.0,3,105.0,Online
2073,2023-12-07,2326,32,Male,Miami,2023-07-26,107,Dress,Clothing,Brand B,65.0,1,65.0,In-Store
97,2023-12-07,2024,61,Male,Chicago,2021-02-04,116,Belt,Accessories,Brand A,20.0,1,20.0,Online
1106,2023-12-07,2188,40,Female,Miami,2021-03-03,113,Coat,Outerwear,Brand D,180.0,1,180.0,In-Store
2622,2023-12-08,2406,35,Female,Philadelphia,2022-05-11,104,Jacket,Outerwear,Brand D,120.0,1,120.0,In-Store
4816,2023-12-08,2732,26,Female,Los Angeles,2021-07-26,119,Sunglasses,Accessories,Brand C,45.0,1,45.0,Online
2656,2023-12-08,2408,19,Male,San Diego,2021-03-12,107,Dress,Clothing,Brand B,65.0,1,65.0,Online
495,2023-12-08,2088,26,Female,San Diego,2022-08-05,102,Jeans,Clothing,Brand B,75.0,3,225.0,In-Store
4352,2023-12-08,2668,52,Female,Chicago,2023-08-06,108,Hoodie,Clothing,Brand C,55.0,2,110.0,In-Store
1651,2023-12-08,2275,53,Male,San Diego,2021-09-28,106,Shirt,Clothing,Brand A,40.0,1,40.0,In-Store
1820,2023-12-08,2296,48,Male,Dallas,2021-11-30,102,Jeans,Clothing,Brand B,75.0,3,225.0,In-Store
2340,2023-12-08,2366,60,Female,Miami,2022-06-30,102,Jeans,Clothing,Brand B,75.0,1,75.0,In-Store
2231,2023-12-08,2352,34,Male,Miami,2021-03-27,107,Dress,Clothing,Brand B,65.0,1,65.0,In-Store
3042,2023-12-08,2469,56,Male,San Diego,2021-07-06,101,T-shirt,Clothing,Brand A,25.0,2,50.0,Online
3504,2023-12-08,2544,25,Male,Philadelphia,2023-10-17,109,Shorts,Clothing,Brand E,30.0,3,90.0,Online
2335,2023-12-09,2365,28,Male,Philadelphia,2021-11-25,116,Belt,Accessories,Brand A,20.0,1,20.0,Online
3614,2023-12-09,2554,43,Male,New York,2021-07-06,113,Coat,Outerwear,Brand D,180.0,1,180.0,In-Store
296,2023-12-09,2055,40,Female,Chicago,2023-10-25,108,Hoodie,Clothing,Brand C,55.0,1,55.0,Online
4320,2023-12-09,2664,27,Male,Phoenix,2021-03-06,119,Sunglasses,Accessories,Brand C,45.0,1,45.0,Online
1615,2023-12-09,2271,26,Male,Philadelphia,2021-09-27,101,T-shirt,Clothing,Brand A,25.0,4,100.0,Online
4621,2023-12-09,2710,23,Male,Chicago,2023-01-12,101,T-shirt,Clothing,Brand A,25.0,1,25.0,Online
1970,2023-12-09,2314,48,Male,Houston,2021-05-11,109,Shorts,Clothing,Brand E,30.0,1,30.0,In-Store
4966,2023-12-09,2750,20,Female,Los Angeles,2021-07-20,102,Jeans,Clothing,Brand B,75.0,1,75.0,Online
2789,2023-12-09,2424,20,Female,Chicago,2023-05-31,101,T-shirt,Clothing,Brand A,25.0,1,25.0,Online
2725,2023-12-09,2414,21,Male,San Diego,2022-04-11,101,T-shirt,Clothing,Brand A,25.0,3,75.0,Online
4896,2023-12-09,2741,19,Male,Chicago,2023-04-10,117,Scarf,Accessories,Brand E,18.0,1,18.0,In-Store
4848,2023-12-10,2736,21,Male,Los Angeles,2021-06-17,117,Scarf,Accessories,Brand E,18.0,3,54.0,Online
120,2023-12-10,2028,34,Female,Philadelphia,2021-10-31,104,Jacket,Outerwear,Brand D,120.0,1,120.0,Online
1452,2023-12-10,2245,23,Female,Chicago,2021-07-05,117,Scarf,Accessories,Brand E,18.0,1,18.0,In-Store
1134,2023-12-10,2192,24,Female,Los Angeles,2023-03-29,109,Shorts,Clothing,Brand E,30.0,1,30.0,Online
1723,2023-12-10,2284,32,Female,San Diego,2022-06-23,114,Parka,Outerwear,Brand B,150.0,1,150.0,In-Store
1085,2023-12-10,2184,52,Male,Houston,2023-07-15,120,Cap,Accessories,Brand E,15.0,1,15.0,In-Store
2688,2023-12-10,2411,45,Male,Chicago,2021-04-28,113,Coat,Outerwear,Brand D,180.0,2,360.0,In-Store
1260,2023-12-10,2214,47,Female,Phoenix,2023-11-16,108,Hoodie,Clothing,Brand C,55.0,2,110.0,In-Store
5224,2023-12-10,2788,40,Female,Phoenix,2023-05-07,114,Parka,Outerwear,Brand B,150.0,1,150.0,In-Store
1538,2023-12-10,2257,22,Female,Philadelphia,2021-01-31,101,T-shirt,Clothing,Brand A,25.0,3,75.0,Online
4333,2023-12-10,2665,31,Female,Philadelphia,2021-07-15,117,Scarf,Accessories,Brand E,18.0,1,18.0,Online
1999,2023-12-10,2319,22,Female,San Antonio,2023-11-23,117,Scarf,Accessories,Brand E,18.0,1,18.0,Online
1521,2023-12-11,2255,43,Female,Philadelphia,2021-07-10,115,Blazer,Outerwear,Brand A,130.0,1,130.0,Online
1204,2023-12-11,2204,47,Male,Miami,2021-09-21,109,Shorts,Clothing,Brand E,30.0,1,30.0,In-Store
5113,2023-12-11,2774,33,Female,Chicago,2023-11-14,111,Sandals,Footwear,Brand E,35.0,1,35.0,Online
2105,2023-12-11,2332,21,Male,San Antonio,2023-11-04,109,Shorts,Clothing,Brand E,30.0,2,60.0,Online
4376,2023-12-11,2671,61,Male,Phoenix,2023-08-01,107,Dress,Clothing,Brand B,65.0,2,130.0,Online
23,2023-12-11,2011,22,Female,Chicago,2021-01-18,106,Shirt,Clothing,Brand A,40.0,2,80.0,Online
3893,2023-12-11,2596,54,Female,San Diego,2021-02-10,109,Shorts,Clothing,Brand E,30.0,1,30.0,In-Store
4205,2023-12-11,2647,67,Female,Phoenix,2022-06-10,113,Coat,Outerwear,Brand D,180.0,2,360.0,In-Store
2316,2023-12-11,2363,20,Female,Philadelphia,2022-11-03,101,T-shirt,Clothing,Brand A,25.0,1,25.0,Online
4071,2023-12-11,2623,24,Male,Philadelphia,2021-12-29,106,Shirt,Clothing,Brand A,40.0,1,40.0,Online
2000,2023-12-11,2319,22,Female,San Antonio,2023-11-23,111,Sandals,Footwear,Brand E,35.0,2,70.0,Online
4983,2023-12-11,2752,44,Male,Dallas,2022-04-10,107,Dress,Clothing,Brand B,65.0,1,65.0,In-Store
1917,2023-12-11,2306,35,Male,Chicago,2023-07-12,110,Boots,Footwear,Brand D,110.0,1,110.0,Online
410,2023-12-12,2075,38,Female,Miami,2022-05-11,112,Running Shoes,Footwear,Brand C,85.0,1,85.0,In-Store
5077,2023-12-12,2767,41,Male,Chicago,2022-08-05,113,Coat,Outerwear,Brand D,180.0,1,180.0,In-Store
3441,2023-12-12,2534,26,Male,San Antonio,2023-01-14,118,Bag,Accessories,Brand B,60.0,3,180.0,Online
2985,2023-12-12,2455,19,Male,Philadelphia,2021-11-15,101,T-shirt,Clothing,Brand A,25.0,4,100.0,Online
3717,2023-12-12,2568,36,Female,Philadelphia,2022-09-08,113,Coat,Outerwear,Brand D,180.0,1,180.0,In-Store
330,2023-12-12,2069,18,Male,Chicago,2023-11-18,107,Dress,Clothing,Brand B,65.0,2,130.0,Online
2462,2023-12-12,2379,54,Male,Dallas,2022-01-10,106,Shirt,Clothing,Brand A,40.0,1,40.0,In-Store
783,2023-12-12,2131,40,Female,Houston,2022-10-22,114,Parka,Outerwear,Brand B,150.0,1,150.0,In-Store
2074,2023-12-12,2326,32,Male,Miami,2023-07-26,115,Blazer,Outerwear,Brand A,130.0,2,260.0,Online
1812,2023-12-12,2295,50,Female,Philadelphia,2021-08-11,119,Sunglasses,Accessories,Brand C,45.0,1,45.0,In-Store
4697,2023-12-12,2720,20,Female,Miami,2023-08-06,101,T-shirt,Clothing,Brand A,25.0,1,25.0,Online
2494,2023-12-12,2386,35,Female,Houston,2023-11-02,108,Hoodie,Clothing,Brand C,55.0,2,110.0,Online
2613,2023-12-12,2404,28,Male,Chicago,2022-05-31,108,Hoodie,Clothing,Brand C,55.0,1,55.0,Online
4583,2023-12-12,2703,23,Male,Dallas,2023-09-06,105,Hat,Accessories,Brand E,22.5,1,22.5,Online
260,2023-12-13,2050,40,Male,San Diego,2023-06-12,113,Coat,Outerwear,Brand D,180.0,1,180.0,Online
1757,2023-12-13,2289,45,Male,Los Angeles,2021-07-31,106,Shirt,Clothing,Brand A,40.0,1,40.0,In-Store
1652,2023-12-13,2275,53,Male,San Diego,2021-09-28,114,Parka,Outerwear,Brand B,150.0,2,300.0,In-Store
3615,2023-12-13,2554,43,Male,New York,2021-07-06,114,Parka,Outerwear,Brand B,150.0,1,150.0,In-Store
2098,2023-12-13,2329,22,Male,Los Angeles,2023-07-03,119,Sunglasses,Accessories,Brand C,45.0,2,90.0,Online
4441,2023-12-13,2679,28,Male,Miami,2022-10-05,104,Jacket,Outerwear,Brand D,120.0,2,240.0,Online
5065,2023-12-13,2766,46,Male,Houston,2023-07-08,108,Hoodie,Clothing,Brand C,55.0,1,55.0,Online
1050,2023-12-13,2178,54,Female,New York,2022-07-12,101,T-shirt,Clothing,Brand A,25.0,1,25.0,In-Store
5001,2023-12-13,2755,41,Female,Los Angeles,2021-04-13,113,Coat,Outerwear,Brand D,180.0,1,180.0,In-Store
3159,2023-12-13,2493,58,Female,Miami,2022-09-02,115,Blazer,Outerwear,Brand A,130.0,2,260.0,In-Store
1715,2023-12-13,2283,53,Male,Philadelphia,2023-10-25,110,Boots,Footwear,Brand D,110.0,2,220.0,Online
4698,2023-12-13,2720,20,Female,Miami,2023-08-06,105,Hat,Accessories,Brand E,22.5,1,22.5,Online
1037,2023-12-14,2177,70,Female,Chicago,2022-04-20,106,Shirt,Clothing,Brand A,40.0,1,40.0,In-Store
3063,2023-12-14,2472,31,Female,Chicago,2023-11-20,120,Cap,Accessories,Brand E,15.0,2,30.0,Online
3666,2023-12-14,2562,20,Male,New York,2021-09-10,101,T-shirt,Clothing,Brand A,25.0,1,25.0,Online
2986,2023-12-14,2455,19,Male,Philadelphia,2021-11-15,117,Scarf,Accessories,Brand E,18.0,1,18.0,Online
1716,2023-12-14,2283,53,Male,Philadelphia,2023-10-25,109,Shorts,Clothing,Brand E,30.0,1,30.0,In-Store
588,2023-12-14,2101,41,Female,Phoenix,2021-06-14,113,Coat,Outerwear,Brand D,180.0,2,360.0,In-Store
3505,2023-12-14,2544,25,Male,Philadelphia,2023-10-17,105,Hat,Accessories,Brand E,22.5,1,22.5,Online
1683,2023-12-14,2278,37,Male,Philadelphia,2022-01-26,114,Parka,Outerwear,Brand B,150.0,2,300.0,In-Store
5143,2023-12-14,2779,42,Female,Houston,2023-11-07,112,Running Shoes,Footwear,Brand C,85.0,2,170.0,Online
394,2023-12-14,2074,21,Female,San Antonio,2022-08-20,106,Shirt,Clothing,Brand A,40.0,1,40.0,In-Store
2282,2023-12-14,2360,64,Female,Houston,2022-11-14,103,Sneakers,Footwear,Brand C,30.0,2,60.0,In-Store
1503,2023-12-15,2253,18,Female,San Antonio,2021-08-01,101,T-shirt,Clothing,Brand A,25.0,1,25.0,Online
3232,2023-12-15,2504,50,Male,Dallas,2023-10-29,113,Coat,Outerwear,Brand D,180.0,1,180.0,In-Store
269,2023-12-15,2051,34,Male,San Diego,2022-04-30,113,Coat,Outerwear,Brand D,180.0,2,360.0,In-Store
1339,2023-12-15,2226,22,Male,Chicago,2021-10-21,116,Belt,Accessories,Brand A,20.0,2,40.0,Online
1869,2023-12-15,2298,20,Male,Chicago,2021-07-27,107,Dress,Clothing,Brand B,65.0,1,65.0,Online
3073,2023-12-15,2473,18,Male,San Diego,2022-05-13,101,T-shirt,Clothing,Brand A,25.0,2,50.0,Online
5151,2023-12-15,2780,35,Female,Chicago,2023-08-01,104,Jacket,Outerwear,Brand D,120.0,1,120.0,Online
2707,2023-12-15,2412,49,Male,Miami,2023-03-01,109,Shorts,Clothing,Brand E,30.0,1,30.0,In-Store
3282,2023-12-15,2513,25,Female,Dallas,2021-07-26,107,Dress,Clothing,Brand B,65.0,1,65.0,In-Store
3301,2023-12-15,2515,23,Female,San Antonio,2022-03-31,116,Belt,Accessories,Brand A,20.0,1,20.0,In-Store
3047,2023-12-15,2470,25,Female,New York,2023-07-24,120,Cap,Accessories,Brand E,15.0,2,30.0,Online
2909,2023-12-15,2443,18,Male,Philadelphia,2021-08-03,120,Cap,Accessories,Brand E,15.0,1,15.0,Online
1717,2023-12-15,2283,53,Male,Philadelphia,2023-10-25,101,T-shirt,Clothing,Brand A,25.0,2,50.0,Online
3956,2023-12-15,2606,38,Male,Los Angeles,2022-06-03,114,Parka,Outerwear,Brand B,150.0,1,150.0,Online
4817,2023-12-16,2732,26,Female,Los Angeles,2021-07-26,117,Scarf,Accessories,Brand E,18.0,1,18.0,Online
4671,2023-12-16,2716,20,Male,New York,2023-03-11,120,Cap,Accessories,Brand E,15.0,2,30.0,Online
4897,2023-12-16,2741,19,Male,Chicago,2023-04-10,118,Bag,Accessories,Brand B,60.0,1,60.0,Online
2847,2023-12-16,2433,50,Male,Los Angeles,2022-03-16,114,Parka,Outerwear,Brand B,150.0,1,150.0,Online
5144,2023-12-16,2779,42,Female,Houston,2023-11-07,104,Jacket,Outerwear,Brand D,120.0,2,240.0,In-Store
4831,2023-12-16,2734,55,Male,Phoenix,2022-03-12,101,T-shirt,Clothing,Brand A,25.0,1,25.0,In-Store
2468,2023-12-16,2380,69,Male,Los Angeles,2022-12-28,108,Hoodie,Clothing,Brand C,55.0,1,55.0,In-Store
5169,2023-12-16,2783,20,Female,Miami,2021-05-24,106,Shirt,Clothing,Brand A,40.0,1,40.0,Online
4365,2023-12-17,2670,24,Male,Miami,2021-09-15,118,Bag,Accessories,Brand B,60.0,2,120.0,Online
411,2023-12-17,2075,38,Female,Miami,2022-05-11,115,Blazer,Outerwear,Brand A,130.0,1,130.0,In-Store
5025,2023-12-17,2761,22,Female,Dallas,2022-07-10,118,Bag,Accessories,Brand B,60.0,4,240.0,Online
1382,2023-12-17,2232,50,Female,San Diego,2023-01-12,102,Jeans,Clothing,Brand B,75.0,1,75.0,Online
3153,2023-12-17,2492,51,Female,San Antonio,2022-12-18,109,Shorts,Clothing,Brand E,30.0,1,30.0,In-Store
1758,2023-12-17,2289,45,Male,Los Angeles,2021-07-31,107,Dress,Clothing,Brand B,65.0,2,130.0,In-Store
4644,2023-12-17,2713,24,Female,New York,2021-06-30,118,Bag,Accessories,Brand B,60.0,1,60.0,In-Store
3028,2023-12-17,2466,20,Female,Houston,2023-04-27,101,T-shirt,Clothing,Brand A,25.0,2,50.0,In-Store
4796,2023-12-17,2729,20,Male,Dallas,2022-04-21,106,Shirt,Clothing,Brand A,40.0,1,40.0,Online
3887,2023-12-17,2595,36,Female,New York,2022-05-04,110,Boots,Footwear,Brand D,110.0,1,110.0,Online
2804,2023-12-17,2427,27,Female,Chicago,2023-11-16,110,Boots,Footwear,Brand D,110.0,2,220.0,In-Store
1261,2023-12-17,2214,47,Female,Phoenix,2023-11-16,107,Dress,Clothing,Brand B,65.0,1,65.0,Online
988,2023-12-18,2172,40,Female,Houston,2021-05-15,103,Sneakers,Footwear,Brand C,30.0,1,30.0,Online
3196,2023-12-18,2499,41,Male,Houston,2022-02-25,104,Jacket,Outerwear,Brand D,120.0,1,120.0,In-Store
130,2023-12-18,2031,47,Female,San Diego,2023-08-11,105,Hat,Accessories,Brand E,22.5,1,22.5,Online
2642,2023-12-18,2407,21,Male,San Antonio,2023-03-15,119,Sunglasses,Accessories,Brand C,45.0,2,90.0,Online
3688,2023-12-18,2564,22,Male,Phoenix,2023-03-18,109,Shorts,Clothing,Brand E,30.0,4,120.0,Online
4293,2023-12-18,2660,34,Female,Los Angeles,2023-09-06,114,Parka,Outerwear,Brand B,150.0,1,150.0,Online
2197,2023-12-18,2344,51,Male,New York,2021-12-18,106,Shirt,Clothing,Brand A,40.0,1,40.0,Online
4898,2023-12-18,2741,19,Male,Chicago,2023-04-10,101,T-shirt,Clothing,Brand A,25.0,1,25.0,Online
3705,2023-12-18,2567,26,Male,Miami,2023-05-30,120,Cap,Accessories,Brand E,15.0,2,30.0,In-Store
3103,2023-12-18,2482,52,Male,Chicago,2022-03-27,104,Jacket,Outerwear,Brand D,120.0,1,120.0,In-Store
4546,2023-12-18,2699,55,Male,Philadelphia,2023-07-12,112,Running Shoes,Footwear,Brand C,85.0,1,85.0,In-Store
4442,2023-12-18,2679,28,Male,Miami,2022-10-05,113,Coat,Outerwear,Brand D,180.0,1,180.0,Online
5322,2023-12-18,2802,24,Female,San Antonio,2021-06-18,106,Shirt,Clothing,Brand A,40.0,2,80.0,Online
4752,2023-12-19,2725,22,Male,Houston,2023-03-04,108,Hoodie,Clothing,Brand C,55.0,2,110.0,In-Store
2542,2023-12-19,2393,39,Male,Los Angeles,2022-05-08,113,Coat,Outerwear,Brand D,180.0,1,180.0,Online
261,2023-12-19,2050,40,Male,San Diego,2023-06-12,102,Jeans,Clothing,Brand B,75.0,1,75.0,In-Store
4465,2023-12-19,2682,23,Male,Miami,2022-12-08,120,Cap,Accessories,Brand E,15.0,2,30.0,Online
3757,2023-12-19,2575,47,Female,Chicago,2022-10-27,113,Coat,Outerwear,Brand D,180.0,1,180.0,In-Store
4648,2023-12-19,2714,56,Female,New York,2022-01-31,113,Coat,Outerwear,Brand D,180.0,1,180.0,Online
1971,2023-12-19,2314,48,Male,Houston,2021-05-11,115,Blazer,Outerwear,Brand A,130.0,1,130.0,Online
2354,2023-12-19,2367,19,Female,San Diego,2021-06-02,106,Shirt,Clothing,Brand A,40.0,1,40.0,Online
4584,2023-12-19,2703,23,Male,Dallas,2023-09-06,103,Sneakers,Footwear,Brand C,30.0,2,60.0,Online
4511,2023-12-20,2693,42,Female,Los Angeles,2021-12-16,113,Coat,Outerwear,Brand D,180.0,1,180.0,In-Store
5026,2023-12-20,2761,22,Female,Dallas,2022-07-10,101,T-shirt,Clothing,Brand A,25.0,3,75.0,Online
1270,2023-12-20,2215,54,Female,Chicago,2021-03-26,119,Sunglasses,Accessories,Brand C,45.0,1,45.0,In-Store
3029,2023-12-20,2466,20,Female,Houston,2023-04-27,108,Hoodie,Clothing,Brand C,55.0,1,55.0,In-Store
2835,2023-12-20,2431,42,Female,Phoenix,2021-03-15,109,Shorts,Clothing,Brand E,30.0,1,30.0,In-Store
1262,2023-12-20,2214,47,Female,Phoenix,2023-11-16,102,Jeans,Clothing,Brand B,75.0,1,75.0,In-Store
320,2023-12-20,2065,49,Female,Philadelphia,2023-12-03,106,Shirt,Clothing,Brand A,40.0,1,40.0,In-Store
418,2023-12-20,2077,39,Male,Miami,2022-12-11,113,Coat,Outerwear,Brand D,180.0,1,180.0,Online
3201,2023-12-20,2500,25,Male,Phoenix,2021-01-13,103,Sneakers,Footwear,Brand C,30.0,2,60.0,Online
15,2023-12-20,2010,49,Female,Dallas,2023-10-16,113,Coat,Outerwear,Brand D,180.0,1,180.0,In-Store
1896,2023-12-20,2301,27,Male,New York,2023-05-11,120,Cap,Accessories,Brand E,15.0,2,30.0,Online
1889,2023-12-20,2299,34,Male,Houston,2023-06-13,101,T-shirt,Clothing,Brand A,25.0,1,25.0,Online
2657,2023-12-20,2408,19,Male,San Diego,2021-03-12,102,Jeans,Clothing,Brand B,75.0,2,150.0,Online
1414,2023-12-20,2236,21,Male,Houston,2022-10-24,108,Hoodie,Clothing,Brand C,55.0,1,55.0,Online
926,2023-12-20,2161,33,Male,Philadelphia,2022-09-13,113,Coat,Outerwear,Brand D,180.0,1,180.0,Online
5078,2023-12-20,2767,41,Male,Chicago,2022-08-05,115,Blazer,Outerwear,Brand A,130.0,1,130.0,Online
1492,2023-12-20,2252,62,Female,San Diego,2022-03-10,120,Cap,Accessories,Brand E,15.0,1,15.0,In-Store
3942,2023-12-21,2604,26,Female,New York,2023-07-03,112,Running Shoes,Footwear,Brand C,85.0,2,170.0,Online
4072,2023-12-21,2623,24,Male,Philadelphia,2021-12-29,120,Cap,Accessories,Brand E,15.0,1,15.0,In-Store
4020,2023-12-21,2616,54,Male,Houston,2021-09-04,108,Hoodie,Clothing,Brand C,55.0,2,110.0,In-Store
4630,2023-12-21,2712,21,Male,Dallas,2021-06-23,119,Sunglasses,Accessories,Brand C,45.0,1,45.0,Online
2028,2023-12-21,2322,25,Female,Houston,2023-05-28,108,Hoodie,Clothing,Brand C,55.0,1,55.0,Online
802,2023-12-21,2137,32,Male,Philadelphia,2023-10-08,113,Coat,Outerwear,Brand D,180.0,2,360.0,In-Store
4294,2023-12-21,2660,34,Female,Los Angeles,2023-09-06,113,Coat,Outerwear,Brand D,180.0,1,180.0,Online
5234,2023-12-21,2789,26,Female,San Antonio,2021-06-04,107,Dress,Clothing,Brand B,65.0,1,65.0,Online
977,2023-12-21,2170,55,Male,Miami,2023-05-25,115,Blazer,Outerwear,Brand A,130.0,1,130.0,In-Store
2016,2023-12-21,2321,22,Female,Phoenix,2023-06-30,108,Hoodie,Clothing,Brand C,55.0,2,110.0,Online
1616,2023-12-21,2271,26,Male,Philadelphia,2021-09-27,107,Dress,Clothing,Brand B,65.0,2,130.0,In-Store
546,2023-12-22,2096,37,Female,Houston,2022-12-22,109,Shorts,Clothing,Brand E,30.0,2,60.0,Online
318,2023-12-22,2062,30,Female,San Antonio,2022-10-29,109,Shorts,Clothing,Brand E,30.0,1,30.0,Online
1580,2023-12-22,2267,47,Male,Miami,2022-11-01,107,Dress,Clothing,Brand B,65.0,1,65.0,In-Store
963,2023-12-22,2167,25,Female,Phoenix,2022-09-25,109,Shorts,Clothing,Brand E,30.0,2,60.0,Online
4645,2023-12-22,2713,24,Female,New York,2021-06-30,101,T-shirt,Clothing,Brand A,25.0,2,50.0,Online
34,2023-12-22,2013,39,Female,San Diego,2023-07-04,113,Coat,Outerwear,Brand D,180.0,1,180.0,In-Store
1870,2023-12-22,2298,20,Male,Chicago,2021-07-27,103,Sneakers,Footwear,Brand C,30.0,1,30.0,Online
1135,2023-12-22,2192,24,Female,Los Angeles,2023-03-29,106,Shirt,Clothing,Brand A,40.0,1,40.0,In-Store
1718,2023-12-22,2283,53,Male,Philadelphia,2023-10-25,112,Running Shoes,Footwear,Brand C,85.0,1,85.0,Online
1178,2023-12-22,2198,33,Female,Dallas,2022-08-30,117,Scarf,Accessories,Brand E,18.0,2,36.0,Online
2395,2023-12-22,2370,18,Male,Dallas,2021-03-18,118,Bag,Accessories,Brand B,60.0,2,120.0,Online
3074,2023-12-22,2473,18,Male,San Diego,2022-05-13,118,Bag,Accessories,Brand B,60.0,2,120.0,Online
3059,2023-12-22,2471,64,Female,Chicago,2023-04-04,108,Hoodie,Clothing,Brand C,55.0,1,55.0,In-Store
2689,2023-12-22,2411,45,Male,Chicago,2021-04-28,110,Boots,Footwear,Brand D,110.0,1,110.0,In-Store
1205,2023-12-22,2204,47,Male,Miami,2021-09-21,108,Hoodie,Clothing,Brand C,55.0,1,55.0,In-Store
2409,2023-12-22,2371,22,Female,San Diego,2023-02-16,103,Sneakers,Footwear,Brand C,30.0,1,30.0,Online
4866,2023-12-23,2737,20,Male,Philadelphia,2023-04-17,116,Belt,Accessories,Brand A,20.0,3,60.0,Online
1224,2023-12-23,2208,35,Female,Dallas,2022-04-25,110,Boots,Footwear,Brand D,110.0,1,110.0,In-Store
2017,2023-12-23,2321,22,Female,Phoenix,2023-06-30,107,Dress,Clothing,Brand B,65.0,1,65.0,Online
4600,2023-12-23,2706,23,Female,San Antonio,2023-10-11,119,Sunglasses,Accessories,Brand C,45.0,2,90.0,Online
3316,2023-12-23,2516,35,Female,Miami,2023-01-17,114,Parka,Outerwear,Brand B,150.0,1,150.0,In-Store
775,2023-12-23,2129,43,Male,Dallas,2021-04-29,103,Sneakers,Footwear,Brand C,30.0,2,60.0,In-Store
2623,2023-12-23,2406,35,Female,Philadelphia,2022-05-11,113,Coat,Outerwear,Brand D,180.0,1,180.0,In-Store
5138,2023-12-23,2778,40,Female,San Diego,2021-11-02,113,Coat,Outerwear,Brand D,180.0,1,180.0,In-Store
601,2023-12-23,2102,26,Male,Dallas,2022-05-14,110,Boots,Footwear,Brand D,110.0,2,220.0,Online
1306,2023-12-23,2222,42,Male,Dallas,2022-01-17,113,Coat,Outerwear,Brand D,180.0,1,180.0,Online
4042,2023-12-23,2619,37,Female,San Diego,2022-01-27,113,Coat,Outerwear,Brand D,180.0,1,180.0,In-Store
5093,2023-12-23,2770,26,Male,Chicago,2022-05-19,107,Dress,Clothing,Brand B,65.0,1,65.0,Online
1482,2023-12-23,2251,31,Male,Philadelphia,2023-07-24,115,Blazer,Outerwear,Brand A,130.0,1,130.0,Online
1373,2023-12-23,2231,19,Male,New York,2022-08-06,108,Hoodie,Clothing,Brand C,55.0,2,110.0,Online
4223,2023-12-23,2650,21,Female,Houston,2021-01-20,120,Cap,Accessories,Brand E,15.0,1,15.0,Online
3740,2023-12-23,2572,42,Female,San Diego,2021-05-11,114,Parka,Outerwear,Brand B,150.0,1,150.0,In-Store
2535,2023-12-23,2392,40,Female,Dallas,2021-01-22,118,Bag,Accessories,Brand B,60.0,1,60.0,In-Store
4128,2023-12-23,2633,47,Male,San Diego,2023-03-26,113,Coat,Outerwear,Brand D,180.0,1,180.0,In-Store
3317,2023-12-24,2516,35,Female,Miami,2023-01-17,115,Blazer,Outerwear,Brand A,130.0,1,130.0,In-Store
4835,2023-12-24,2735,20,Male,San Antonio,2023-11-05,105,Hat,Accessories,Brand E,22.5,2,45.0,Online
3667,2023-12-24,2562,20,Male,New York,2021-09-10,103,Sneakers,Footwear,Brand C,30.0,1,30.0,Online
2341,2023-12-24,2366,60,Female,Miami,2022-06-30,107,Dress,Clothing,Brand B,65.0,1,65.0,In-Store
2605,2023-12-24,2401,34,Male,Los Angeles,2022-08-07,114,Parka,Outerwear,Brand B,150.0,1,150.0,In-Store
1838,2023-12-24,2297,23,Female,Dallas,2021-05-17,117,Scarf,Accessories,Brand E,18.0,1,18.0,Online
4649,2023-12-24,2714,56,Female,New York,2022-01-31,112,Running Shoes,Footwear,Brand C,85.0,1,85.0,Online
1257,2023-12-24,2213,62,Female,Los Angeles,2022-05-16,101,T-shirt,Clothing,Brand A,25.0,1,25.0,In-Store
4658,2023-12-24,2715,37,Female,New York,2023-08-07,107,Dress,Clothing,Brand B,65.0,1,65.0,Online
3011,2023-12-24,2461,44,Male,Miami,2022-07-05,113,Coat,Outerwear,Brand D,180.0,1,180.0,Online
4753,2023-12-24,2725,22,Male,Houston,2023-03-04,101,T-shirt,Clothing,Brand A,25.0,1,25.0,Online
1987,2023-12-24,2316,24,Female,Los Angeles,2022-01-02,106,Shirt,Clothing,Brand A,40.0,1,40.0,In-Store
4988,2023-12-24,2753,23,Male,San Antonio,2023-11-29,109,Shorts,Clothing,Brand E,30.0,2,60.0,Online
331,2023-12-24,2069,18,Male,Chicago,2023-11-18,116,Belt,Accessories,Brand A,20.0,2,40.0,Online
1603,2023-12-24,2270,57,Male,Los Angeles,2021-11-23,106,Shirt,Clothing,Brand A,40.0,2,80.0,In-Store
2355,2023-12-24,2367,19,Female,San Diego,2021-06-02,117,Scarf,Accessories,Brand E,18.0,2,36.0,In-Store
3334,2023-12-24,2518,18,Male,Dallas,2023-05-06,108,Hoodie,Clothing,Brand C,55.0,3,165.0,Online
4622,2023-12-24,2710,23,Male,Chicago,2023-01-12,117,Scarf,Accessories,Brand E,18.0,2,36.0,Online
4610,2023-12-25,2708,28,Male,Phoenix,2021-12-24,105,Hat,Accessories,Brand E,22.5,1,22.5,In-Store
1136,2023-12-25,2192,24,Female,Los Angeles,2023-03-29,108,Hoodie,Clothing,Brand C,55.0,1,55.0,Online
3442,2023-12-25,2534,26,Male,San Antonio,2023-01-14,107,Dress,Clothing,Brand B,65.0,3,195.0,Online
2643,2023-12-25,2407,21,Male,San Antonio,2023-03-15,118,Bag,Accessories,Brand B,60.0,2,120.0,Online
3616,2023-12-25,2554,43,Male,New York,2021-07-06,113,Coat,Outerwear,Brand D,180.0,2,360.0,In-Store
968,2023-12-25,2168,40,Male,Phoenix,2022-02-06,104,Jacket,Outerwear,Brand D,120.0,2,240.0,In-Store
2232,2023-12-25,2352,34,Male,Miami,2021-03-27,113,Coat,Outerwear,Brand D,180.0,1,180.0,Online
5191,2023-12-25,2785,65,Male,Phoenix,2023-12-24,101,T-shirt,Clothing,Brand A,25.0,1,25.0,In-Store
2379,2023-12-25,2369,23,Male,Philadelphia,2022-03-04,107,Dress,Clothing,Brand B,65.0,1,65.0,Online
1821,2023-12-25,2296,48,Male,Dallas,2021-11-30,109,Shorts,Clothing,Brand E,30.0,1,30.0,In-Store
790,2023-12-25,2132,50,Female,San Diego,2022-10-17,107,Dress,Clothing,Brand B,65.0,1,65.0,In-Store
3943,2023-12-25,2604,26,Female,New York,2023-07-03,101,T-shirt,Clothing,Brand A,25.0,2,50.0,Online
3689,2023-12-25,2564,22,Male,Phoenix,2023-03-18,106,Shirt,Clothing,Brand A,40.0,1,40.0,Online
3894,2023-12-25,2596,54,Female,San Diego,2021-02-10,114,Parka,Outerwear,Brand B,150.0,1,150.0,In-Store
2356,2023-12-25,2367,19,Female,San Diego,2021-06-02,105,Hat,Accessories,Brand E,22.5,1,22.5,Online
5274,2023-12-25,2794,26,Male,Miami,2022-12-11,108,Hoodie,Clothing,Brand C,55.0,2,110.0,Online
4836,2023-12-25,2735,20,Male,San Antonio,2023-11-05,111,Sandals,Footwear,Brand E,35.0,3,105.0,Online
5297,2023-12-25,2798,25,Female,Miami,2021-01-17,109,Shorts,Clothing,Brand E,30.0,1,30.0,Online
1504,2023-12-26,2253,18,Female,San Antonio,2021-08-01,118,Bag,Accessories,Brand B,60.0,1,60.0,Online
1839,2023-12-26,2297,23,Female,Dallas,2021-05-17,107,Dress,Clothing,Brand B,65.0,2,130.0,Online
2001,2023-12-26,2319,22,Female,San Antonio,2023-11-23,103,Sneakers,Footwear,Brand C,30.0,2,60.0,Online
4595,2023-12-26,2705,55,Male,Houston,2023-02-20,104,Jacket,Outerwear,Brand D,120.0,1,120.0,In-Store
124,2023-12-26,2029,31,Male,Miami,2022-01-30,107,Dress,Clothing,Brand B,65.0,2,130.0,Online
602,2023-12-26,2102,26,Male,Dallas,2022-05-14,102,Jeans,Clothing,Brand B,75.0,1,75.0,Online
3743,2023-12-26,2573,55,Female,Miami,2021-09-06,107,Dress,Clothing,Brand B,65.0,1,65.0,In-Store
3888,2023-12-26,2595,36,Female,New York,2022-05-04,115,Blazer,Outerwear,Brand A,130.0,1,130.0,In-Store
4004,2023-12-26,2615,20,Male,New York,2023-05-06,120,Cap,Accessories,Brand E,15.0,2,30.0,Online
3202,2023-12-26,2500,25,Male,Phoenix,2021-01-13,101,T-shirt,Clothing,Brand A,25.0,3,75.0,Online
736,2023-12-26,2122,23,Male,San Antonio,2022-08-15,117,Scarf,Accessories,Brand E,18.0,1,18.0,Online
2368,2023-12-26,2368,23,Female,Miami,2023-12-26,109,Shorts,Clothing,Brand E,30.0,2,60.0,Online
3566,2023-12-26,2550,55,Male,San Diego,2023-10-27,113,Coat,Outerwear,Brand D,180.0,1,180.0,Online
5194,2023-12-26,2786,25,Male,San Diego,2023-10-29,111,Sandals,Footwear,Brand E,35.0,2,70.0,Online
332,2023-12-27,2069,18,Male,Chicago,2023-11-18,101,T-shirt,Clothing,Brand A,25.0,1,25.0,Online
5308,2023-12-27,2800,42,Male,San Antonio,2022-09-23,117,Scarf,Accessories,Brand E,18.0,1,18.0,Online
1060,2023-12-27,2180,21,Male,Phoenix,2022-11-08,101,T-shirt,Clothing,Brand A,25.0,1,25.0,Online
2769,2023-12-27,2421,19,Male,Phoenix,2022-12-20,105,Hat,Accessories,Brand E,22.5,2,45.0,Online
98,2023-12-27,2024,61,Male,Chicago,2021-02-04,108,Hoodie,Clothing,Brand C,55.0,1,55.0,In-Store
2233,2023-12-27,2352,34,Male,Miami,2021-03-27,113,Coat,Outerwear,Brand D,180.0,1,180.0,Online
1421,2023-12-27,2237,41,Female,Philadelphia,2022-06-05,113,Coat,Outerwear,Brand D,180.0,1,180.0,In-Store
1179,2023-12-27,2198,33,Female,Dallas,2022-08-30,111,Sandals,Footwear,Brand E,35.0,1,35.0,In-Store
4763,2023-12-27,2726,61,Female,Philadelphia,2021-01-07,106,Shirt,Clothing,Brand A,40.0,2,80.0,In-Store
1231,2023-12-27,2209,34,Male,San Diego,2021-09-15,115,Blazer,Outerwear,Brand A,130.0,2,260.0,Online
1666,2023-12-27,2277,28,Male,Philadelphia,2023-03-16,101,T-shirt,Clothing,Brand A,25.0,2,50.0,Online
5027,2023-12-27,2761,22,Female,Dallas,2022-07-10,106,Shirt,Clothing,Brand A,40.0,2,80.0,Online
1719,2023-12-27,2283,53,Male,Philadelphia,2023-10-25,106,Shirt,Clothing,Brand A,40.0,1,40.0,In-Store
1840,2023-12-27,2297,23,Female,Dallas,2021-05-17,101,T-shirt,Clothing,Brand A,25.0,1,25.0,Online
4366,2023-12-27,2670,24,Male,Miami,2021-09-15,105,Hat,Accessories,Brand E,22.5,1,22.5,Online
2994,2023-12-28,2458,47,Female,Phoenix,2023-10-13,112,Running Shoes,Footwear,Brand C,85.0,1,85.0,In-Store
113,2023-12-28,2027,31,Male,Phoenix,2021-06-20,119,Sunglasses,Accessories,Brand C,45.0,1,45.0,Online
969,2023-12-28,2168,40,Male,Phoenix,2022-02-06,104,Jacket,Outerwear,Brand D,120.0,1,120.0,Online
3361,2023-12-28,2522,18,Female,San Diego,2023-06-29,108,Hoodie,Clothing,Brand C,55.0,2,110.0,Online
4837,2023-12-28,2735,20,Male,San Antonio,2023-11-05,103,Sneakers,Footwear,Brand C,30.0,3,90.0,Online
3270,2023-12-28,2510,39,Male,Philadelphia,2022-12-06,119,Sunglasses,Accessories,Brand C,45.0,1,45.0,Online
2124,2023-12-28,2337,23,Male,New York,2023-08-21,119,Sunglasses,Accessories,Brand C,45.0,1,45.0,Online
2410,2023-12-28,2371,22,Female,San Diego,2023-02-16,120,Cap,Accessories,Brand E,15.0,1,15.0,In-Store
686,2023-12-28,2114,24,Male,Dallas,2023-03-10,101,T-shirt,Clothing,Brand A,25.0,1,25.0,In-Store
2790,2023-12-28,2424,20,Female,Chicago,2023-05-31,109,Shorts,Clothing,Brand E,30.0,1,30.0,Online
3187,2023-12-28,2496,23,Female,Chicago,2021-04-22,106,Shirt,Clothing,Brand A,40.0,1,40.0,Online
3160,2023-12-28,2493,58,Female,Miami,2022-09-02,108,Hoodie,Clothing,Brand C,55.0,1,55.0,In-Store
4849,2023-12-28,2736,21,Male,Los Angeles,2021-06-17,120,Cap,Accessories,Brand E,15.0,3,45.0,Online
4780,2023-12-28,2728,20,Female,Houston,2023-03-06,107,Dress,Clothing,Brand B,65.0,1,65.0,Online
3761,2023-12-28,2576,27,Male,New York,2022-08-02,119,Sunglasses,Accessories,Brand C,45.0,1,45.0,Online
2543,2023-12-28,2393,39,Male,Los Angeles,2022-05-08,113,Coat,Outerwear,Brand D,180.0,1,180.0,In-Store
3326,2023-12-28,2517,40,Male,Miami,2022-08-12,113,Coat,Outerwear,Brand D,180.0,1,180.0,In-Store
1907,2023-12-28,2305,55,Female,New York,2021-03-18,118,Bag,Accessories,Brand B,60.0,1,60.0,Online
1137,2023-12-29,2192,24,Female,Los Angeles,2023-03-29,105,Hat,Accessories,Brand E,22.5,2,45.0,Online
630,2023-12-29,2108,25,Male,New York,2022-05-04,106,Shirt,Clothing,Brand A,40.0,2,80.0,Online
1822,2023-12-29,2296,48,Male,Dallas,2021-11-30,106,Shirt,Clothing,Brand A,40.0,1,40.0,In-Store
1560,2023-12-29,2262,48,Male,Phoenix,2023-11-02,113,Coat,Outerwear,Brand D,180.0,1,180.0,In-Store
620,2023-12-29,2105,23,Male,Los Angeles,2021-02-22,109,Shorts,Clothing,Brand E,30.0,2,60.0,Online
2708,2023-12-29,2412,49,Male,Miami,2023-03-01,112,Running Shoes,Footwear,Brand C,85.0,1,85.0,Online
5195,2023-12-29,2786,25,Male,San Diego,2023-10-29,107,Dress,Clothing,Brand B,65.0,1,65.0,Online
3551,2023-12-29,2548,26,Female,Los Angeles,2021-04-15,120,Cap,Accessories,Brand E,15.0,2,30.0,Online
5256,2023-12-29,2792,33,Male,New York,2023-12-25,101,T-shirt,Clothing,Brand A,25.0,1,25.0,Online
1559,2023-12-29,2261,53,Female,Philadelphia,2022-10-13,109,Shorts,Clothing,Brand E,30.0,1,30.0,Online
3706,2023-12-29,2567,26,Male,Miami,2023-05-30,117,Scarf,Accessories,Brand E,18.0,1,18.0,Online
2850,2023-12-29,2434,41,Female,San Diego,2023-08-30,113,Coat,Outerwear,Brand D,180.0,1,180.0,In-Store
4920,2023-12-29,2744,26,Male,Philadelphia,2023-03-22,117,Scarf,Accessories,Brand E,18.0,1,18.0,Online
697,2023-12-29,2115,21,Male,San Diego,2021-04-30,106,Shirt,Clothing,Brand A,40.0,2,80.0,Online
3500,2023-12-29,2543,35,Male,Dallas,2023-03-01,113,Coat,Outerwear,Brand D,180.0,1,180.0,In-Store
4899,2023-12-29,2741,19,Male,Chicago,2023-04-10,102,Jeans,Clothing,Brand B,75.0,2,150.0,Online
983,2023-12-29,2171,22,Male,San Diego,2022-12-29,109,Shorts,Clothing,Brand E,30.0,1,30.0,Online
4526,2023-12-29,2695,49,Female,Houston,2021-09-22,101,T-shirt,Clothing,Brand A,25.0,1,25.0,Online
4947,2023-12-30,2749,41,Female,New York,2023-12-10,113,Coat,Outerwear,Brand D,180.0,1,180.0,In-Store
4797,2023-12-30,2729,20,Male,Dallas,2022-04-21,109,Shorts,Clothing,Brand E,30.0,1,30.0,Online
3188,2023-12-30,2496,23,Female,Chicago,2021-04-22,111,Sandals,Footwear,Brand E,35.0,2,70.0,Online
4073,2023-12-30,2623,24,Male,Philadelphia,2021-12-29,105,Hat,Accessories,Brand E,22.5,2,45.0,Online
5156,2023-12-30,2781,21,Female,Philadelphia,2023-04-13,107,Dress,Clothing,Brand B,65.0,3,195.0,Online
3248,2023-12-30,2506,23,Female,New York,2023-05-17,117,Scarf,Accessories,Brand E,18.0,1,18.0,Online
1841,2023-12-30,2297,23,Female,Dallas,2021-05-17,109,Shorts,Clothing,Brand E,30.0,3,90.0,In-Store
1061,2023-12-30,2180,21,Male,Phoenix,2022-11-08,101,T-shirt,Clothing,Brand A,25.0,1,25.0,Online
658,2023-12-30,2110,45,Female,San Antonio,2021-02-14,113,Coat,Outerwear,Brand D,180.0,1,180.0,In-Store
1823,2023-12-30,2296,48,Male,Dallas,2021-11-30,101,T-shirt,Clothing,Brand A,25.0,1,25.0,In-Store
5275,2023-12-30,2794,26,Male,Miami,2022-12-11,116,Belt,Accessories,Brand A,20.0,1,20.0,Online
2198,2023-12-30,2344,51,Male,New York,2021-12-18,109,Shorts,Clothing,Brand E,30.0,1,30.0,In-Store
4885,2023-12-30,2740,57,Male,Dallas,2022-06-25,109,Shorts,Clothing,Brand E,30.0,2,60.0,In-Store
5213,2023-12-31,2787,42,Female,San Diego,2023-03-19,113,Coat,Outerwear,Brand D,180.0,1,180.0,In-Store
1211,2023-12-31,2205,42,Male,Dallas,2023-10-14,114,Parka,Outerwear,Brand B,150.0,1,150.0,Online
2396,2023-12-31,2370,18,Male,Dallas,2021-03-18,120,Cap,Accessories,Brand E,15.0,1,15.0,In-Store
5286,2023-12-31,2796,52,Female,Houston,2023-10-23,113,Coat,Outerwear,Brand D,180.0,1,180.0,In-Store
4267,2023-12-31,2655,18,Female,Chicago,2021-02-09,117,Scarf,Accessories,Brand E,18.0,1,18.0,Online
852,2023-12-31,2147,24,Male,Chicago,2021-08-24,117,Scarf,Accessories,Brand E,18.0,1,18.0,Online
2303,2023-12-31,2362,25,Female,Phoenix,2023-10-09,102,Jeans,Clothing,Brand B,75.0,2,150.0,In-Store
5323,2023-12-31,2802,24,Female,San Antonio,2021-06-18,101,T-shirt,Clothing,Brand A,25.0,3,75.0,Online
1003,2023-12-31,2173,37,Female,Chicago,2021-09-15,114,Parka,Outerwear,Brand B,150.0,1,150.0,Online
5145,2023-12-31,2779,42,Female,Houston,2023-11-07,107,Dress,Clothing,Brand B,65.0,1,65.0,In-Store
4867,2023-12-31,2737,20,Male,Philadelphia,2023-04-17,101,T-shirt,Clothing,Brand A,25.0,1,25.0,In-Store
297,2024-01-01,2055,40,Female,Chicago,2023-10-25,108,Hoodie,Clothing,Brand C,55.0,1,55.0,Online
3991,2024-01-01,2613,33,Female,San Diego,2023-06-09,113,Coat,Outerwear,Brand D,180.0,1,180.0,Online
1163,2024-01-01,2194,40,Male,New York,2022-03-28,111,Sandals,Footwear,Brand E,35.0,1,35.0,In-Store
2397,2024-01-01,2370,18,Male,Dallas,2021-03-18,118,Bag,Accessories,Brand B,60.0,1,60.0,Online
603,2024-01-01,2102,26,Male,Dallas,2022-05-14,120,Cap,Accessories,Brand E,15.0,3,45.0,Online
1095,2024-01-01,2186,38,Female,San Diego,2023-01-23,117,Scarf,Accessories,Brand E,18.0,1,18.0,Online
2924,2024-01-01,2446,49,Female,Phoenix,2021-09-20,107,Dress,Clothing,Brand B,65.0,1,65.0,In-Store
62,2024-01-01,2020,21,Female,San Diego,2023-03-08,116,Belt,Accessories,Brand A,20.0,2,40.0,Online
2596,2024-01-01,2400,24,Male,New York,2023-07-31,119,Sunglasses,Accessories,Brand C,45.0,2,90.0,Online
3482,2024-01-02,2541,20,Female,Philadelphia,2023-05-06,120,Cap,Accessories,Brand E,15.0,2,30.0,Online
4562,2024-01-02,2700,55,Male,Los Angeles,2023-02-03,118,Bag,Accessories,Brand B,60.0,1,60.0,In-Store
2925,2024-01-02,2446,49,Female,Phoenix,2021-09-20,101,T-shirt,Clothing,Brand A,25.0,1,25.0,In-Store
4051,2024-01-02,2620,23,Female,Los Angeles,2023-08-14,117,Scarf,Accessories,Brand E,18.0,1,18.0,Online
761,2024-01-03,2128,19,Male,Chicago,2022-06-21,101,T-shirt,Clothing,Brand A,25.0,1,25.0,Online
3349,2024-01-03,2519,47,Male,Houston,2021-06-27,115,Blazer,Outerwear,Brand A,130.0,2,260.0,In-Store
1138,2024-01-03,2192,24,Female,Los Angeles,2023-03-29,109,Shorts,Clothing,Brand E,30.0,2,60.0,Online
125,2024-01-03,2029,31,Male,Miami,2022-01-30,117,Scarf,Accessories,Brand E,18.0,1,18.0,In-Store
1539,2024-01-03,2257,22,Female,Philadelphia,2021-01-31,111,Sandals,Footwear,Brand E,35.0,2,70.0,Online
3483,2024-01-03,2541,20,Female,Philadelphia,2023-05-06,105,Hat,Accessories,Brand E,22.5,1,22.5,Online
3141,2024-01-03,2486,33,Male,Los Angeles,2023-03-28,119,Sunglasses,Accessories,Brand C,45.0,1,45.0,In-Store
2221,2024-01-03,2349,28,Female,Houston,2022-02-24,114,Parka,Outerwear,Brand B,150.0,1,150.0,In-Store
4224,2024-01-03,2650,21,Female,Houston,2021-01-20,103,Sneakers,Footwear,Brand C,30.0,1,30.0,Online
4443,2024-01-04,2679,28,Male,Miami,2022-10-05,113,Coat,Outerwear,Brand D,180.0,1,180.0,In-Store
2119,2024-01-04,2335,36,Female,Houston,2022-01-15,119,Sunglasses,Accessories,Brand C,45.0,1,45.0,Online
4967,2024-01-04,2750,20,Female,Los Angeles,2021-07-20,119,Sunglasses,Accessories,Brand C,45.0,1,45.0,Online
2002,2024-01-04,2319,22,Female,San Antonio,2023-11-23,108,Hoodie,Clothing,Brand C,55.0,2,110.0,Online
2995,2024-01-04,2458,47,Female,Phoenix,2023-10-13,104,Jacket,Outerwear,Brand D,120.0,1,120.0,In-Store
1684,2024-01-04,2278,37,Male,Philadelphia,2022-01-26,113,Coat,Outerwear,Brand D,180.0,1,180.0,In-Store
5079,2024-01-05,2767,41,Male,Chicago,2022-08-05,114,Parka,Outerwear,Brand B,150.0,1,150.0,In-Store
4781,2024-01-05,2728,20,Female,Houston,2023-03-06,118,Bag,Accessories,Brand B,60.0,2,120.0,Online
2770,2024-01-05,2421,19,Male,Phoenix,2022-12-20,111,Sandals,Footwear,Brand E,35.0,1,35.0,Online
4206,2024-01-05,2647,67,Female,Phoenix,2022-06-10,107,Dress,Clothing,Brand B,65.0,1,65.0,In-Store
466,2024-01-05,2085,21,Male,Phoenix,2021-03-18,108,Hoodie,Clothing,Brand C,55.0,1,55.0,Online
4646,2024-01-05,2713,24,Female,New York,2021-06-30,116,Belt,Accessories,Brand A,20.0,3,60.0,Online
3744,2024-01-05,2573,55,Female,Miami,2021-09-06,106,Shirt,Clothing,Brand A,40.0,1,40.0,In-Store
3726,2024-01-06,2570,39,Female,Philadelphia,2023-06-15,110,Boots,Footwear,Brand D,110.0,1,110.0,In-Store
2444,2024-01-06,2376,41,Female,Philadelphia,2023-09-23,108,Hoodie,Clothing,Brand C,55.0,1,55.0,Online
5330,2024-01-06,2804,20,Female,Dallas,2023-05-19,109,Shorts,Clothing,Brand E,30.0,3,90.0,Online
1871,2024-01-06,2298,20,Male,Chicago,2021-07-27,116,Belt,Accessories,Brand A,20.0,2,40.0,Online
2304,2024-01-06,2362,25,Female,Phoenix,2023-10-09,118,Bag,Accessories,Brand B,60.0,1,60.0,Online
2411,2024-01-06,2371,22,Female,San Diego,2023-02-16,101,T-shirt,Clothing,Brand A,25.0,3,75.0,Online
556,2024-01-06,2097,56,Male,Phoenix,2021-05-03,106,Shirt,Clothing,Brand A,40.0,1,40.0,In-Store
3707,2024-01-07,2567,26,Male,Miami,2023-05-30,109,Shorts,Clothing,Brand E,30.0,1,30.0,Online
1263,2024-01-07,2214,47,Female,Phoenix,2023-11-16,101,T-shirt,Clothing,Brand A,25.0,1,25.0,Online
129,2024-01-07,2030,26,Female,Los Angeles,2023-11-22,105,Hat,Accessories,Brand E,22.5,1,22.5,Online
1038,2024-01-07,2177,70,Female,Chicago,2022-04-20,115,Blazer,Outerwear,Brand A,130.0,1,130.0,Online
3992,2024-01-07,2613,33,Female,San Diego,2023-06-09,104,Jacket,Outerwear,Brand D,120.0,1,120.0,In-Store
2644,2024-01-07,2407,21,Male,San Antonio,2023-03-15,117,Scarf,Accessories,Brand E,18.0,2,36.0,Online
3690,2024-01-07,2564,22,Male,Phoenix,2023-03-18,103,Sneakers,Footwear,Brand C,30.0,1,30.0,In-Store
2791,2024-01-08,2424,20,Female,Chicago,2023-05-31,107,Dress,Clothing,Brand B,65.0,1,65.0,Online
2336,2024-01-08,2365,28,Male,Philadelphia,2021-11-25,101,T-shirt,Clothing,Brand A,25.0,1,25.0,Online
4699,2024-01-08,2720,20,Female,Miami,2023-08-06,104,Jacket,Outerwear,Brand D,120.0,1,120.0,Online
3801,2024-01-08,2583,23,Male,Miami,2021-10-10,117,Scarf,Accessories,Brand E,18.0,2,36.0,Online
4505,2024-01-08,2692,52,Male,Philadelphia,2021-11-10,109,Shorts,Clothing,Brand E,30.0,1,30.0,In-Store
4321,2024-01-09,2664,27,Male,Phoenix,2021-03-06,109,Shorts,Clothing,Brand E,30.0,1,30.0,In-Store
3830,2024-01-09,2587,46,Female,Philadelphia,2021-05-03,114,Parka,Outerwear,Brand B,150.0,1,150.0,Online
4367,2024-01-09,2670,24,Male,Miami,2021-09-15,117,Scarf,Accessories,Brand E,18.0,2,36.0,Online
557,2024-01-09,2097,56,Male,Phoenix,2021-05-03,104,Jacket,Outerwear,Brand D,120.0,1,120.0,In-Store
2792,2024-01-10,2424,20,Female,Chicago,2023-05-31,111,Sandals,Footwear,Brand E,35.0,2,70.0,Online
5298,2024-01-10,2798,25,Female,Miami,2021-01-17,105,Hat,Accessories,Brand E,22.5,1,22.5,Online
1466,2024-01-10,2247,51,Female,San Diego,2022-05-11,107,Dress,Clothing,Brand B,65.0,1,65.0,In-Store
3606,2024-01-10,2553,22,Male,Chicago,2022-08-23,106,Shirt,Clothing,Brand A,40.0,1,40.0,Online
3335,2024-01-10,2518,18,Male,Dallas,2023-05-06,118,Bag,Accessories,Brand B,60.0,2,120.0,Online
2283,2024-01-10,2360,64,Female,Houston,2022-11-14,110,Boots,Footwear,Brand D,110.0,1,110.0,In-Store
3484,2024-01-10,2541,20,Female,Philadelphia,2023-05-06,119,Sunglasses,Accessories,Brand C,45.0,1,45.0,Online
4650,2024-01-10,2714,56,Female,New York,2022-01-31,110,Boots,Footwear,Brand D,110.0,1,110.0,In-Store
3457,2024-01-11,2536,51,Male,Miami,2022-07-27,106,Shirt,Clothing,Brand A,40.0,1,40.0,In-Store
4527,2024-01-11,2695,49,Female,Houston,2021-09-22,109,Shorts,Clothing,Brand E,30.0,2,60.0,In-Store
4322,2024-01-11,2664,27,Male,Phoenix,2021-03-06,101,T-shirt,Clothing,Brand A,25.0,1,25.0,Online
528,2024-01-11,2092,53,Female,Phoenix,2021-01-01,111,Sandals,Footwear,Brand E,35.0,2,70.0,In-Store
510,2024-01-11,2090,58,Male,San Antonio,2022-07-15,112,Running Shoes,Footwear,Brand C,85.0,2,170.0,In-Store
2862,2024-01-11,2438,47,Male,Miami,2022-05-12,109,Shorts,Clothing,Brand E,30.0,1,30.0,In-Store
5028,2024-01-11,2761,22,Female,Dallas,2022-07-10,120,Cap,Accessories,Brand E,15.0,3,45.0,Online
430,2024-01-12,2081,24,Female,San Diego,2021-07-05,105,Hat,Accessories,Brand E,22.5,1,22.5,Online
2125,2024-01-12,2337,23,Male,New York,2023-08-21,120,Cap,Accessories,Brand E,15.0,1,15.0,Online
3708,2024-01-12,2567,26,Male,Miami,2023-05-30,106,Shirt,Clothing,Brand A,40.0,1,40.0,In-Store
5121,2024-01-12,2777,57,Male,Miami,2023-07-31,115,Blazer,Outerwear,Brand A,130.0,1,130.0,In-Store
2606,2024-01-12,2401,34,Male,Los Angeles,2022-08-07,113,Coat,Outerwear,Brand D,180.0,1,180.0,In-Store
2614,2024-01-12,2404,28,Male,Chicago,2022-05-31,109,Shorts,Clothing,Brand E,30.0,3,90.0,Online
2469,2024-01-12,2380,69,Male,Los Angeles,2022-12-28,102,Jeans,Clothing,Brand B,75.0,3,225.0,In-Store
1581,2024-01-12,2267,47,Male,Miami,2022-11-01,101,T-shirt,Clothing,Brand A,25.0,1,25.0,In-Store
2926,2024-01-13,2446,49,Female,Phoenix,2021-09-20,103,Sneakers,Footwear,Brand C,30.0,1,30.0,In-Store
2049,2024-01-13,2324,18,Female,Phoenix,2022-02-06,120,Cap,Accessories,Brand E,15.0,2,30.0,In-Store
1139,2024-01-13,2192,24,Female,Los Angeles,2023-03-29,119,Sunglasses,Accessories,Brand C,45.0,2,90.0,Online
3466,2024-01-13,2537,58,Female,San Diego,2022-04-26,119,Sunglasses,Accessories,Brand C,45.0,2,90.0,In-Store
126,2024-01-13,2029,31,Male,Miami,2022-01-30,111,Sandals,Footwear,Brand E,35.0,1,35.0,Online
1506,2024-01-13,2254,57,Female,Philadelphia,2023-12-28,114,Parka,Outerwear,Brand B,150.0,1,150.0,In-Store
2771,2024-01-13,2421,19,Male,Phoenix,2022-12-20,120,Cap,Accessories,Brand E,15.0,2,30.0,Online
174,2024-01-14,2037,59,Male,Philadelphia,2021-10-17,112,Running Shoes,Footwear,Brand C,85.0,1,85.0,In-Store
5235,2024-01-14,2789,26,Female,San Antonio,2021-06-04,120,Cap,Accessories,Brand E,15.0,1,15.0,In-Store
2050,2024-01-14,2324,18,Female,Phoenix,2022-02-06,108,Hoodie,Clothing,Brand C,55.0,1,55.0,Online
202,2024-01-14,2042,22,Female,Dallas,2022-03-23,101,T-shirt,Clothing,Brand A,25.0,2,50.0,Online
815,2024-01-15,2138,59,Male,Phoenix,2023-04-10,107,Dress,Clothing,Brand B,65.0,1,65.0,In-Store
1604,2024-01-15,2270,57,Male,Los Angeles,2021-11-23,107,Dress,Clothing,Brand B,65.0,1,65.0,In-Store
1988,2024-01-15,2316,24,Female,Los Angeles,2022-01-02,120,Cap,Accessories,Brand E,15.0,1,15.0,Online
4611,2024-01-15,2709,29,Male,Miami,2024-01-10,105,Hat,Accessories,Brand E,22.5,1,22.5,Online
5242,2024-01-15,2790,57,Female,Philadelphia,2021-05-04,113,Coat,Outerwear,Brand D,180.0,1,180.0,In-Store
816,2024-01-16,2138,59,Male,Phoenix,2023-04-10,103,Sneakers,Footwear,Brand C,30.0,1,30.0,In-Store
2126,2024-01-16,2337,23,Male,New York,2023-08-21,103,Sneakers,Footwear,Brand C,30.0,2,60.0,Online
2987,2024-01-16,2455,19,Male,Philadelphia,2021-11-15,109,Shorts,Clothing,Brand E,30.0,2,60.0,Online
467,2024-01-16,2085,21,Male,Phoenix,2021-03-18,117,Scarf,Accessories,Brand E,18.0,1,18.0,In-Store
2317,2024-01-16,2363,20,Female,Philadelphia,2022-11-03,108,Hoodie,Clothing,Brand C,55.0,2,110.0,In-Store
11,2024-01-17,2008,35,Female,Miami,2023-10-19,113,Coat,Outerwear,Brand D,180.0,1,180.0,Online
5170,2024-01-17,2783,20,Female,Miami,2021-05-24,101,T-shirt,Clothing,Brand A,25.0,1,25.0,Online
4466,2024-01-17,2682,23,Male,Miami,2022-12-08,112,Running Shoes,Footwear,Brand C,85.0,1,85.0,Online
1383,2024-01-17,2232,50,Female,San Diego,2023-01-12,107,Dress,Clothing,Brand B,65.0,2,130.0,In-Store
2665,2024-01-18,2409,28,Female,Miami,2021-03-20,113,Coat,Outerwear,Brand D,180.0,1,180.0,In-Store
4021,2024-01-18,2616,54,Male,Houston,2021-09-04,112,Running Shoes,Footwear,Brand C,85.0,1,85.0,In-Store
621,2024-01-18,2105,23,Male,Los Angeles,2021-02-22,117,Scarf,Accessories,Brand E,18.0,4,72.0,In-Store
1232,2024-01-18,2209,34,Male,San Diego,2021-09-15,113,Coat,Outerwear,Brand D,180.0,1,180.0,In-Store
3336,2024-01-19,2518,18,Male,Dallas,2023-05-06,109,Shorts,Clothing,Brand E,30.0,2,60.0,Online
3946,2024-01-19,2605,51,Male,Miami,2023-10-16,107,Dress,Clothing,Brand B,65.0,2,130.0,Online
5264,2024-01-19,2793,30,Female,San Antonio,2022-10-23,114,Parka,Outerwear,Brand B,150.0,2,300.0,In-Store
2709,2024-01-19,2412,49,Male,Miami,2023-03-01,102,Jeans,Clothing,Brand B,75.0,1,75.0,In-Store
1340,2024-01-19,2226,22,Male,Chicago,2021-10-21,111,Sandals,Footwear,Brand E,35.0,3,105.0,Online
3131,2024-01-19,2485,40,Female,Phoenix,2023-05-21,107,Dress,Clothing,Brand B,65.0,3,195.0,In-Store
1872,2024-01-20,2298,20,Male,Chicago,2021-07-27,109,Shorts,Clothing,Brand E,30.0,1,30.0,Online
5276,2024-01-20,2794,26,Male,Miami,2022-12-11,120,Cap,Accessories,Brand E,15.0,2,30.0,Online
220,2024-01-20,2044,18,Male,Miami,2021-05-25,116,Belt,Accessories,Brand A,20.0,3,60.0,Online
1693,2024-01-20,2279,21,Female,Houston,2021-04-14,102,Jeans,Clothing,Brand B,75.0,1,75.0,In-Store
1720,2024-01-20,2283,53,Male,Philadelphia,2023-10-25,105,Hat,Accessories,Brand E,22.5,2,45.0,In-Store
2558,2024-01-20,2396,19,Female,Houston,2022-05-12,111,Sandals,Footwear,Brand E,35.0,2,70.0,Online
2677,2024-01-21,2410,59,Male,Los Angeles,2021-12-24,118,Bag,Accessories,Brand B,60.0,1,60.0,In-Store
3993,2024-01-21,2613,33,Female,San Diego,2023-06-09,113,Coat,Outerwear,Brand D,180.0,1,180.0,Online
4651,2024-01-21,2714,56,Female,New York,2022-01-31,101,T-shirt,Clothing,Brand A,25.0,1,25.0,In-Store
2470,2024-01-21,2380,69,Male,Los Angeles,2022-12-28,109,Shorts,Clothing,Brand E,30.0,1,30.0,In-Store
1842,2024-01-21,2297,23,Female,Dallas,2021-05-17,116,Belt,Accessories,Brand A,20.0,3,60.0,Online
2295,2024-01-21,2361,19,Female,San Antonio,2023-02-27,111,Sandals,Footwear,Brand E,35.0,3,105.0,In-Store
1767,2024-01-21,2291,19,Male,Philadelphia,2023-07-21,111,Sandals,Footwear,Brand E,35.0,1,35.0,Online
907,2024-01-21,2157,49,Female,San Antonio,2022-04-03,107,Dress,Clothing,Brand B,65.0,1,65.0,In-Store
2225,2024-01-21,2350,41,Male,Phoenix,2023-08-28,110,Boots,Footwear,Brand D,110.0,3,330.0,In-Store
1140,2024-01-22,2192,24,Female,Los Angeles,2023-03-29,120,Cap,Accessories,Brand E,15.0,2,30.0,Online
4563,2024-01-22,2700,55,Male,Los Angeles,2023-02-03,106,Shirt,Clothing,Brand A,40.0,1,40.0,In-Store
43,2024-01-22,2014,38,Female,Phoenix,2021-05-29,104,Jacket,Outerwear,Brand D,120.0,1,120.0,Online
3337,2024-01-22,2518,18,Male,Dallas,2023-05-06,109,Shorts,Clothing,Brand E,30.0,1,30.0,Online
3668,2024-01-22,2562,20,Male,New York,2021-09-10,101,T-shirt,Clothing,Brand A,25.0,2,50.0,Online
291,2024-01-22,2054,37,Male,Phoenix,2023-06-07,114,Parka,Outerwear,Brand B,150.0,1,150.0,Online
2262,2024-01-22,2357,26,Female,San Diego,2022-10-11,109,Shorts,Clothing,Brand E,30.0,2,60.0,Online
3718,2024-01-23,2568,36,Female,Philadelphia,2022-09-08,114,Parka,Outerwear,Brand B,150.0,1,150.0,Online
1206,2024-01-23,2204,47,Male,Miami,2021-09-21,117,Scarf,Accessories,Brand E,18.0,1,18.0,In-Store
2454,2024-01-23,2378,61,Male,New York,2021-09-16,115,Blazer,Outerwear,Brand A,130.0,1,130.0,In-Store
1026,2024-01-23,2175,23,Male,Philadelphia,2021-06-01,108,Hoodie,Clothing,Brand C,55.0,2,110.0,Online
2772,2024-01-23,2421,19,Male,Phoenix,2022-12-20,109,Shorts,Clothing,Brand E,30.0,1,30.0,Online
1950,2024-01-23,2309,38,Female,Miami,2023-11-21,114,Parka,Outerwear,Brand B,150.0,1,150.0,In-Store
5146,2024-01-23,2779,42,Female,Houston,2023-11-07,104,Jacket,Outerwear,Brand D,120.0,1,120.0,In-Store
2726,2024-01-23,2414,21,Male,San Diego,2022-04-11,106,Shirt,Clothing,Brand A,40.0,2,80.0,In-Store
3567,2024-01-24,2550,55,Male,San Diego,2023-10-27,102,Jeans,Clothing,Brand B,75.0,1,75.0,Online
3831,2024-01-24,2587,46,Female,Philadelphia,2021-05-03,101,T-shirt,Clothing,Brand A,25.0,2,50.0,In-Store
3458,2024-01-24,2536,51,Male,Miami,2022-07-27,110,Boots,Footwear,Brand D,110.0,1,110.0,Online
2127,2024-01-24,2337,23,Male,New York,2023-08-21,109,Shorts,Clothing,Brand E,30.0,2,60.0,Online
4989,2024-01-24,2753,23,Male,San Antonio,2023-11-29,111,Sandals,Footwear,Brand E,35.0,1,35.0,Online
3048,2024-01-24,2470,25,Female,New York,2023-07-24,117,Scarf,Accessories,Brand E,18.0,3,54.0,Online
803,2024-01-24,2137,32,Male,Philadelphia,2023-10-08,115,Blazer,Outerwear,Brand A,130.0,1,130.0,Online
5192,2024-01-24,2785,65,Male,Phoenix,2023-12-24,113,Coat,Outerwear,Brand D,180.0,2,360.0,Online
1194,2024-01-24,2203,27,Male,Dallas,2024-01-13,105,Hat,Accessories,Brand E,22.5,2,45.0,Online
4467,2024-01-24,2682,23,Male,Miami,2022-12-08,119,Sunglasses,Accessories,Brand C,45.0,1,45.0,Online
3459,2024-01-25,2536,51,Male,Miami,2022-07-27,103,Sneakers,Footwear,Brand C,30.0,2,60.0,In-Store
364,2024-01-26,2071,32,Female,Miami,2022-08-31,115,Blazer,Outerwear,Brand A,130.0,1,130.0,In-Store
3944,2024-01-26,2604,26,Female,New York,2023-07-03,106,Shirt,Clothing,Brand A,40.0,1,40.0,Online
4178,2024-01-26,2642,52,Female,San Antonio,2021-03-19,120,Cap,Accessories,Brand E,15.0,1,15.0,In-Store
3350,2024-01-26,2519,47,Male,Houston,2021-06-27,102,Jeans,Clothing,Brand B,75.0,1,75.0,In-Store
2412,2024-01-26,2371,22,Female,San Diego,2023-02-16,105,Hat,Accessories,Brand E,22.5,1,22.5,Online
4295,2024-01-26,2660,34,Female,Los Angeles,2023-09-06,112,Running Shoes,Footwear,Brand C,85.0,1,85.0,Online
917,2024-01-27,2160,53,Female,San Antonio,2021-08-14,115,Blazer,Outerwear,Brand A,130.0,1,130.0,In-Store
4596,2024-01-27,2705,55,Male,Houston,2023-02-20,111,Sandals,Footwear,Brand E,35.0,2,70.0,Online
927,2024-01-27,2161,33,Male,Philadelphia,2022-09-13,105,Hat,Accessories,Brand E,22.5,1,22.5,Online
4850,2024-01-27,2736,21,Male,Los Angeles,2021-06-17,117,Scarf,Accessories,Brand E,18.0,2,36.0,Online
4309,2024-01-27,2662,20,Female,Miami,2022-01-21,103,Sneakers,Footwear,Brand C,30.0,1,30.0,Online
1307,2024-01-27,2222,42,Male,Dallas,2022-01-17,113,Coat,Outerwear,Brand D,180.0,1,180.0,Online
5236,2024-01-27,2789,26,Female,San Antonio,2021-06-04,103,Sneakers,Footwear,Brand C,30.0,1,30.0,Online
4948,2024-01-28,2749,41,Female,New York,2023-12-10,113,Coat,Outerwear,Brand D,180.0,1,180.0,Online
2327,2024-01-28,2364,33,Female,San Antonio,2023-03-11,105,Hat,Accessories,Brand E,22.5,1,22.5,In-Store
2199,2024-01-28,2344,51,Male,New York,2021-12-18,118,Bag,Accessories,Brand B,60.0,3,180.0,Online
3166,2024-01-29,2494,67,Male,Dallas,2023-05-25,104,Jacket,Outerwear,Brand D,120.0,1,120.0,In-Store
1384,2024-01-29,2232,50,Female,San Diego,2023-01-12,104,Jacket,Outerwear,Brand D,120.0,3,360.0,In-Store
5029,2024-01-29,2761,22,Female,Dallas,2022-07-10,120,Cap,Accessories,Brand E,15.0,3,45.0,Online
3233,2024-01-29,2504,50,Male,Dallas,2023-10-29,110,Boots,Footwear,Brand D,110.0,1,110.0,In-Store
221,2024-01-29,2044,18,Male,Miami,2021-05-25,103,Sneakers,Footwear,Brand C,30.0,1,30.0,Online
833,2024-01-29,2142,45,Female,San Antonio,2022-12-06,109,Shorts,Clothing,Brand E,30.0,1,30.0,Online
3984,2024-01-29,2611,41,Male,Houston,2023-05-26,113,Coat,Outerwear,Brand D,180.0,2,360.0,Online
2380,2024-01-30,2369,23,Male,Philadelphia,2022-03-04,106,Shirt,Clothing,Brand A,40.0,1,40.0,Online
2064,2024-01-30,2325,18,Male,Miami,2023-06-29,119,Sunglasses,Accessories,Brand C,45.0,1,45.0,Online
1467,2024-01-30,2247,51,Female,San Diego,2022-05-11,113,Coat,Outerwear,Brand D,180.0,1,180.0,In-Store
99,2024-01-31,2024,61,Male,Chicago,2021-02-04,106,Shirt,Clothing,Brand A,40.0,1,40.0,In-Store
333,2024-01-31,2069,18,Male,Chicago,2023-11-18,102,Jeans,Clothing,Brand B,75.0,3,225.0,Online
3176,2024-01-31,2495,34,Female,Los Angeles,2023-02-25,118,Bag,Accessories,Brand B,60.0,1,60.0,Online
4851,2024-01-31,2736,21,Male,Los Angeles,2021-06-17,117,Scarf,Accessories,Brand E,18.0,2,36.0,Online
3132,2024-01-31,2485,40,Female,Phoenix,2023-05-21,102,Jeans,Clothing,Brand B,75.0,1,75.0,In-Store
678,2024-01-31,2113,53,Male,Dallas,2023-01-22,116,Belt,Accessories,Brand A,20.0,3,60.0,In-Store
2576,2024-02-01,2398,19,Male,San Antonio,2022-10-18,103,Sneakers,Footwear,Brand C,30.0,2,60.0,Online
1785,2024-02-01,2292,21,Female,Houston,2022-10-12,105,Hat,Accessories,Brand E,22.5,2,45.0,Online
50,2024-02-01,2018,49,Male,Houston,2022-07-21,109,Shorts,Clothing,Brand E,30.0,1,30.0,In-Store
2381,2024-02-01,2369,23,Male,Philadelphia,2022-03-04,120,Cap,Accessories,Brand E,15.0,3,45.0,Online
3104,2024-02-01,2482,52,Male,Chicago,2022-03-27,101,T-shirt,Clothing,Brand A,25.0,2,50.0,In-Store
5214,2024-02-01,2787,42,Female,San Diego,2023-03-19,107,Dress,Clothing,Brand B,65.0,1,65.0,In-Store
2234,2024-02-01,2352,34,Male,Miami,2021-03-27,113,Coat,Outerwear,Brand D,180.0,1,180.0,In-Store
4900,2024-02-01,2741,19,Male,Chicago,2023-04-10,103,Sneakers,Footwear,Brand C,30.0,1,30.0,Online
3318,2024-02-02,2516,35,Female,Miami,2023-01-17,113,Coat,Outerwear,Brand D,180.0,1,180.0,Online
4314,2024-02-02,2663,31,Female,Houston,2021-12-24,119,Sunglasses,Accessories,Brand C,45.0,1,45.0,In-Store
4949,2024-02-02,2749,41,Female,New York,2023-12-10,113,Coat,Outerwear,Brand D,180.0,3,540.0,Online
3016,2024-02-02,2462,58,Male,New York,2022-10-05,116,Belt,Accessories,Brand A,20.0,1,20.0,In-Store
3249,2024-02-02,2506,23,Female,New York,2023-05-17,117,Scarf,Accessories,Brand E,18.0,1,18.0,Online
1385,2024-02-02,2232,50,Female,San Diego,2023-01-12,115,Blazer,Outerwear,Brand A,130.0,1,130.0,In-Store
4468,2024-02-02,2682,23,Male,Miami,2022-12-08,102,Jeans,Clothing,Brand B,75.0,3,225.0,Online
1937,2024-02-02,2307,52,Female,Dallas,2022-12-16,112,Running Shoes,Footwear,Brand C,85.0,2,170.0,Online
853,2024-02-03,2147,24,Male,Chicago,2021-08-24,105,Hat,Accessories,Brand E,22.5,1,22.5,Online
4384,2024-02-03,2672,49,Female,Chicago,2023-01-12,101,T-shirt,Clothing,Brand A,25.0,2,50.0,In-Store
1617,2024-02-03,2271,26,Male,Philadelphia,2021-09-27,116,Belt,Accessories,Brand A,20.0,3,60.0,Online
1039,2024-02-03,2177,70,Female,Chicago,2022-04-20,102,Jeans,Clothing,Brand B,75.0,1,75.0,In-Store
1637,2024-02-03,2273,52,Female,San Antonio,2022-12-30,112,Running Shoes,Footwear,Brand C,85.0,1,85.0,In-Store
1233,2024-02-03,2209,34,Male,San Diego,2021-09-15,109,Shorts,Clothing,Brand E,30.0,1,30.0,In-Store
4868,2024-02-03,2737,20,Male,Philadelphia,2023-04-17,120,Cap,Accessories,Brand E,15.0,1,15.0,Online
1735,2024-02-03,2287,23,Male,Phoenix,2024-01-14,120,Cap,Accessories,Brand E,15.0,1,15.0,Online
1824,2024-02-03,2296,48,Male,Dallas,2021-11-30,101,T-shirt,Clothing,Brand A,25.0,1,25.0,In-Store
2624,2024-02-03,2406,35,Female,Philadelphia,2022-05-11,115,Blazer,Outerwear,Brand A,130.0,1,130.0,Online
3064,2024-02-03,2472,31,Female,Chicago,2023-11-20,104,Jacket,Outerwear,Brand D,120.0,1,120.0,In-Store
2946,2024-02-03,2449,20,Male,San Diego,2023-03-11,106,Shirt,Clothing,Brand A,40.0,1,40.0,In-Store
984,2024-02-03,2171,22,Male,San Diego,2022-12-29,117,Scarf,Accessories,Brand E,18.0,1,18.0,Online
1141,2024-02-03,2192,24,Female,Los Angeles,2023-03-29,101,T-shirt,Clothing,Brand A,25.0,1,25.0,Online
817,2024-02-03,2138,59,Male,Phoenix,2023-04-10,102,Jeans,Clothing,Brand B,75.0,2,150.0,In-Store
4691,2024-02-03,2717,20,Male,Los Angeles,2022-11-22,106,Shirt,Clothing,Brand A,40.0,1,40.0,Online
3189,2024-02-04,2496,23,Female,Chicago,2021-04-22,117,Scarf,Accessories,Brand E,18.0,2,36.0,In-Store
1642,2024-02-04,2274,54,Female,Philadelphia,2021-05-10,111,Sandals,Footwear,Brand E,35.0,1,35.0,Online
1786,2024-02-04,2292,21,Female,Houston,2022-10-12,108,Hoodie,Clothing,Brand C,55.0,1,55.0,Online
4754,2024-02-04,2725,22,Male,Houston,2023-03-04,101,T-shirt,Clothing,Brand A,25.0,1,25.0,In-Store
2805,2024-02-04,2427,27,Female,Chicago,2023-11-16,105,Hat,Accessories,Brand E,22.5,1,22.5,Online
4417,2024-02-04,2676,34,Female,New York,2024-02-01,113,Coat,Outerwear,Brand D,180.0,1,180.0,Online
5299,2024-02-04,2798,25,Female,Miami,2021-01-17,102,Jeans,Clothing,Brand B,75.0,4,300.0,Online
4422,2024-02-05,2677,40,Male,Los Angeles,2023-06-22,112,Running Shoes,Footwear,Brand C,85.0,2,170.0,In-Store
3214,2024-02-05,2502,31,Female,San Diego,2021-02-09,113,Coat,Outerwear,Brand D,180.0,1,180.0,Online
4132,2024-02-05,2634,38,Female,Philadelphia,2021-04-07,120,Cap,Accessories,Brand E,15.0,1,15.0,Online
804,2024-02-05,2137,32,Male,Philadelphia,2023-10-08,113,Coat,Outerwear,Brand D,180.0,1,180.0,Online
854,2024-02-05,2147,24,Male,Chicago,2021-08-24,111,Sandals,Footwear,Brand E,35.0,1,35.0,Online
4213,2024-02-05,2649,31,Male,Chicago,2023-10-15,114,Parka,Outerwear,Brand B,150.0,1,150.0,Online
4022,2024-02-05,2616,54,Male,Houston,2021-09-04,101,T-shirt,Clothing,Brand A,25.0,1,25.0,Online
2878,2024-02-06,2439,57,Female,Los Angeles,2022-08-13,113,Coat,Outerwear,Brand D,180.0,1,180.0,In-Store
3023,2024-02-06,2464,58,Female,Philadelphia,2022-01-10,102,Jeans,Clothing,Brand B,75.0,1,75.0,In-Store
3327,2024-02-06,2517,40,Male,Miami,2022-08-12,113,Coat,Outerwear,Brand D,180.0,1,180.0,Online
2029,2024-02-06,2322,25,Female,Houston,2023-05-28,109,Shorts,Clothing,Brand E,30.0,1,30.0,Online
3975,2024-02-07,2610,27,Male,Phoenix,2023-02-13,116,Belt,Accessories,Brand A,20.0,1,20.0,In-Store
3215,2024-02-07,2502,31,Female,San Diego,2021-02-09,103,Sneakers,Footwear,Brand C,30.0,1,30.0,Online
2947,2024-02-07,2449,20,Male,San Diego,2023-03-11,117,Scarf,Accessories,Brand E,18.0,2,36.0,Online
2065,2024-02-07,2325,18,Male,Miami,2023-06-29,109,Shorts,Clothing,Brand E,30.0,1,30.0,Online
5215,2024-02-07,2787,42,Female,San Diego,2023-03-19,106,Shirt,Clothing,Brand A,40.0,1,40.0,In-Store
659,2024-02-07,2110,45,Female,San Antonio,2021-02-14,107,Dress,Clothing,Brand B,65.0,1,65.0,In-Store
4492,2024-02-07,2688,35,Male,San Diego,2022-06-07,113,Coat,Outerwear,Brand D,180.0,1,180.0,In-Store
2836,2024-02-07,2431,42,Female,Phoenix,2021-03-15,112,Running Shoes,Footwear,Brand C,85.0,1,85.0,In-Store
3167,2024-02-08,2494,67,Male,Dallas,2023-05-25,109,Shorts,Clothing,Brand E,30.0,1,30.0,In-Store
1918,2024-02-08,2306,35,Male,Chicago,2023-07-12,113,Coat,Outerwear,Brand D,180.0,1,180.0,Online
3802,2024-02-08,2583,23,Male,Miami,2021-10-10,116,Belt,Accessories,Brand A,20.0,1,20.0,Online
4444,2024-02-08,2679,28,Male,Miami,2022-10-05,104,Jacket,Outerwear,Brand D,120.0,1,120.0,Online
2910,2024-02-08,2443,18,Male,Philadelphia,2021-08-03,101,T-shirt,Clothing,Brand A,25.0,2,50.0,Online
985,2024-02-08,2171,22,Male,San Diego,2022-12-29,117,Scarf,Accessories,Brand E,18.0,1,18.0,Online
4612,2024-02-09,2709,29,Male,Miami,2024-01-10,101,T-shirt,Clothing,Brand A,25.0,1,25.0,Online
2690,2024-02-09,2411,45,Male,Chicago,2021-04-28,112,Running Shoes,Footwear,Brand C,85.0,1,85.0,In-Store
4377,2024-02-09,2671,61,Male,Phoenix,2023-08-01,115,Blazer,Outerwear,Brand A,130.0,1,130.0,In-Store
4368,2024-02-09,2670,24,Male,Miami,2021-09-15,109,Shorts,Clothing,Brand E,30.0,1,30.0,Online
2645,2024-02-09,2407,21,Male,San Antonio,2023-03-15,108,Hoodie,Clothing,Brand C,55.0,3,165.0,Online
1667,2024-02-09,2277,28,Male,Philadelphia,2023-03-16,107,Dress,Clothing,Brand B,65.0,1,65.0,Online
438,2024-02-10,2082,24,Female,Chicago,2021-06-17,108,Hoodie,Clothing,Brand C,55.0,1,55.0,Online
1453,2024-02-10,2245,23,Female,Chicago,2021-07-05,103,Sneakers,Footwear,Brand C,30.0,1,30.0,In-Store
4672,2024-02-10,2716,20,Male,New York,2023-03-11,108,Hoodie,Clothing,Brand C,55.0,2,110.0,Online
4401,2024-02-10,2673,19,Male,Houston,2021-12-12,103,Sneakers,Footwear,Brand C,30.0,2,60.0,Online
4235,2024-02-10,2651,20,Female,Miami,2022-03-04,106,Shirt,Clothing,Brand A,40.0,1,40.0,Online
1873,2024-02-10,2298,20,Male,Chicago,2021-07-27,117,Scarf,Accessories,Brand E,18.0,3,54.0,Online
3859,2024-02-10,2590,32,Female,Phoenix,2023-03-16,116,Belt,Accessories,Brand A,20.0,1,20.0,In-Store
855,2024-02-10,2147,24,Male,Chicago,2021-08-24,116,Belt,Accessories,Brand A,20.0,1,20.0,In-Store
4585,2024-02-11,2703,23,Male,Dallas,2023-09-06,106,Shirt,Clothing,Brand A,40.0,2,80.0,Online
4798,2024-02-11,2729,20,Male,Dallas,2022-04-21,116,Belt,Accessories,Brand A,20.0,1,20.0,Online
1192,2024-02-11,2202,40,Female,New York,2022-05-05,107,Dress,Clothing,Brand B,65.0,1,65.0,Online
3043,2024-02-11,2469,56,Male,San Diego,2021-07-06,119,Sunglasses,Accessories,Brand C,45.0,1,45.0,In-Store
496,2024-02-11,2088,26,Female,San Diego,2022-08-05,109,Shorts,Clothing,Brand E,30.0,1,30.0,Online
3367,2024-02-11,2523,35,Female,San Antonio,2021-08-03,113,Coat,Outerwear,Brand D,180.0,1,180.0,In-Store
604,2024-02-11,2102,26,Male,Dallas,2022-05-14,109,Shorts,Clothing,Brand E,30.0,1,30.0,Online
4268,2024-02-11,2655,18,Female,Chicago,2021-02-09,107,Dress,Clothing,Brand B,65.0,2,130.0,Online
1341,2024-02-12,2226,22,Male,Chicago,2021-10-21,102,Jeans,Clothing,Brand B,75.0,2,150.0,Online
4258,2024-02-12,2654,55,Female,San Antonio,2022-02-23,107,Dress,Clothing,Brand B,65.0,1,65.0,Online
708,2024-02-12,2117,55,Male,Dallas,2023-04-19,106,Shirt,Clothing,Brand A,40.0,3,120.0,In-Store
4838,2024-02-12,2735,20,Male,San Antonio,2023-11-05,119,Sunglasses,Accessories,Brand C,45.0,3,135.0,Online
4673,2024-02-13,2716,20,Male,New York,2023-03-11,111,Sandals,Footwear,Brand E,35.0,1,35.0,Online
2051,2024-02-13,2324,18,Female,Phoenix,2022-02-06,108,Hoodie,Clothing,Brand C,55.0,1,55.0,Online
4043,2024-02-13,2619,37,Female,San Diego,2022-01-27,113,Coat,Outerwear,Brand D,180.0,1,180.0,Online
5196,2024-02-13,2786,25,Male,San Diego,2023-10-29,101,T-shirt,Clothing,Brand A,25.0,1,25.0,In-Store
791,2024-02-13,2132,50,Female,San Diego,2022-10-17,115,Blazer,Outerwear,Brand A,130.0,1,130.0,In-Store
1505,2024-02-13,2253,18,Female,San Antonio,2021-08-01,106,Shirt,Clothing,Brand A,40.0,1,40.0,Online
2550,2024-02-13,2395,36,Male,Los Angeles,2022-07-05,113,Coat,Outerwear,Brand D,180.0,1,180.0,Online
2433,2024-02-14,2375,21,Male,New York,2023-12-22,118,Bag,Accessories,Brand B,60.0,1,60.0,In-Store
1493,2024-02-14,2252,62,Female,San Diego,2022-03-10,108,Hoodie,Clothing,Brand C,55.0,1,55.0,In-Store
1142,2024-02-14,2192,24,Female,Los Angeles,2023-03-29,105,Hat,Accessories,Brand E,22.5,3,67.5,Online
3105,2024-02-14,2482,52,Male,Chicago,2022-03-27,113,Coat,Outerwear,Brand D,180.0,1,180.0,In-Store
4259,2024-02-15,2654,55,Female,San Antonio,2022-02-23,108,Hoodie,Clothing,Brand C,55.0,1,55.0,In-Store
1736,2024-02-15,2287,23,Male,Phoenix,2024-01-14,108,Hoodie,Clothing,Brand C,55.0,1,55.0,Online
873,2024-02-15,2152,48,Male,Philadelphia,2022-10-17,105,Hat,Accessories,Brand E,22.5,1,22.5,In-Store
3319,2024-02-16,2516,35,Female,Miami,2023-01-17,113,Coat,Outerwear,Brand D,180.0,1,180.0,In-Store
2102,2024-02-16,2330,18,Female,Miami,2021-10-20,101,T-shirt,Clothing,Brand A,25.0,1,25.0,In-Store
918,2024-02-16,2160,53,Female,San Antonio,2021-08-14,115,Blazer,Outerwear,Brand A,130.0,3,390.0,In-Store
2753,2024-02-16,2420,38,Female,Phoenix,2023-12-17,114,Parka,Outerwear,Brand B,150.0,1,150.0,Online
1668,2024-02-16,2277,28,Male,Philadelphia,2023-03-16,111,Sandals,Footwear,Brand E,35.0,3,105.0,Online
175,2024-02-16,2037,59,Male,Philadelphia,2021-10-17,101,T-shirt,Clothing,Brand A,25.0,1,25.0,In-Store
1938,2024-02-17,2307,52,Female,Dallas,2022-12-16,108,Hoodie,Clothing,Brand C,55.0,1,55.0,In-Store
1164,2024-02-17,2194,40,Male,New York,2022-03-28,109,Shorts,Clothing,Brand E,30.0,1,30.0,In-Store
1721,2024-02-17,2283,53,Male,Philadelphia,2023-10-25,103,Sneakers,Footwear,Brand C,30.0,1,30.0,In-Store
5309,2024-02-17,2800,42,Male,San Antonio,2022-09-23,105,Hat,Accessories,Brand E,22.5,1,22.5,Online
4278,2024-02-17,2656,23,Female,New York,2021-01-22,101,T-shirt,Clothing,Brand A,25.0,2,50.0,Online
1004,2024-02-17,2173,37,Female,Chicago,2021-09-15,114,Parka,Outerwear,Brand B,150.0,1,150.0,Online
4768,2024-02-17,2727,23,Female,San Diego,2021-10-09,108,Hoodie,Clothing,Brand C,55.0,3,165.0,Online
2911,2024-02-17,2443,18,Male,Philadelphia,2021-08-03,105,Hat,Accessories,Brand E,22.5,3,67.5,Online
2357,2024-02-18,2367,19,Female,San Diego,2021-06-02,117,Scarf,Accessories,Brand E,18.0,1,18.0,In-Store
2455,2024-02-18,2378,61,Male,New York,2021-09-16,111,Sandals,Footwear,Brand E,35.0,1,35.0,In-Store
3506,2024-02-18,2544,25,Male,Philadelphia,2023-10-17,116,Belt,Accessories,Brand A,20.0,2,40.0,Online
667,2024-02-18,2112,51,Female,Philadelphia,2023-12-08,115,Blazer,Outerwear,Brand A,130.0,1,130.0,In-Store
643,2024-02-18,2109,21,Female,New York,2022-04-01,107,Dress,Clothing,Brand B,65.0,3,195.0,Online
511,2024-02-18,2090,58,Male,San Antonio,2022-07-15,108,Hoodie,Clothing,Brand C,55.0,1,55.0,Online
2615,2024-02-19,2404,28,Male,Chicago,2022-05-31,111,Sandals,Footwear,Brand E,35.0,1,35.0,In-Store
2484,2024-02-19,2381,47,Female,New York,2023-07-09,115,Blazer,Outerwear,Brand A,130.0,1,130.0,Online
3842,2024-02-19,2588,36,Female,Los Angeles,2021-11-09,114,Parka,Outerwear,Brand B,150.0,1,150.0,Online
4755,2024-02-19,2725,22,Male,Houston,2023-03-04,119,Sunglasses,Accessories,Brand C,45.0,1,45.0,Online
1086,2024-02-19,2184,52,Male,Houston,2023-07-15,111,Sandals,Footwear,Brand E,35.0,4,140.0,In-Store
3966,2024-02-19,2607,18,Male,Miami,2022-03-09,103,Sneakers,Footwear,Brand C,30.0,1,30.0,In-Store
1120,2024-02-20,2189,41,Female,San Diego,2023-01-31,114,Parka,Outerwear,Brand B,150.0,1,150.0,In-Store
3368,2024-02-20,2523,35,Female,San Antonio,2021-08-03,115,Blazer,Outerwear,Brand A,130.0,2,260.0,Online
222,2024-02-20,2044,18,Male,Miami,2021-05-25,103,Sneakers,Footwear,Brand C,30.0,1,30.0,Online
2577,2024-02-20,2398,19,Male,San Antonio,2022-10-18,112,Running Shoes,Footwear,Brand C,85.0,1,85.0,Online
3338,2024-02-20,2518,18,Male,Dallas,2023-05-06,111,Sandals,Footwear,Brand E,35.0,2,70.0,Online
4692,2024-02-20,2717,20,Male,Los Angeles,2022-11-22,118,Bag,Accessories,Brand B,60.0,1,60.0,Online
2879,2024-02-20,2439,57,Female,Los Angeles,2022-08-13,108,Hoodie,Clothing,Brand C,55.0,1,55.0,In-Store
1843,2024-02-20,2297,23,Female,Dallas,2021-05-17,117,Scarf,Accessories,Brand E,18.0,2,36.0,Online
4613,2024-02-20,2709,29,Male,Miami,2024-01-10,117,Scarf,Accessories,Brand E,18.0,1,18.0,Online
1963,2024-02-20,2313,22,Male,Chicago,2021-10-13,117,Scarf,Accessories,Brand E,18.0,2,36.0,Online
3934,2024-02-20,2603,24,Male,San Diego,2022-02-18,109,Shorts,Clothing,Brand E,30.0,1,30.0,Online
660,2024-02-20,2110,45,Female,San Antonio,2021-02-14,101,T-shirt,Clothing,Brand A,25.0,1,25.0,In-Store
4385,2024-02-21,2672,49,Female,Chicago,2023-01-12,106,Shirt,Clothing,Brand A,40.0,1,40.0,Online
4575,2024-02-21,2702,53,Female,Miami,2021-12-08,110,Boots,Footwear,Brand D,110.0,1,110.0,In-Store
4869,2024-02-21,2737,20,Male,Philadelphia,2023-04-17,105,Hat,Accessories,Brand E,22.5,3,67.5,Online
4074,2024-02-21,2623,24,Male,Philadelphia,2021-12-29,108,Hoodie,Clothing,Brand C,55.0,2,110.0,Online
4445,2024-02-21,2679,28,Male,Miami,2022-10-05,113,Coat,Outerwear,Brand D,180.0,1,180.0,In-Store
4852,2024-02-22,2736,21,Male,Los Angeles,2021-06-17,108,Hoodie,Clothing,Brand C,55.0,3,165.0,Online
4269,2024-02-22,2655,18,Female,Chicago,2021-02-09,107,Dress,Clothing,Brand B,65.0,1,65.0,Online
3393,2024-02-22,2527,43,Female,Miami,2021-06-04,116,Belt,Accessories,Brand A,20.0,1,20.0,Online
4075,2024-02-22,2623,24,Male,Philadelphia,2021-12-29,111,Sandals,Footwear,Brand E,35.0,1,35.0,Online
4725,2024-02-22,2723,39,Female,Phoenix,2021-02-27,114,Parka,Outerwear,Brand B,150.0,1,150.0,Online
512,2024-02-22,2090,58,Male,San Antonio,2022-07-15,119,Sunglasses,Accessories,Brand C,45.0,1,45.0,Online
928,2024-02-22,2161,33,Male,Philadelphia,2022-09-13,104,Jacket,Outerwear,Brand D,120.0,1,120.0,In-Store
2495,2024-02-22,2386,35,Female,Houston,2023-11-02,106,Shirt,Clothing,Brand A,40.0,1,40.0,Online
44,2024-02-23,2014,38,Female,Phoenix,2021-05-29,113,Coat,Outerwear,Brand D,180.0,1,180.0,In-Store
792,2024-02-23,2132,50,Female,San Diego,2022-10-17,110,Boots,Footwear,Brand D,110.0,1,110.0,In-Store
3623,2024-02-23,2557,23,Female,San Diego,2023-03-19,107,Dress,Clothing,Brand B,65.0,1,65.0,In-Store
2296,2024-02-23,2361,19,Female,San Antonio,2023-02-27,109,Shorts,Clothing,Brand E,30.0,1,30.0,Online
1737,2024-02-23,2287,23,Male,Phoenix,2024-01-14,107,Dress,Clothing,Brand B,65.0,1,65.0,Online
2578,2024-02-23,2398,19,Male,San Antonio,2022-10-18,109,Shorts,Clothing,Brand E,30.0,1,30.0,Online
4623,2024-02-24,2710,23,Male,Chicago,2023-01-12,117,Scarf,Accessories,Brand E,18.0,1,18.0,Online
2727,2024-02-24,2414,21,Male,San Diego,2022-04-11,111,Sandals,Footwear,Brand E,35.0,1,35.0,Online
818,2024-02-24,2138,59,Male,Phoenix,2023-04-10,112,Running Shoes,Footwear,Brand C,85.0,2,170.0,In-Store
1439,2024-02-24,2244,34,Female,Los Angeles,2023-11-05,113,Coat,Outerwear,Brand D,180.0,1,180.0,In-Store
3745,2024-02-24,2573,55,Female,Miami,2021-09-06,112,Running Shoes,Footwear,Brand C,85.0,1,85.0,In-Store
3832,2024-02-25,2587,46,Female,Philadelphia,2021-05-03,102,Jeans,Clothing,Brand B,75.0,3,225.0,In-Store
2018,2024-02-25,2321,22,Female,Phoenix,2023-06-30,120,Cap,Accessories,Brand E,15.0,2,30.0,Online
1787,2024-02-25,2292,21,Female,Houston,2022-10-12,108,Hoodie,Clothing,Brand C,55.0,1,55.0,Online
3420,2024-02-25,2529,24,Female,Philadelphia,2021-07-12,118,Bag,Accessories,Brand B,60.0,2,120.0,In-Store
1890,2024-02-26,2300,37,Female,San Diego,2024-01-08,113,Coat,Outerwear,Brand D,180.0,1,180.0,Online
2284,2024-02-26,2360,64,Female,Houston,2022-11-14,107,Dress,Clothing,Brand B,65.0,1,65.0,Online
2471,2024-02-26,2380,69,Male,Los Angeles,2022-12-28,114,Parka,Outerwear,Brand B,150.0,2,300.0,In-Store
1243,2024-02-26,2212,30,Male,San Antonio,2022-03-13,111,Sandals,Footwear,Brand E,35.0,2,70.0,Online
5011,2024-02-26,2758,34,Female,Houston,2021-08-27,107,Dress,Clothing,Brand B,65.0,1,65.0,Online
4369,2024-02-27,2670,24,Male,Miami,2021-09-15,105,Hat,Accessories,Brand E,22.5,3,67.5,Online
1468,2024-02-27,2247,51,Female,San Diego,2022-05-11,105,Hat,Accessories,Brand E,22.5,1,22.5,In-Store
589,2024-02-27,2101,41,Female,Phoenix,2021-06-14,115,Blazer,Outerwear,Brand A,130.0,2,260.0,Online
5015,2024-02-27,2760,37,Female,Philadelphia,2024-02-07,114,Parka,Outerwear,Brand B,150.0,2,300.0,In-Store
419,2024-02-28,2077,39,Male,Miami,2022-12-11,114,Parka,Outerwear,Brand B,150.0,2,300.0,Online
334,2024-02-28,2069,18,Male,Chicago,2023-11-18,116,Belt,Accessories,Brand A,20.0,2,40.0,Online
4076,2024-02-28,2623,24,Male,Philadelphia,2021-12-29,101,T-shirt,Clothing,Brand A,25.0,2,50.0,Online
4189,2024-02-28,2644,24,Female,Philadelphia,2024-02-17,112,Running Shoes,Footwear,Brand C,85.0,1,85.0,Online
3473,2024-02-28,2538,23,Male,Chicago,2022-07-08,118,Bag,Accessories,Brand B,60.0,1,60.0,Online
4520,2024-02-28,2694,33,Male,Los Angeles,2022-02-27,114,Parka,Outerwear,Brand B,150.0,1,150.0,Online
4243,2024-02-28,2652,21,Male,Philadelphia,2022-10-19,105,Hat,Accessories,Brand E,22.5,2,45.0,Online
4260,2024-02-29,2654,55,Female,San Antonio,2022-02-23,108,Hoodie,Clothing,Brand C,55.0,1,55.0,In-Store
4154,2024-02-29,2638,36,Male,Philadelphia,2021-06-03,113,Coat,Outerwear,Brand D,180.0,1,180.0,Online
4756,2024-02-29,2725,22,Male,Houston,2023-03-04,103,Sneakers,Footwear,Brand C,30.0,1,30.0,Online
1653,2024-02-29,2275,53,Male,San Diego,2021-09-28,110,Boots,Footwear,Brand D,110.0,1,110.0,Online
2413,2024-02-29,2371,22,Female,San Diego,2023-02-16,103,Sneakers,Footwear,Brand C,30.0,1,30.0,Online
2773,2024-02-29,2421,19,Male,Phoenix,2022-12-20,109,Shorts,Clothing,Brand E,30.0,1,30.0,In-Store
4901,2024-03-01,2741,19,Male,Chicago,2023-04-10,108,Hoodie,Clothing,Brand C,55.0,1,55.0,Online
395,2024-03-01,2074,21,Female,San Antonio,2022-08-20,106,Shirt,Clothing,Brand A,40.0,1,40.0,Online
4288,2024-03-01,2658,34,Male,Phoenix,2022-08-12,113,Coat,Outerwear,Brand D,180.0,1,180.0,In-Store
1738,2024-03-01,2287,23,Male,Phoenix,2024-01-14,107,Dress,Clothing,Brand B,65.0,1,65.0,Online
4143,2024-03-01,2637,24,Male,Phoenix,2024-02-18,116,Belt,Accessories,Brand A,20.0,1,20.0,Online
2145,2024-03-01,2338,42,Female,New York,2023-09-18,117,Scarf,Accessories,Brand E,18.0,2,36.0,In-Store
1365,2024-03-01,2229,30,Female,Miami,2024-01-29,118,Bag,Accessories,Brand B,60.0,1,60.0,In-Store
4586,2024-03-01,2703,23,Male,Dallas,2023-09-06,107,Dress,Clothing,Brand B,65.0,1,65.0,Online
375,2024-03-01,2072,20,Female,Chicago,2022-02-12,117,Scarf,Accessories,Brand E,18.0,2,36.0,Online
2806,2024-03-01,2427,27,Female,Chicago,2023-11-16,101,T-shirt,Clothing,Brand A,25.0,1,25.0,Online
1540,2024-03-02,2257,22,Female,Philadelphia,2021-01-31,106,Shirt,Clothing,Brand A,40.0,1,40.0,Online
2445,2024-03-02,2376,41,Female,Philadelphia,2023-09-23,112,Running Shoes,Footwear,Brand C,85.0,2,170.0,Online
2825,2024-03-02,2430,51,Female,New York,2021-01-08,108,Hoodie,Clothing,Brand C,55.0,1,55.0,Online
2115,2024-03-02,2334,51,Male,Los Angeles,2021-12-14,113,Coat,Outerwear,Brand D,180.0,1,180.0,In-Store
2559,2024-03-02,2396,19,Female,Houston,2022-05-12,116,Belt,Accessories,Brand A,20.0,1,20.0,Online
4077,2024-03-02,2623,24,Male,Philadelphia,2021-12-29,111,Sandals,Footwear,Brand E,35.0,2,70.0,Online
2488,2024-03-03,2382,45,Female,San Antonio,2024-03-02,102,Jeans,Clothing,Brand B,75.0,1,75.0,In-Store
159,2024-03-03,2036,21,Female,San Antonio,2022-11-12,109,Shorts,Clothing,Brand E,30.0,1,30.0,Online
4652,2024-03-03,2714,56,Female,New York,2022-01-31,106,Shirt,Clothing,Brand A,40.0,1,40.0,In-Store
2358,2024-03-03,2367,19,Female,San Diego,2021-06-02,103,Sneakers,Footwear,Brand C,30.0,2,60.0,Online
5139,2024-03-03,2778,40,Female,San Diego,2021-11-02,111,Sandals,Footwear,Brand E,35.0,1,35.0,In-Store
4886,2024-03-03,2740,57,Male,Dallas,2022-06-25,109,Shorts,Clothing,Brand E,30.0,2,60.0,Online
4323,2024-03-03,2664,27,Male,Phoenix,2021-03-06,101,T-shirt,Clothing,Brand A,25.0,1,25.0,Online
1582,2024-03-04,2267,47,Male,Miami,2022-11-01,104,Jacket,Outerwear,Brand D,120.0,1,120.0,In-Store
1415,2024-03-04,2236,21,Male,Houston,2022-10-24,102,Jeans,Clothing,Brand B,75.0,2,150.0,Online
4769,2024-03-04,2727,23,Female,San Diego,2021-10-09,112,Running Shoes,Footwear,Brand C,85.0,3,255.0,In-Store
1908,2024-03-04,2305,55,Female,New York,2021-03-18,109,Shorts,Clothing,Brand E,30.0,1,30.0,In-Store
1424,2024-03-04,2239,39,Male,Philadelphia,2024-02-02,113,Coat,Outerwear,Brand D,180.0,1,180.0,In-Store
2807,2024-03-04,2427,27,Female,Chicago,2023-11-16,101,T-shirt,Clothing,Brand A,25.0,1,25.0,Online
3154,2024-03-04,2492,51,Female,San Antonio,2022-12-18,101,T-shirt,Clothing,Brand A,25.0,1,25.0,In-Store
3741,2024-03-04,2572,42,Female,San Diego,2021-05-11,113,Coat,Outerwear,Brand D,180.0,1,180.0,Online
4370,2024-03-05,2670,24,Male,Miami,2021-09-15,117,Scarf,Accessories,Brand E,18.0,2,36.0,Online
3380,2024-03-05,2524,40,Male,Houston,2021-03-25,115,Blazer,Outerwear,Brand A,130.0,1,130.0,In-Store
3935,2024-03-05,2603,24,Male,San Diego,2022-02-18,102,Jeans,Clothing,Brand B,75.0,1,75.0,Online
4539,2024-03-05,2698,53,Male,Phoenix,2022-04-08,112,Running Shoes,Footwear,Brand C,85.0,1,85.0,In-Store
2168,2024-03-05,2341,37,Female,Los Angeles,2021-02-26,113,Coat,Outerwear,Brand D,180.0,1,180.0,In-Store
2088,2024-03-05,2328,33,Male,Miami,2022-09-12,113,Coat,Outerwear,Brand D,180.0,1,180.0,In-Store
3507,2024-03-05,2544,25,Male,Philadelphia,2023-10-17,109,Shorts,Clothing,Brand E,30.0,1,30.0,Online
1298,2024-03-05,2220,59,Male,Phoenix,2023-09-29,102,Jeans,Clothing,Brand B,75.0,2,150.0,In-Store
4270,2024-03-05,2655,18,Female,Chicago,2021-02-09,116,Belt,Accessories,Brand A,20.0,3,60.0,Online
3883,2024-03-06,2594,32,Male,San Antonio,2021-05-06,109,Shorts,Clothing,Brand E,30.0,1,30.0,In-Store
1454,2024-03-06,2245,23,Female,Chicago,2021-07-05,117,Scarf,Accessories,Brand E,18.0,1,18.0,Online
4587,2024-03-07,2703,23,Male,Dallas,2023-09-06,105,Hat,Accessories,Brand E,22.5,1,22.5,Online
661,2024-03-07,2110,45,Female,San Antonio,2021-02-14,101,T-shirt,Clothing,Brand A,25.0,1,25.0,Online
5171,2024-03-07,2783,20,Female,Miami,2021-05-24,101,T-shirt,Clothing,Brand A,25.0,1,25.0,Online
837,2024-03-07,2145,46,Male,Houston,2021-09-09,116,Belt,Accessories,Brand A,20.0,1,20.0,In-Store
3020,2024-03-07,2463,24,Male,Chicago,2021-04-26,119,Sunglasses,Accessories,Brand C,45.0,1,45.0,In-Store
3640,2024-03-08,2560,23,Female,Los Angeles,2023-12-13,116,Belt,Accessories,Brand A,20.0,1,20.0,Online
4832,2024-03-08,2734,55,Male,Phoenix,2022-03-12,104,Jacket,Outerwear,Brand D,120.0,1,120.0,In-Store
2813,2024-03-08,2428,37,Female,San Antonio,2021-09-09,113,Coat,Outerwear,Brand D,180.0,1,180.0,Online
1909,2024-03-08,2305,55,Female,New York,2021-03-18,102,Jeans,Clothing,Brand B,75.0,1,75.0,In-Store
1051,2024-03-08,2178,54,Female,New York,2022-07-12,107,Dress,Clothing,Brand B,65.0,1,65.0,In-Store
547,2024-03-08,2096,37,Female,Houston,2022-12-22,119,Sunglasses,Accessories,Brand C,45.0,1,45.0,In-Store
2456,2024-03-08,2378,61,Male,New York,2021-09-16,113,Coat,Outerwear,Brand D,180.0,1,180.0,In-Store
1669,2024-03-09,2277,28,Male,Philadelphia,2023-03-16,118,Bag,Accessories,Brand B,60.0,4,240.0,Online
4023,2024-03-09,2616,54,Male,Houston,2021-09-04,112,Running Shoes,Footwear,Brand C,85.0,1,85.0,In-Store
4169,2024-03-09,2641,47,Male,Phoenix,2022-12-04,115,Blazer,Outerwear,Brand A,130.0,1,130.0,In-Store
188,2024-03-09,2040,28,Male,Houston,2023-04-03,104,Jacket,Outerwear,Brand D,120.0,1,120.0,Online
2019,2024-03-09,2321,22,Female,Phoenix,2023-06-30,106,Shirt,Clothing,Brand A,40.0,5,200.0,Online
2271,2024-03-09,2358,58,Female,Miami,2023-09-03,115,Blazer,Outerwear,Brand A,130.0,2,260.0,In-Store
3118,2024-03-09,2483,21,Male,Phoenix,2021-12-06,101,T-shirt,Clothing,Brand A,25.0,2,50.0,Online
4371,2024-03-10,2670,24,Male,Miami,2021-09-15,119,Sunglasses,Accessories,Brand C,45.0,1,45.0,In-Store
292,2024-03-10,2054,37,Male,Phoenix,2023-06-07,113,Coat,Outerwear,Brand D,180.0,1,180.0,Online
2837,2024-03-10,2431,42,Female,Phoenix,2021-03-15,113,Coat,Outerwear,Brand D,180.0,1,180.0,Online
3970,2024-03-10,2608,18,Male,New York,2022-09-28,102,Jeans,Clothing,Brand B,75.0,1,75.0,In-Store
2579,2024-03-10,2398,19,Male,San Antonio,2022-10-18,117,Scarf,Accessories,Brand E,18.0,1,18.0,Online
1457,2024-03-11,2246,56,Female,Houston,2021-08-05,111,Sandals,Footwear,Brand E,35.0,1,35.0,Online
1107,2024-03-11,2188,40,Female,Miami,2021-03-03,104,Jacket,Outerwear,Brand D,120.0,1,120.0,Online
2429,2024-03-11,2374,48,Female,San Diego,2021-06-29,106,Shirt,Clothing,Brand A,40.0,1,40.0,In-Store
2434,2024-03-11,2375,21,Male,New York,2023-12-22,109,Shorts,Clothing,Brand E,30.0,1,30.0,Online
1654,2024-03-11,2275,53,Male,San Diego,2021-09-28,109,Shorts,Clothing,Brand E,30.0,2,60.0,In-Store
819,2024-03-11,2138,59,Male,Phoenix,2023-04-10,116,Belt,Accessories,Brand A,20.0,1,20.0,In-Store
1386,2024-03-11,2232,50,Female,San Diego,2023-01-12,120,Cap,Accessories,Brand E,15.0,1,15.0,In-Store
1143,2024-03-11,2192,24,Female,Los Angeles,2023-03-29,102,Jeans,Clothing,Brand B,75.0,2,150.0,Online
3773,2024-03-11,2579,56,Female,Dallas,2022-09-21,120,Cap,Accessories,Brand E,15.0,1,15.0,In-Store
4024,2024-03-12,2616,54,Male,Houston,2021-09-04,101,T-shirt,Clothing,Brand A,25.0,1,25.0,In-Store
3629,2024-03-12,2558,55,Male,Dallas,2023-02-08,114,Parka,Outerwear,Brand B,150.0,2,300.0,In-Store
3860,2024-03-12,2590,32,Female,Phoenix,2023-03-16,107,Dress,Clothing,Brand B,65.0,1,65.0,In-Store
1219,2024-03-12,2207,53,Female,Phoenix,2023-10-28,117,Scarf,Accessories,Brand E,18.0,2,36.0,In-Store
1108,2024-03-12,2188,40,Female,Miami,2021-03-03,114,Parka,Outerwear,Brand B,150.0,1,150.0,Online
4968,2024-03-12,2750,20,Female,Los Angeles,2021-07-20,101,T-shirt,Clothing,Brand A,25.0,1,25.0,Online
4737,2024-03-12,2724,36,Male,Houston,2022-05-27,114,Parka,Outerwear,Brand B,150.0,1,150.0,In-Store
3369,2024-03-12,2523,35,Female,San Antonio,2021-08-03,113,Coat,Outerwear,Brand D,180.0,1,180.0,Online
2826,2024-03-12,2430,51,Female,New York,2021-01-08,107,Dress,Clothing,Brand B,65.0,2,130.0,In-Store
529,2024-03-12,2092,53,Female,Phoenix,2021-01-01,107,Dress,Clothing,Brand B,65.0,1,65.0,In-Store
225,2024-03-13,2045,42,Female,Los Angeles,2022-01-19,115,Blazer,Outerwear,Brand A,130.0,1,130.0,In-Store
468,2024-03-13,2085,21,Male,Phoenix,2021-03-18,109,Shorts,Clothing,Brand E,30.0,2,60.0,Online
3994,2024-03-13,2613,33,Female,San Diego,2023-06-09,113,Coat,Outerwear,Brand D,180.0,1,180.0,In-Store
2597,2024-03-13,2400,24,Male,New York,2023-07-31,117,Scarf,Accessories,Brand E,18.0,1,18.0,Online
2580,2024-03-14,2398,19,Male,San Antonio,2022-10-18,106,Shirt,Clothing,Brand A,40.0,2,80.0,Online
5197,2024-03-14,2786,25,Male,San Diego,2023-10-29,117,Scarf,Accessories,Brand E,18.0,1,18.0,Online
1369,2024-03-14,2230,36,Female,Philadelphia,2021-08-01,102,Jeans,Clothing,Brand B,75.0,1,75.0,Online
568,2024-03-14,2099,57,Female,Dallas,2024-03-03,113,Coat,Outerwear,Brand D,180.0,2,360.0,In-Store
3421,2024-03-14,2529,24,Female,Philadelphia,2021-07-12,119,Sunglasses,Accessories,Brand C,45.0,1,45.0,Online
247,2024-03-14,2049,23,Male,Phoenix,2022-07-21,116,Belt,Accessories,Brand A,20.0,2,40.0,Online
1768,2024-03-14,2291,19,Male,Philadelphia,2023-07-21,106,Shirt,Clothing,Brand A,40.0,1,40.0,Online
4423,2024-03-15,2677,40,Male,Los Angeles,2023-06-22,108,Hoodie,Clothing,Brand C,55.0,1,55.0,In-Store
1005,2024-03-15,2173,37,Female,Chicago,2021-09-15,115,Blazer,Outerwear,Brand A,130.0,2,260.0,Online
3525,2024-03-15,2545,37,Male,New York,2022-07-05,114,Parka,Outerwear,Brand B,150.0,1,150.0,In-Store
447,2024-03-15,2084,43,Female,Los Angeles,2023-09-16,113,Coat,Outerwear,Brand D,180.0,1,180.0,In-Store
4984,2024-03-15,2752,44,Male,Dallas,2022-04-10,114,Parka,Outerwear,Brand B,150.0,1,150.0,In-Store
1655,2024-03-15,2275,53,Male,San Diego,2021-09-28,108,Hoodie,Clothing,Brand C,55.0,1,55.0,In-Store
4179,2024-03-15,2642,52,Female,San Antonio,2021-03-19,102,Jeans,Clothing,Brand B,75.0,1,75.0,Online
605,2024-03-15,2102,26,Male,Dallas,2022-05-14,116,Belt,Accessories,Brand A,20.0,2,40.0,Online
2774,2024-03-16,2421,19,Male,Phoenix,2022-12-20,109,Shorts,Clothing,Brand E,30.0,1,30.0,Online
1184,2024-03-16,2201,51,Male,Dallas,2023-10-31,112,Running Shoes,Footwear,Brand C,85.0,1,85.0,In-Store
3947,2024-03-16,2605,51,Male,Miami,2023-10-16,101,T-shirt,Clothing,Brand A,25.0,1,25.0,In-Store
230,2024-03-17,2046,47,Female,Chicago,2024-02-20,113,Coat,Outerwear,Brand D,180.0,1,180.0,In-Store
1027,2024-03-17,2175,23,Male,Philadelphia,2021-06-01,106,Shirt,Clothing,Brand A,40.0,1,40.0,Online
4190,2024-03-17,2644,24,Female,Philadelphia,2024-02-17,108,Hoodie,Clothing,Brand C,55.0,1,55.0,In-Store
2030,2024-03-17,2322,25,Female,Houston,2023-05-28,101,T-shirt,Clothing,Brand A,25.0,2,50.0,Online
558,2024-03-17,2097,56,Male,Phoenix,2021-05-03,102,Jeans,Clothing,Brand B,75.0,1,75.0,In-Store
5198,2024-03-17,2786,25,Male,San Diego,2023-10-29,108,Hoodie,Clothing,Brand C,55.0,1,55.0,Online
3985,2024-03-17,2611,41,Male,Houston,2023-05-26,113,Coat,Outerwear,Brand D,180.0,1,180.0,In-Store
280,2024-03-18,2052,25,Male,Houston,2021-11-02,103,Sneakers,Footwear,Brand C,30.0,3,90.0,Online
4450,2024-03-18,2681,51,Male,Los Angeles,2024-03-16,110,Boots,Footwear,Brand D,110.0,1,110.0,In-Store
1552,2024-03-18,2258,38,Female,Miami,2021-03-15,114,Parka,Outerwear,Brand B,150.0,2,300.0,Online
3203,2024-03-18,2500,25,Male,Phoenix,2021-01-13,111,Sandals,Footwear,Brand E,35.0,2,70.0,Online
3774,2024-03-18,2579,56,Female,Dallas,2022-09-21,106,Shirt,Clothing,Brand A,40.0,1,40.0,In-Store
3917,2024-03-18,2602,63,Female,Phoenix,2021-01-22,104,Jacket,Outerwear,Brand D,120.0,1,120.0,In-Store
1685,2024-03-18,2278,37,Male,Philadelphia,2022-01-26,106,Shirt,Clothing,Brand A,40.0,1,40.0,In-Store
3234,2024-03-19,2504,50,Male,Dallas,2023-10-29,110,Boots,Footwear,Brand D,110.0,1,110.0,In-Store
2099,2024-03-19,2329,22,Male,Los Angeles,2023-07-03,108,Hoodie,Clothing,Brand C,55.0,2,110.0,Online
4372,2024-03-19,2670,24,Male,Miami,2021-09-15,109,Shorts,Clothing,Brand E,30.0,1,30.0,Online
3709,2024-03-19,2567,26,Male,Miami,2023-05-30,106,Shirt,Clothing,Brand A,40.0,1,40.0,In-Store
2506,2024-03-19,2389,30,Female,Los Angeles,2022-10-16,113,Coat,Outerwear,Brand D,180.0,1,180.0,In-Store
679,2024-03-19,2113,53,Male,Dallas,2023-01-22,115,Blazer,Outerwear,Brand A,130.0,1,130.0,In-Store
2838,2024-03-20,2431,42,Female,Phoenix,2021-03-15,109,Shorts,Clothing,Brand E,30.0,2,60.0,In-Store
3261,2024-03-20,2507,49,Male,Los Angeles,2024-03-08,114,Parka,Outerwear,Brand B,150.0,2,300.0,In-Store
1694,2024-03-20,2279,21,Female,Houston,2021-04-14,104,Jacket,Outerwear,Brand D,120.0,2,240.0,Online
1844,2024-03-21,2297,23,Female,Dallas,2021-05-17,103,Sneakers,Footwear,Brand C,30.0,2,60.0,Online
5199,2024-03-21,2786,25,Male,San Diego,2023-10-29,118,Bag,Accessories,Brand B,60.0,2,120.0,Online
4052,2024-03-21,2620,23,Female,Los Angeles,2023-08-14,101,T-shirt,Clothing,Brand A,25.0,1,25.0,Online
5152,2024-03-21,2780,35,Female,Chicago,2023-08-01,113,Coat,Outerwear,Brand D,180.0,1,180.0,In-Store
878,2024-03-21,2153,26,Female,Miami,2023-06-15,116,Belt,Accessories,Brand A,20.0,2,40.0,In-Store
1618,2024-03-21,2271,26,Male,Philadelphia,2021-09-27,102,Jeans,Clothing,Brand B,75.0,2,150.0,Online
978,2024-03-21,2170,55,Male,Miami,2023-05-25,114,Parka,Outerwear,Brand B,150.0,2,300.0,In-Store
376,2024-03-21,2072,20,Female,Chicago,2022-02-12,109,Shorts,Clothing,Brand E,30.0,1,30.0,Online
1951,2024-03-22,2309,38,Female,Miami,2023-11-21,113,Coat,Outerwear,Brand D,180.0,1,180.0,In-Store
2369,2024-03-22,2368,23,Female,Miami,2023-12-26,103,Sneakers,Footwear,Brand C,30.0,1,30.0,In-Store
4985,2024-03-22,2752,44,Male,Dallas,2022-04-10,105,Hat,Accessories,Brand E,22.5,1,22.5,In-Store
709,2024-03-22,2117,55,Male,Dallas,2023-04-19,103,Sneakers,Footwear,Brand C,30.0,1,30.0,In-Store
2285,2024-03-22,2360,64,Female,Houston,2022-11-14,106,Shirt,Clothing,Brand A,40.0,1,40.0,In-Store
3106,2024-03-22,2482,52,Male,Chicago,2022-03-27,111,Sandals,Footwear,Brand E,35.0,1,35.0,In-Store
3049,2024-03-22,2470,25,Female,New York,2023-07-24,109,Shorts,Clothing,Brand E,30.0,2,60.0,Online
4187,2024-03-23,2643,24,Female,Houston,2023-05-27,102,Jeans,Clothing,Brand B,75.0,1,75.0,In-Store
3957,2024-03-23,2606,38,Male,Los Angeles,2022-06-03,113,Coat,Outerwear,Brand D,180.0,1,180.0,Online
307,2024-03-23,2059,44,Female,Miami,2022-06-17,113,Coat,Outerwear,Brand D,180.0,1,180.0,Online
293,2024-03-23,2054,37,Male,Phoenix,2023-06-07,113,Coat,Outerwear,Brand D,180.0,1,180.0,In-Store
100,2024-03-23,2024,61,Male,Chicago,2021-02-04,106,Shirt,Clothing,Brand A,40.0,1,40.0,In-Store
3191,2024-03-23,2498,22,Female,Philadelphia,2022-08-17,116,Belt,Accessories,Brand A,20.0,1,20.0,Online
5280,2024-03-23,2795,38,Female,San Antonio,2021-04-25,114,Parka,Outerwear,Brand B,150.0,1,150.0,Online
1440,2024-03-23,2244,34,Female,Los Angeles,2023-11-05,113,Coat,Outerwear,Brand D,180.0,1,180.0,In-Store
3216,2024-03-23,2502,31,Female,San Diego,2021-02-09,113,Coat,Outerwear,Brand D,180.0,1,180.0,Online
4025,2024-03-23,2616,54,Male,Houston,2021-09-04,101,T-shirt,Clothing,Brand A,25.0,2,50.0,Online
3995,2024-03-23,2613,33,Female,San Diego,2023-06-09,114,Parka,Outerwear,Brand B,150.0,1,150.0,In-Store
2253,2024-03-24,2356,20,Female,Houston,2021-12-28,116,Belt,Accessories,Brand A,20.0,1,20.0,Online
1469,2024-03-24,2247,51,Female,San Diego,2022-05-11,114,Parka,Outerwear,Brand B,150.0,1,150.0,In-Store
4188,2024-03-24,2643,24,Female,Houston,2023-05-27,108,Hoodie,Clothing,Brand C,55.0,1,55.0,Online
3918,2024-03-24,2602,63,Female,Phoenix,2021-01-22,105,Hat,Accessories,Brand E,22.5,2,45.0,In-Store
4236,2024-03-24,2651,20,Female,Miami,2022-03-04,109,Shorts,Clothing,Brand E,30.0,1,30.0,Online
4402,2024-03-24,2673,19,Male,Houston,2021-12-12,117,Scarf,Accessories,Brand E,18.0,2,36.0,Online
1572,2024-03-24,2265,41,Male,San Diego,2021-04-06,113,Coat,Outerwear,Brand D,180.0,1,180.0,Online
1207,2024-03-24,2204,47,Male,Miami,2021-09-21,119,Sunglasses,Accessories,Brand C,45.0,1,45.0,In-Store
4355,2024-03-25,2669,42,Male,Philadelphia,2023-12-07,113,Coat,Outerwear,Brand D,180.0,1,180.0,In-Store
5066,2024-03-25,2766,46,Male,Houston,2023-07-08,109,Shorts,Clothing,Brand E,30.0,2,60.0,In-Store
698,2024-03-25,2115,21,Male,San Diego,2021-04-30,116,Belt,Accessories,Brand A,20.0,2,40.0,In-Store
3362,2024-03-25,2522,18,Female,San Diego,2023-06-29,111,Sandals,Footwear,Brand E,35.0,1,35.0,Online
1374,2024-03-25,2231,19,Male,New York,2022-08-06,111,Sandals,Footwear,Brand E,35.0,1,35.0,In-Store
4757,2024-03-25,2725,22,Male,Houston,2023-03-04,106,Shirt,Clothing,Brand A,40.0,1,40.0,Online
2880,2024-03-25,2439,57,Female,Los Angeles,2022-08-13,113,Coat,Outerwear,Brand D,180.0,1,180.0,In-Store
3142,2024-03-26,2486,33,Male,Los Angeles,2023-03-28,103,Sneakers,Footwear,Brand C,30.0,1,30.0,Online
838,2024-03-26,2145,46,Male,Houston,2021-09-09,119,Sunglasses,Accessories,Brand C,45.0,1,45.0,In-Store
281,2024-03-26,2052,25,Male,Houston,2021-11-02,105,Hat,Accessories,Brand E,22.5,2,45.0,In-Store
3810,2024-03-26,2584,55,Male,San Antonio,2021-10-26,106,Shirt,Clothing,Brand A,40.0,2,80.0,In-Store
4782,2024-03-26,2728,20,Female,Houston,2023-03-06,111,Sandals,Footwear,Brand E,35.0,2,70.0,Online
5225,2024-03-26,2788,40,Female,Phoenix,2023-05-07,107,Dress,Clothing,Brand B,65.0,1,65.0,Online
3540,2024-03-26,2547,25,Female,San Antonio,2023-05-18,108,Hoodie,Clothing,Brand C,55.0,2,110.0,Online
1342,2024-03-27,2226,22,Male,Chicago,2021-10-21,101,T-shirt,Clothing,Brand A,25.0,1,25.0,Online
3024,2024-03-27,2464,58,Female,Philadelphia,2022-01-10,115,Blazer,Outerwear,Brand A,130.0,1,130.0,In-Store
2827,2024-03-27,2430,51,Female,New York,2021-01-08,108,Hoodie,Clothing,Brand C,55.0,3,165.0,In-Store
5287,2024-03-27,2796,52,Female,Houston,2023-10-23,114,Parka,Outerwear,Brand B,150.0,1,150.0,In-Store
2996,2024-03-27,2458,47,Female,Phoenix,2023-10-13,112,Running Shoes,Footwear,Brand C,85.0,1,85.0,Online
4940,2024-03-27,2746,40,Male,Dallas,2021-12-14,114,Parka,Outerwear,Brand B,150.0,1,150.0,In-Store
908,2024-03-28,2158,41,Female,New York,2024-01-03,113,Coat,Outerwear,Brand D,180.0,2,360.0,In-Store
879,2024-03-28,2153,26,Female,Miami,2023-06-15,103,Sneakers,Footwear,Brand C,30.0,1,30.0,Online
2666,2024-03-28,2409,28,Female,Miami,2021-03-20,115,Blazer,Outerwear,Brand A,130.0,3,390.0,In-Store
1040,2024-03-28,2177,70,Female,Chicago,2022-04-20,101,T-shirt,Clothing,Brand A,25.0,3,75.0,In-Store
3235,2024-03-29,2504,50,Male,Dallas,2023-10-29,102,Jeans,Clothing,Brand B,75.0,1,75.0,In-Store
668,2024-03-29,2112,51,Female,Philadelphia,2023-12-08,108,Hoodie,Clothing,Brand C,55.0,1,55.0,In-Store
2863,2024-03-29,2438,47,Male,Miami,2022-05-12,104,Jacket,Outerwear,Brand D,120.0,1,120.0,In-Store
3092,2024-03-29,2477,41,Female,Philadelphia,2021-08-22,113,Coat,Outerwear,Brand D,180.0,1,180.0,In-Store
4950,2024-03-29,2749,41,Female,New York,2023-12-10,114,Parka,Outerwear,Brand B,150.0,1,150.0,Online
1394,2024-03-29,2233,28,Female,New York,2023-03-15,102,Jeans,Clothing,Brand B,75.0,2,150.0,Online
4138,2024-03-29,2635,52,Female,Philadelphia,2021-11-14,101,T-shirt,Clothing,Brand A,25.0,2,50.0,In-Store
1144,2024-03-30,2192,24,Female,Los Angeles,2023-03-29,116,Belt,Accessories,Brand A,20.0,1,20.0,Online
874,2024-03-30,2152,48,Male,Philadelphia,2022-10-17,106,Shirt,Clothing,Brand A,40.0,1,40.0,In-Store
4799,2024-03-30,2730,22,Male,San Antonio,2024-03-27,105,Hat,Accessories,Brand E,22.5,1,22.5,Online
3435,2024-03-30,2533,45,Male,New York,2022-08-29,105,Hat,Accessories,Brand E,22.5,1,22.5,In-Store
784,2024-03-30,2131,40,Female,Houston,2022-10-22,102,Jeans,Clothing,Brand B,75.0,2,150.0,Online
559,2024-03-30,2097,56,Male,Phoenix,2021-05-03,106,Shirt,Clothing,Brand A,40.0,2,80.0,In-Store
4413,2024-03-30,2675,23,Female,Chicago,2023-07-05,101,T-shirt,Clothing,Brand A,25.0,2,50.0,Online
1062,2024-03-30,2180,21,Male,Phoenix,2022-11-08,102,Jeans,Clothing,Brand B,75.0,1,75.0,Online
4386,2024-03-30,2672,49,Female,Chicago,2023-01-12,102,Jeans,Clothing,Brand B,75.0,1,75.0,In-Store
3775,2024-03-30,2579,56,Female,Dallas,2022-09-21,101,T-shirt,Clothing,Brand A,25.0,1,25.0,In-Store
5187,2024-03-30,2784,52,Male,Philadelphia,2021-11-18,103,Sneakers,Footwear,Brand C,30.0,1,30.0,In-Store
4324,2024-03-30,2664,27,Male,Phoenix,2021-03-06,107,Dress,Clothing,Brand B,65.0,1,65.0,Online
3050,2024-03-30,2470,25,Female,New York,2023-07-24,102,Jeans,Clothing,Brand B,75.0,2,150.0,In-Store
2128,2024-03-30,2337,23,Male,New York,2023-08-21,105,Hat,Accessories,Brand E,22.5,1,22.5,Online
3262,2024-03-31,2507,49,Male,Los Angeles,2024-03-08,102,Jeans,Clothing,Brand B,75.0,2,150.0,In-Store
4387,2024-03-31,2672,49,Female,Chicago,2023-01-12,113,Coat,Outerwear,Brand D,180.0,1,180.0,In-Store
2691,2024-03-31,2411,45,Male,Chicago,2021-04-28,107,Dress,Clothing,Brand B,65.0,1,65.0,In-Store
1212,2024-04-01,2205,42,Male,Dallas,2023-10-14,110,Boots,Footwear,Brand D,110.0,1,110.0,In-Store
4930,2024-04-01,2745,18,Male,Miami,2022-12-02,119,Sunglasses,Accessories,Brand C,45.0,1,45.0,Online
5172,2024-04-01,2783,20,Female,Miami,2021-05-24,120,Cap,Accessories,Brand E,15.0,2,30.0,Online
377,2024-04-02,2072,20,Female,Chicago,2022-02-12,118,Bag,Accessories,Brand B,60.0,1,60.0,Online
5052,2024-04-02,2764,48,Male,San Antonio,2021-05-16,102,Jeans,Clothing,Brand B,75.0,1,75.0,In-Store
412,2024-04-02,2075,38,Female,Miami,2022-05-11,114,Parka,Outerwear,Brand B,150.0,1,150.0,In-Store
5094,2024-04-02,2770,26,Male,Chicago,2022-05-19,101,T-shirt,Clothing,Brand A,25.0,1,25.0,Online
513,2024-04-03,2090,58,Male,San Antonio,2022-07-15,115,Blazer,Outerwear,Brand A,130.0,2,260.0,In-Store
2728,2024-04-03,2414,21,Male,San Diego,2022-04-11,120,Cap,Accessories,Brand E,15.0,1,15.0,In-Store
1052,2024-04-03,2178,54,Female,New York,2022-07-12,109,Shorts,Clothing,Brand E,30.0,1,30.0,In-Store
1897,2024-04-03,2301,27,Male,New York,2023-05-11,120,Cap,Accessories,Brand E,15.0,1,15.0,In-Store
762,2024-04-03,2128,19,Male,Chicago,2022-06-21,116,Belt,Accessories,Brand A,20.0,1,20.0,Online
3422,2024-04-03,2529,24,Female,Philadelphia,2021-07-12,111,Sandals,Footwear,Brand E,35.0,1,35.0,In-Store
4078,2024-04-03,2623,24,Male,Philadelphia,2021-12-29,116,Belt,Accessories,Brand A,20.0,3,60.0,Online
3669,2024-04-03,2562,20,Male,New York,2021-09-10,117,Scarf,Accessories,Brand E,18.0,1,18.0,Online
4212,2024-04-04,2648,34,Female,Phoenix,2023-10-28,119,Sunglasses,Accessories,Brand C,45.0,1,45.0,In-Store
4475,2024-04-04,2683,20,Male,Miami,2022-03-13,109,Shorts,Clothing,Brand E,30.0,2,60.0,Online
4170,2024-04-04,2641,47,Male,Phoenix,2022-12-04,114,Parka,Outerwear,Brand B,150.0,1,150.0,Online
5200,2024-04-04,2786,25,Male,San Diego,2023-10-29,101,T-shirt,Clothing,Brand A,25.0,1,25.0,Online
2435,2024-04-04,2375,21,Male,New York,2023-12-22,120,Cap,Accessories,Brand E,15.0,2,30.0,In-Store
1366,2024-04-04,2229,30,Female,Miami,2024-01-29,106,Shirt,Clothing,Brand A,40.0,1,40.0,Online
4403,2024-04-05,2673,19,Male,Houston,2021-12-12,117,Scarf,Accessories,Brand E,18.0,2,36.0,Online
4870,2024-04-05,2737,20,Male,Philadelphia,2023-04-17,103,Sneakers,Footwear,Brand C,30.0,2,60.0,Online
1731,2024-04-05,2286,43,Female,Phoenix,2022-03-11,115,Blazer,Outerwear,Brand A,130.0,1,130.0,In-Store
2472,2024-04-05,2380,69,Male,Los Angeles,2022-12-28,113,Coat,Outerwear,Brand D,180.0,1,180.0,In-Store
1939,2024-04-06,2307,52,Female,Dallas,2022-12-16,118,Bag,Accessories,Brand B,60.0,1,60.0,In-Store
4593,2024-04-06,2704,38,Female,Los Angeles,2024-04-02,102,Jeans,Clothing,Brand B,75.0,1,75.0,In-Store
3423,2024-04-06,2529,24,Female,Philadelphia,2021-07-12,116,Belt,Accessories,Brand A,20.0,2,40.0,Online
1153,2024-04-06,2193,55,Female,Miami,2023-02-23,107,Dress,Clothing,Brand B,65.0,1,65.0,In-Store
1145,2024-04-06,2192,24,Female,Los Angeles,2023-03-29,112,Running Shoes,Footwear,Brand C,85.0,2,170.0,Online
5160,2024-04-06,2782,52,Male,Philadelphia,2024-01-11,110,Boots,Footwear,Brand D,110.0,2,220.0,In-Store
2430,2024-04-06,2374,48,Female,San Diego,2021-06-29,101,T-shirt,Clothing,Brand A,25.0,1,25.0,In-Store
4133,2024-04-06,2634,38,Female,Philadelphia,2021-04-07,117,Scarf,Accessories,Brand E,18.0,1,18.0,Online
2463,2024-04-06,2379,54,Male,Dallas,2022-01-10,112,Running Shoes,Footwear,Brand C,85.0,1,85.0,Online
497,2024-04-06,2088,26,Female,San Diego,2022-08-05,111,Sandals,Footwear,Brand E,35.0,1,35.0,Online
1769,2024-04-06,2291,19,Male,Philadelphia,2023-07-21,105,Hat,Accessories,Brand E,22.5,2,45.0,Online
5173,2024-04-07,2783,20,Female,Miami,2021-05-24,103,Sneakers,Footwear,Brand C,30.0,2,60.0,Online
929,2024-04-07,2161,33,Male,Philadelphia,2022-09-13,113,Coat,Outerwear,Brand D,180.0,1,180.0,Online
3363,2024-04-07,2522,18,Female,San Diego,2023-06-29,106,Shirt,Clothing,Brand A,40.0,1,40.0,Online
4373,2024-04-07,2670,24,Male,Miami,2021-09-15,109,Shorts,Clothing,Brand E,30.0,2,60.0,Online
1507,2024-04-08,2254,57,Female,Philadelphia,2023-12-28,113,Coat,Outerwear,Brand D,180.0,1,180.0,Online
2244,2024-04-08,2355,54,Male,New York,2021-03-10,104,Jacket,Outerwear,Brand D,120.0,1,120.0,Online
1299,2024-04-08,2220,59,Male,Phoenix,2023-09-29,109,Shorts,Clothing,Brand E,30.0,1,30.0,In-Store
1285,2024-04-08,2218,34,Male,Los Angeles,2021-04-07,117,Scarf,Accessories,Brand E,18.0,1,18.0,Online
5140,2024-04-08,2778,40,Female,San Diego,2021-11-02,107,Dress,Clothing,Brand B,65.0,1,65.0,In-Store
114,2024-04-08,2027,31,Male,Phoenix,2021-06-20,105,Hat,Accessories,Brand E,22.5,1,22.5,In-Store
530,2024-04-08,2092,53,Female,Phoenix,2021-01-01,113,Coat,Outerwear,Brand D,180.0,1,180.0,In-Store
2485,2024-04-08,2381,47,Female,New York,2023-07-09,114,Parka,Outerwear,Brand B,150.0,2,300.0,In-Store
3552,2024-04-08,2548,26,Female,Los Angeles,2021-04-15,108,Hoodie,Clothing,Brand C,55.0,1,55.0,Online
1656,2024-04-08,2275,53,Male,San Diego,2021-09-28,101,T-shirt,Clothing,Brand A,25.0,1,25.0,In-Store
2446,2024-04-08,2376,41,Female,Philadelphia,2023-09-23,107,Dress,Clothing,Brand B,65.0,2,130.0,In-Store
3958,2024-04-08,2606,38,Male,Los Angeles,2022-06-03,113,Coat,Outerwear,Brand D,180.0,1,180.0,Online
763,2024-04-09,2128,19,Male,Chicago,2022-06-21,116,Belt,Accessories,Brand A,20.0,1,20.0,Online
1605,2024-04-09,2270,57,Male,Los Angeles,2021-11-23,109,Shorts,Clothing,Brand E,30.0,1,30.0,In-Store
298,2024-04-09,2055,40,Female,Chicago,2023-10-25,116,Belt,Accessories,Brand A,20.0,2,40.0,Online
2436,2024-04-09,2375,21,Male,New York,2023-12-22,105,Hat,Accessories,Brand E,22.5,2,45.0,Online
4738,2024-04-09,2724,36,Male,Houston,2022-05-27,114,Parka,Outerwear,Brand B,150.0,1,150.0,Online
970,2024-04-09,2168,40,Male,Phoenix,2022-02-06,101,T-shirt,Clothing,Brand A,25.0,1,25.0,Online
3107,2024-04-09,2482,52,Male,Chicago,2022-03-27,108,Hoodie,Clothing,Brand C,55.0,1,55.0,In-Store
3177,2024-04-09,2495,34,Female,Los Angeles,2023-02-25,111,Sandals,Footwear,Brand E,35.0,1,35.0,Online
4418,2024-04-09,2676,34,Female,New York,2024-02-01,115,Blazer,Outerwear,Brand A,130.0,1,130.0,In-Store
3217,2024-04-10,2502,31,Female,San Diego,2021-02-09,114,Parka,Outerwear,Brand B,150.0,1,150.0,In-Store
3526,2024-04-10,2545,37,Male,New York,2022-07-05,113,Coat,Outerwear,Brand D,180.0,1,180.0,In-Store
4446,2024-04-10,2679,28,Male,Miami,2022-10-05,114,Parka,Outerwear,Brand B,150.0,1,150.0,In-Store
2816,2024-04-11,2429,27,Male,Houston,2024-03-07,101,T-shirt,Clothing,Brand A,25.0,1,25.0,Online
2297,2024-04-11,2361,19,Female,San Antonio,2023-02-27,108,Hoodie,Clothing,Brand C,55.0,2,110.0,Online
2003,2024-04-11,2319,22,Female,San Antonio,2023-11-23,117,Scarf,Accessories,Brand E,18.0,2,36.0,Online
3485,2024-04-11,2541,20,Female,Philadelphia,2023-05-06,101,T-shirt,Clothing,Brand A,25.0,2,50.0,Online
1825,2024-04-11,2296,48,Male,Dallas,2021-11-30,107,Dress,Clothing,Brand B,65.0,1,65.0,In-Store
4325,2024-04-11,2664,27,Male,Phoenix,2021-03-06,103,Sneakers,Footwear,Brand C,30.0,4,120.0,Online
727,2024-04-11,2121,41,Female,Chicago,2022-05-05,115,Blazer,Outerwear,Brand A,130.0,1,130.0,Online
1553,2024-04-12,2258,38,Female,Miami,2021-03-15,114,Parka,Outerwear,Brand B,150.0,1,150.0,In-Store
4353,2024-04-12,2668,52,Female,Chicago,2023-08-06,107,Dress,Clothing,Brand B,65.0,2,130.0,In-Store
3719,2024-04-12,2568,36,Female,Philadelphia,2022-09-08,114,Parka,Outerwear,Brand B,150.0,1,150.0,Online
5193,2024-04-12,2785,65,Male,Phoenix,2023-12-24,116,Belt,Accessories,Brand A,20.0,2,40.0,Online
2146,2024-04-12,2338,42,Female,New York,2023-09-18,110,Boots,Footwear,Brand D,110.0,1,110.0,In-Store
718,2024-04-13,2118,51,Male,Los Angeles,2022-11-15,119,Sunglasses,Accessories,Brand C,45.0,1,45.0,Online
4414,2024-04-13,2675,23,Female,Chicago,2023-07-05,106,Shirt,Clothing,Brand A,40.0,1,40.0,Online
1387,2024-04-13,2232,50,Female,San Diego,2023-01-12,120,Cap,Accessories,Brand E,15.0,2,30.0,In-Store
3531,2024-04-13,2546,55,Male,Philadelphia,2023-12-25,113,Coat,Outerwear,Brand D,180.0,1,180.0,In-Store
2658,2024-04-13,2408,19,Male,San Diego,2021-03-12,116,Belt,Accessories,Brand A,20.0,1,20.0,Online
1874,2024-04-13,2298,20,Male,Chicago,2021-07-27,101,T-shirt,Clothing,Brand A,25.0,4,100.0,Online
2359,2024-04-13,2367,19,Female,San Diego,2021-06-02,105,Hat,Accessories,Brand E,22.5,3,67.5,Online
335,2024-04-14,2069,18,Male,Chicago,2023-11-18,107,Dress,Clothing,Brand B,65.0,1,65.0,Online
5053,2024-04-14,2764,48,Male,San Antonio,2021-05-16,115,Blazer,Outerwear,Brand A,130.0,1,130.0,In-Store
5336,2024-04-14,2805,40,Female,Dallas,2023-07-07,105,Hat,Accessories,Brand E,22.5,1,22.5,In-Store
4244,2024-04-14,2652,21,Male,Philadelphia,2022-10-19,117,Scarf,Accessories,Brand E,18.0,2,36.0,In-Store
1286,2024-04-15,2218,34,Male,Los Angeles,2021-04-07,119,Sunglasses,Accessories,Brand C,45.0,1,45.0,Online
54,2024-04-15,2019,40,Male,Philadelphia,2024-02-04,105,Hat,Accessories,Brand E,22.5,1,22.5,Online
4512,2024-04-15,2693,42,Female,Los Angeles,2021-12-16,113,Coat,Outerwear,Brand D,180.0,1,180.0,Online
16,2024-04-15,2010,49,Female,Dallas,2023-10-16,106,Shirt,Clothing,Brand A,40.0,1,40.0,In-Store
189,2024-04-15,2040,28,Male,Houston,2023-04-03,114,Parka,Outerwear,Brand B,150.0,1,150.0,In-Store
396,2024-04-15,2074,21,Female,San Antonio,2022-08-20,111,Sandals,Footwear,Brand E,35.0,2,70.0,In-Store
764,2024-04-15,2128,19,Male,Chicago,2022-06-21,106,Shirt,Clothing,Brand A,40.0,2,80.0,Online
5265,2024-04-16,2793,30,Female,San Antonio,2022-10-23,113,Coat,Outerwear,Brand D,180.0,1,180.0,In-Store
979,2024-04-16,2170,55,Male,Miami,2023-05-25,104,Jacket,Outerwear,Brand D,120.0,1,120.0,In-Store
942,2024-04-16,2163,35,Male,Miami,2021-06-07,113,Coat,Outerwear,Brand D,180.0,2,360.0,Online
2598,2024-04-16,2400,24,Male,New York,2023-07-31,117,Scarf,Accessories,Brand E,18.0,1,18.0,Online
76,2024-04-16,2021,36,Male,Dallas,2021-01-02,108,Hoodie,Clothing,Brand C,55.0,2,110.0,In-Store
1185,2024-04-16,2201,51,Male,Dallas,2023-10-31,113,Coat,Outerwear,Brand D,180.0,1,180.0,In-Store
3607,2024-04-16,2553,22,Male,Chicago,2022-08-23,117,Scarf,Accessories,Brand E,18.0,1,18.0,Online
3959,2024-04-17,2606,38,Male,Los Angeles,2022-06-03,113,Coat,Outerwear,Brand D,180.0,1,180.0,Online
880,2024-04-17,2153,26,Female,Miami,2023-06-15,103,Sneakers,Footwear,Brand C,30.0,2,60.0,Online
13,2024-04-17,2009,26,Male,San Diego,2024-01-13,118,Bag,Accessories,Brand B,60.0,1,60.0,In-Store
5188,2024-04-17,2784,52,Male,Philadelphia,2021-11-18,101,T-shirt,Clothing,Brand A,25.0,1,25.0,In-Store
4427,2024-04-17,2678,64,Male,San Antonio,2023-12-27,103,Sneakers,Footwear,Brand C,30.0,1,30.0,Online
2988,2024-04-17,2455,19,Male,Philadelphia,2021-11-15,117,Scarf,Accessories,Brand E,18.0,1,18.0,Online
444,2024-04-17,2083,41,Male,New York,2022-12-17,113,Coat,Outerwear,Brand D,180.0,1,180.0,Online
4129,2024-04-18,2633,47,Male,San Diego,2023-03-26,115,Blazer,Outerwear,Brand A,130.0,1,130.0,In-Store
2437,2024-04-18,2375,21,Male,New York,2023-12-22,111,Sandals,Footwear,Brand E,35.0,1,35.0,Online
248,2024-04-18,2049,23,Male,Phoenix,2022-07-21,117,Scarf,Accessories,Brand E,18.0,1,18.0,In-Store
3794,2024-04-18,2582,25,Male,Los Angeles,2021-05-30,101,T-shirt,Clothing,Brand A,25.0,1,25.0,In-Store
2957,2024-04-18,2451,43,Female,San Diego,2022-11-12,113,Coat,Outerwear,Brand D,180.0,1,180.0,Online
2414,2024-04-18,2371,22,Female,San Diego,2023-02-16,120,Cap,Accessories,Brand E,15.0,1,15.0,In-Store
84,2024-04-18,2022,36,Male,Chicago,2021-05-20,113,Coat,Outerwear,Brand D,180.0,1,180.0,In-Store
426,2024-04-18,2080,22,Female,Miami,2023-04-28,116,Belt,Accessories,Brand A,20.0,3,60.0,Online
108,2024-04-18,2026,42,Male,San Antonio,2021-07-12,113,Coat,Outerwear,Brand D,180.0,1,180.0,Online
3460,2024-04-19,2536,51,Male,Miami,2022-07-27,108,Hoodie,Clothing,Brand C,55.0,2,110.0,In-Store
3030,2024-04-19,2466,20,Female,Houston,2023-04-27,113,Coat,Outerwear,Brand D,180.0,1,180.0,Online
2370,2024-04-19,2368,23,Female,Miami,2023-12-26,108,Hoodie,Clothing,Brand C,55.0,1,55.0,In-Store
2515,2024-04-19,2390,26,Male,San Diego,2021-08-27,119,Sunglasses,Accessories,Brand C,45.0,1,45.0,Online
3370,2024-04-19,2523,35,Female,San Antonio,2021-08-03,113,Coat,Outerwear,Brand D,180.0,1,180.0,Online
85,2024-04-19,2022,36,Male,Chicago,2021-05-20,113,Coat,Outerwear,Brand D,180.0,1,180.0,Online
63,2024-04-19,2020,21,Female,San Diego,2023-03-08,118,Bag,Accessories,Brand B,60.0,1,60.0,Online
3168,2024-04-19,2494,67,Male,Dallas,2023-05-25,106,Shirt,Clothing,Brand A,40.0,1,40.0,In-Store
1416,2024-04-20,2236,21,Male,Houston,2022-10-24,106,Shirt,Clothing,Brand A,40.0,2,80.0,Online
2864,2024-04-20,2438,47,Male,Miami,2022-05-12,109,Shorts,Clothing,Brand E,30.0,1,30.0,In-Store
1308,2024-04-20,2222,42,Male,Dallas,2022-01-17,113,Coat,Outerwear,Brand D,180.0,1,180.0,In-Store
14,2024-04-20,2009,26,Male,San Diego,2024-01-13,105,Hat,Accessories,Brand E,22.5,1,22.5,In-Store
5281,2024-04-20,2795,38,Female,San Antonio,2021-04-25,113,Coat,Outerwear,Brand D,180.0,1,180.0,In-Store
5054,2024-04-20,2764,48,Male,San Antonio,2021-05-16,117,Scarf,Accessories,Brand E,18.0,1,18.0,In-Store
1725,2024-04-20,2285,35,Male,San Antonio,2023-10-07,106,Shirt,Clothing,Brand A,40.0,1,40.0,In-Store
2066,2024-04-20,2325,18,Male,Miami,2023-06-29,110,Boots,Footwear,Brand D,110.0,2,220.0,Online
2235,2024-04-20,2352,34,Male,Miami,2021-03-27,114,Parka,Outerwear,Brand B,150.0,1,150.0,Online
1264,2024-04-20,2214,47,Female,Phoenix,2023-11-16,107,Dress,Clothing,Brand B,65.0,1,65.0,In-Store
4631,2024-04-21,2712,21,Male,Dallas,2021-06-23,103,Sneakers,Footwear,Brand C,30.0,1,30.0,Online
3031,2024-04-21,2466,20,Female,Houston,2023-04-27,101,T-shirt,Clothing,Brand A,25.0,3,75.0,Online
4419,2024-04-21,2676,34,Female,New York,2024-02-01,113,Coat,Outerwear,Brand D,180.0,1,180.0,Online
3508,2024-04-21,2544,25,Male,Philadelphia,2023-10-17,109,Shorts,Clothing,Brand E,30.0,2,60.0,Online
5331,2024-04-22,2804,20,Female,Dallas,2023-05-19,106,Shirt,Clothing,Brand A,40.0,3,120.0,Online
2507,2024-04-22,2389,30,Female,Los Angeles,2022-10-16,113,Coat,Outerwear,Brand D,180.0,1,180.0,Online
4921,2024-04-22,2744,26,Male,Philadelphia,2023-03-22,120,Cap,Accessories,Brand E,15.0,3,45.0,Online
5055,2024-04-22,2764,48,Male,San Antonio,2021-05-16,106,Shirt,Clothing,Brand A,40.0,2,80.0,In-Store
2245,2024-04-22,2355,54,Male,New York,2021-03-10,103,Sneakers,Footwear,Brand C,30.0,2,60.0,In-Store
4700,2024-04-22,2720,20,Female,Miami,2023-08-06,117,Scarf,Accessories,Brand E,18.0,1,18.0,In-Store
514,2024-04-23,2090,58,Male,San Antonio,2022-07-15,102,Jeans,Clothing,Brand B,75.0,1,75.0,In-Store
2457,2024-04-23,2378,61,Male,New York,2021-09-16,109,Shorts,Clothing,Brand E,30.0,1,30.0,In-Store
4180,2024-04-23,2642,52,Female,San Antonio,2021-03-19,109,Shorts,Clothing,Brand E,30.0,1,30.0,In-Store
5189,2024-04-24,2784,52,Male,Philadelphia,2021-11-18,110,Boots,Footwear,Brand D,110.0,1,110.0,In-Store
45,2024-04-24,2014,38,Female,Phoenix,2021-05-29,119,Sunglasses,Accessories,Brand C,45.0,1,45.0,In-Store
1030,2024-04-24,2176,39,Male,San Diego,2023-05-29,113,Coat,Outerwear,Brand D,180.0,1,180.0,In-Store
2129,2024-04-24,2337,23,Male,New York,2023-08-21,103,Sneakers,Footwear,Brand C,30.0,1,30.0,Online
3005,2024-04-24,2460,56,Female,San Diego,2021-04-05,101,T-shirt,Clothing,Brand A,25.0,1,25.0,In-Store
336,2024-04-24,2069,18,Male,Chicago,2023-11-18,120,Cap,Accessories,Brand E,15.0,3,45.0,Online
2793,2024-04-24,2424,20,Female,Chicago,2023-05-31,106,Shirt,Clothing,Brand A,40.0,2,80.0,In-Store
5157,2024-04-24,2781,21,Female,Philadelphia,2023-04-13,116,Belt,Accessories,Brand A,20.0,1,20.0,Online
3302,2024-04-24,2515,23,Female,San Antonio,2022-03-31,109,Shorts,Clothing,Brand E,30.0,1,30.0,In-Store
2371,2024-04-24,2368,23,Female,Miami,2023-12-26,105,Hat,Accessories,Brand E,22.5,1,22.5,Online
4326,2024-04-24,2664,27,Male,Phoenix,2021-03-06,103,Sneakers,Footwear,Brand C,30.0,1,30.0,Online
4053,2024-04-25,2620,23,Female,Los Angeles,2023-08-14,120,Cap,Accessories,Brand E,15.0,2,30.0,Online
3765,2024-04-25,2577,35,Male,San Antonio,2022-04-24,104,Jacket,Outerwear,Brand D,120.0,1,120.0,Online
5337,2024-04-25,2805,40,Female,Dallas,2023-07-07,116,Belt,Accessories,Brand A,20.0,1,20.0,Online
644,2024-04-25,2109,21,Female,New York,2022-04-01,106,Shirt,Clothing,Brand A,40.0,1,40.0,Online
3093,2024-04-25,2477,41,Female,Philadelphia,2021-08-22,113,Coat,Outerwear,Brand D,180.0,1,180.0,Online
1686,2024-04-25,2278,37,Male,Philadelphia,2022-01-26,114,Parka,Outerwear,Brand B,150.0,1,150.0,In-Store
2372,2024-04-26,2368,23,Female,Miami,2023-12-26,101,T-shirt,Clothing,Brand A,25.0,1,25.0,Online
2318,2024-04-26,2363,20,Female,Philadelphia,2022-11-03,108,Hoodie,Clothing,Brand C,55.0,2,110.0,Online
1354,2024-04-26,2228,55,Male,Los Angeles,2023-03-06,102,Jeans,Clothing,Brand B,75.0,1,75.0,Online
4659,2024-04-27,2715,37,Female,New York,2023-08-07,105,Hat,Accessories,Brand E,22.5,1,22.5,In-Store
4139,2024-04-27,2635,52,Female,Philadelphia,2021-11-14,102,Jeans,Clothing,Brand B,75.0,1,75.0,In-Store
1146,2024-04-27,2192,24,Female,Los Angeles,2023-03-29,103,Sneakers,Footwear,Brand C,30.0,1,30.0,Online
4726,2024-04-27,2723,39,Female,Phoenix,2021-02-27,114,Parka,Outerwear,Brand B,150.0,1,150.0,Online
294,2024-04-28,2054,37,Male,Phoenix,2023-06-07,115,Blazer,Outerwear,Brand A,130.0,1,130.0,In-Store
2106,2024-04-28,2333,25,Female,Phoenix,2024-02-12,112,Running Shoes,Footwear,Brand C,85.0,1,85.0,Online
3861,2024-04-28,2590,32,Female,Phoenix,2023-03-16,113,Coat,Outerwear,Brand D,180.0,1,180.0,Online
4878,2024-04-28,2739,27,Female,Los Angeles,2024-02-15,106,Shirt,Clothing,Brand A,40.0,4,160.0,Online
4770,2024-04-28,2727,23,Female,San Diego,2021-10-09,116,Belt,Accessories,Brand A,20.0,1,20.0,Online
1213,2024-04-28,2205,42,Male,Dallas,2023-10-14,104,Jacket,Outerwear,Brand D,120.0,1,120.0,Online
2729,2024-04-29,2414,21,Male,San Diego,2022-04-11,110,Boots,Footwear,Brand D,110.0,1,110.0,Online
930,2024-04-29,2161,33,Male,Philadelphia,2022-09-13,114,Parka,Outerwear,Brand B,150.0,1,150.0,In-Store
728,2024-04-29,2121,41,Female,Chicago,2022-05-05,104,Jacket,Outerwear,Brand D,120.0,1,120.0,Online
2182,2024-04-29,2342,21,Male,Los Angeles,2021-08-07,120,Cap,Accessories,Brand E,15.0,2,30.0,Online
4809,2024-04-29,2731,22,Male,Los Angeles,2022-03-22,116,Belt,Accessories,Brand A,20.0,2,40.0,Online
5266,2024-04-29,2793,30,Female,San Antonio,2022-10-23,104,Jacket,Outerwear,Brand D,120.0,1,120.0,Online
1324,2024-04-29,2223,43,Female,Los Angeles,2022-01-08,114,Parka,Outerwear,Brand B,150.0,2,300.0,Online
3986,2024-04-29,2611,41,Male,Houston,2023-05-26,112,Running Shoes,Footwear,Brand C,85.0,1,85.0,In-Store
2159,2024-04-29,2340,27,Male,Los Angeles,2022-04-26,111,Sandals,Footwear,Brand E,35.0,3,105.0,In-Store
4476,2024-04-29,2684,19,Male,San Diego,2024-03-17,101,T-shirt,Clothing,Brand A,25.0,1,25.0,In-Store
3461,2024-04-29,2536,51,Male,Miami,2022-07-27,102,Jeans,Clothing,Brand B,75.0,1,75.0,In-Store
1919,2024-04-30,2306,35,Male,Chicago,2023-07-12,114,Parka,Outerwear,Brand B,150.0,1,150.0,In-Store
5002,2024-04-30,2755,41,Female,Los Angeles,2021-04-13,108,Hoodie,Clothing,Brand C,55.0,1,55.0,In-Store
1508,2024-04-30,2254,57,Female,Philadelphia,2023-12-28,106,Shirt,Clothing,Brand A,40.0,1,40.0,In-Store
3303,2024-04-30,2515,23,Female,San Antonio,2022-03-31,109,Shorts,Clothing,Brand E,30.0,1,30.0,Online
5030,2024-04-30,2761,22,Female,Dallas,2022-07-10,105,Hat,Accessories,Brand E,22.5,1,22.5,Online
5324,2024-04-30,2802,24,Female,San Antonio,2021-06-18,101,T-shirt,Clothing,Brand A,25.0,2,50.0,Online
699,2024-04-30,2115,21,Male,San Diego,2021-04-30,107,Dress,Clothing,Brand B,65.0,1,65.0,Online
1154,2024-04-30,2193,55,Female,Miami,2023-02-23,102,Jeans,Clothing,Brand B,75.0,1,75.0,In-Store
729,2024-04-30,2121,41,Female,Chicago,2022-05-05,115,Blazer,Outerwear,Brand A,130.0,1,130.0,Online
1182,2024-04-30,2200,42,Male,New York,2021-06-07,113,Coat,Outerwear,Brand D,180.0,1,180.0,Online
5174,2024-04-30,2783,20,Female,Miami,2021-05-24,111,Sandals,Footwear,Brand E,35.0,1,35.0,Online
839,2024-05-01,2145,46,Male,Houston,2021-09-09,102,Jeans,Clothing,Brand B,75.0,2,150.0,In-Store
2373,2024-05-01,2368,23,Female,Miami,2023-12-26,105,Hat,Accessories,Brand E,22.5,1,22.5,Online
378,2024-05-01,2072,20,Female,Chicago,2022-02-12,105,Hat,Accessories,Brand E,22.5,3,67.5,In-Store
469,2024-05-01,2085,21,Male,Phoenix,2021-03-18,117,Scarf,Accessories,Brand E,18.0,1,18.0,In-Store
4701,2024-05-01,2720,20,Female,Miami,2023-08-06,105,Hat,Accessories,Brand E,22.5,1,22.5,Online
1584,2024-05-01,2268,25,Male,New York,2024-04-09,105,Hat,Accessories,Brand E,22.5,2,45.0,Online
1494,2024-05-01,2252,62,Female,San Diego,2022-03-10,113,Coat,Outerwear,Brand D,180.0,1,180.0,In-Store
4887,2024-05-02,2740,57,Male,Dallas,2022-06-25,102,Jeans,Clothing,Brand B,75.0,1,75.0,In-Store
3424,2024-05-02,2529,24,Female,Philadelphia,2021-07-12,109,Shorts,Clothing,Brand E,30.0,1,30.0,Online
2286,2024-05-02,2360,64,Female,Houston,2022-11-14,110,Boots,Footwear,Brand D,110.0,1,110.0,Online
1309,2024-05-02,2222,42,Male,Dallas,2022-01-17,115,Blazer,Outerwear,Brand A,130.0,1,130.0,In-Store
3646,2024-05-02,2561,23,Female,Phoenix,2024-03-08,109,Shorts,Clothing,Brand E,30.0,2,60.0,Online
1759,2024-05-02,2289,45,Male,Los Angeles,2021-07-31,102,Jeans,Clothing,Brand B,75.0,1,75.0,In-Store
881,2024-05-02,2153,26,Female,Miami,2023-06-15,117,Scarf,Accessories,Brand E,18.0,3,54.0,Online
1006,2024-05-02,2173,37,Female,Chicago,2021-09-15,116,Belt,Accessories,Brand A,20.0,1,20.0,In-Store
2160,2024-05-02,2340,27,Male,Los Angeles,2022-04-26,105,Hat,Accessories,Brand E,22.5,2,45.0,In-Store
4207,2024-05-02,2647,67,Female,Phoenix,2022-06-10,104,Jacket,Outerwear,Brand D,120.0,1,120.0,In-Store
4771,2024-05-02,2727,23,Female,San Diego,2021-10-09,101,T-shirt,Clothing,Brand A,25.0,2,50.0,Online
4191,2024-05-02,2644,24,Female,Philadelphia,2024-02-17,119,Sunglasses,Accessories,Brand C,45.0,2,90.0,Online
2183,2024-05-02,2342,21,Male,Los Angeles,2021-08-07,106,Shirt,Clothing,Brand A,40.0,3,120.0,Online
3304,2024-05-03,2515,23,Female,San Antonio,2022-03-31,102,Jeans,Clothing,Brand B,75.0,3,225.0,In-Store
631,2024-05-03,2108,25,Male,New York,2022-05-04,106,Shirt,Clothing,Brand A,40.0,2,80.0,Online
4079,2024-05-03,2623,24,Male,Philadelphia,2021-12-29,106,Shirt,Clothing,Brand A,40.0,1,40.0,Online
2521,2024-05-03,2391,50,Female,Dallas,2023-01-28,107,Dress,Clothing,Brand B,65.0,1,65.0,In-Store
1606,2024-05-03,2270,57,Male,Los Angeles,2021-11-23,104,Jacket,Outerwear,Brand D,120.0,2,240.0,Online
1031,2024-05-03,2176,39,Male,San Diego,2023-05-29,114,Parka,Outerwear,Brand B,150.0,1,150.0,Online
4469,2024-05-04,2682,23,Male,Miami,2022-12-08,109,Shorts,Clothing,Brand E,30.0,1,30.0,Online
2161,2024-05-04,2340,27,Male,Los Angeles,2022-04-26,105,Hat,Accessories,Brand E,22.5,1,22.5,Online
4702,2024-05-04,2720,20,Female,Miami,2023-08-06,108,Hoodie,Clothing,Brand C,55.0,1,55.0,In-Store
4134,2024-05-04,2634,38,Female,Philadelphia,2021-04-07,105,Hat,Accessories,Brand E,22.5,1,22.5,Online
2854,2024-05-04,2437,29,Male,New York,2024-05-01,113,Coat,Outerwear,Brand D,180.0,1,180.0,Online
2089,2024-05-04,2328,33,Male,Miami,2022-09-12,114,Parka,Outerwear,Brand B,150.0,1,150.0,In-Store
4653,2024-05-05,2714,56,Female,New York,2022-01-31,108,Hoodie,Clothing,Brand C,55.0,1,55.0,In-Store
3250,2024-05-05,2506,23,Female,New York,2023-05-17,106,Shirt,Clothing,Brand A,40.0,2,80.0,Online
4674,2024-05-05,2716,20,Male,New York,2023-03-11,118,Bag,Accessories,Brand B,60.0,1,60.0,Online
4289,2024-05-05,2658,34,Male,Phoenix,2022-08-12,113,Coat,Outerwear,Brand D,180.0,1,180.0,Online
4922,2024-05-05,2744,26,Male,Philadelphia,2023-03-22,109,Shorts,Clothing,Brand E,30.0,1,30.0,Online
4374,2024-05-05,2670,24,Male,Miami,2021-09-15,106,Shirt,Clothing,Brand A,40.0,3,120.0,Online
5158,2024-05-05,2781,21,Female,Philadelphia,2023-04-13,111,Sandals,Footwear,Brand E,35.0,1,35.0,Online
2438,2024-05-06,2375,21,Male,New York,2023-12-22,101,T-shirt,Clothing,Brand A,25.0,2,50.0,Online
1032,2024-05-06,2176,39,Male,San Diego,2023-05-29,113,Coat,Outerwear,Brand D,180.0,1,180.0,In-Store
4601,2024-05-06,2706,23,Female,San Antonio,2023-10-11,120,Cap,Accessories,Brand E,15.0,2,30.0,Online
470,2024-05-06,2085,21,Male,Phoenix,2021-03-18,106,Shirt,Clothing,Brand A,40.0,1,40.0,Online
1585,2024-05-06,2268,25,Male,New York,2024-04-09,106,Shirt,Clothing,Brand A,40.0,3,120.0,In-Store
2616,2024-05-07,2404,28,Male,Chicago,2022-05-31,118,Bag,Accessories,Brand B,60.0,1,60.0,Online
1845,2024-05-07,2297,23,Female,Dallas,2021-05-17,101,T-shirt,Clothing,Brand A,25.0,1,25.0,Online
2130,2024-05-07,2337,23,Male,New York,2023-08-21,103,Sneakers,Footwear,Brand C,30.0,2,60.0,Online
4923,2024-05-07,2744,26,Male,Philadelphia,2023-03-22,111,Sandals,Footwear,Brand E,35.0,2,70.0,Online
2162,2024-05-07,2340,27,Male,Los Angeles,2022-04-26,108,Hoodie,Clothing,Brand C,55.0,1,55.0,Online
1109,2024-05-07,2188,40,Female,Miami,2021-03-03,113,Coat,Outerwear,Brand D,180.0,1,180.0,Online
754,2024-05-07,2127,51,Female,Chicago,2021-02-03,106,Shirt,Clothing,Brand A,40.0,1,40.0,In-Store
121,2024-05-07,2028,34,Female,Philadelphia,2021-10-31,110,Boots,Footwear,Brand D,110.0,1,110.0,In-Store
2794,2024-05-07,2424,20,Female,Chicago,2023-05-31,105,Hat,Accessories,Brand E,22.5,1,22.5,Online
820,2024-05-08,2138,59,Male,Phoenix,2023-04-10,112,Running Shoes,Footwear,Brand C,85.0,1,85.0,In-Store
2052,2024-05-08,2324,18,Female,Phoenix,2022-02-06,108,Hoodie,Clothing,Brand C,55.0,3,165.0,Online
1300,2024-05-08,2220,59,Male,Phoenix,2023-09-29,109,Shorts,Clothing,Brand E,30.0,1,30.0,In-Store
560,2024-05-08,2097,56,Male,Phoenix,2021-05-03,109,Shorts,Clothing,Brand E,30.0,1,30.0,In-Store
5031,2024-05-08,2761,22,Female,Dallas,2022-07-10,101,T-shirt,Clothing,Brand A,25.0,1,25.0,In-Store
3486,2024-05-08,2541,20,Female,Philadelphia,2023-05-06,109,Shorts,Clothing,Brand E,30.0,1,30.0,Online
680,2024-05-08,2113,53,Male,Dallas,2023-01-22,108,Hoodie,Clothing,Brand C,55.0,1,55.0,In-Store
5253,2024-05-08,2791,53,Male,Houston,2022-04-08,110,Boots,Footwear,Brand D,110.0,2,220.0,In-Store
109,2024-05-08,2026,42,Male,San Antonio,2021-07-12,102,Jeans,Clothing,Brand B,75.0,1,75.0,In-Store
4356,2024-05-08,2669,42,Male,Philadelphia,2023-12-07,113,Coat,Outerwear,Brand D,180.0,2,360.0,In-Store
1355,2024-05-08,2228,55,Male,Los Angeles,2023-03-06,117,Scarf,Accessories,Brand E,18.0,1,18.0,In-Store
2599,2024-05-08,2400,24,Male,New York,2023-07-31,119,Sunglasses,Accessories,Brand C,45.0,2,90.0,Online
3919,2024-05-08,2602,63,Female,Phoenix,2021-01-22,120,Cap,Accessories,Brand E,15.0,2,30.0,In-Store
2319,2024-05-09,2363,20,Female,Philadelphia,2022-11-03,103,Sneakers,Footwear,Brand C,30.0,2,60.0,Online
4513,2024-05-09,2693,42,Female,Los Angeles,2021-12-16,114,Parka,Outerwear,Brand B,150.0,2,300.0,In-Store
2646,2024-05-09,2407,21,Male,San Antonio,2023-03-15,117,Scarf,Accessories,Brand E,18.0,1,18.0,Online
3541,2024-05-09,2547,25,Female,San Antonio,2023-05-18,120,Cap,Accessories,Brand E,15.0,1,15.0,In-Store
2851,2024-05-09,2434,41,Female,San Diego,2023-08-30,113,Coat,Outerwear,Brand D,180.0,1,180.0,Online
3647,2024-05-09,2561,23,Female,Phoenix,2024-03-08,116,Belt,Accessories,Brand A,20.0,1,20.0,Online
2163,2024-05-09,2340,27,Male,Los Angeles,2022-04-26,120,Cap,Accessories,Brand E,15.0,1,15.0,Online
5288,2024-05-09,2796,52,Female,Houston,2023-10-23,104,Jacket,Outerwear,Brand D,120.0,1,120.0,In-Store
1155,2024-05-10,2193,55,Female,Miami,2023-02-23,111,Sandals,Footwear,Brand E,35.0,1,35.0,In-Store
1331,2024-05-10,2224,18,Female,Miami,2022-01-03,112,Running Shoes,Footwear,Brand C,85.0,2,170.0,Online
3648,2024-05-10,2561,23,Female,Phoenix,2024-03-08,118,Bag,Accessories,Brand B,60.0,3,180.0,Online
193,2024-05-10,2041,21,Female,Phoenix,2023-08-25,103,Sneakers,Footwear,Brand C,30.0,2,60.0,Online
4375,2024-05-10,2670,24,Male,Miami,2021-09-15,107,Dress,Clothing,Brand B,65.0,1,65.0,Online
5122,2024-05-10,2777,57,Male,Miami,2023-07-31,102,Jeans,Clothing,Brand B,75.0,3,225.0,In-Store
64,2024-05-11,2020,21,Female,San Diego,2023-03-08,116,Belt,Accessories,Brand A,20.0,1,20.0,Online
1846,2024-05-11,2297,23,Female,Dallas,2021-05-17,119,Sunglasses,Accessories,Brand C,45.0,1,45.0,Online
3218,2024-05-11,2502,31,Female,San Diego,2021-02-09,104,Jacket,Outerwear,Brand D,120.0,1,120.0,In-Store
5175,2024-05-11,2783,20,Female,Miami,2021-05-24,110,Boots,Footwear,Brand D,110.0,1,110.0,Online
3670,2024-05-11,2562,20,Male,New York,2021-09-10,106,Shirt,Clothing,Brand A,40.0,1,40.0,Online
4902,2024-05-11,2741,19,Male,Chicago,2023-04-10,111,Sandals,Footwear,Brand E,35.0,2,70.0,Online
4451,2024-05-12,2681,51,Male,Los Angeles,2024-03-16,104,Jacket,Outerwear,Brand D,120.0,1,120.0,In-Store
1964,2024-05-12,2313,22,Male,Chicago,2021-10-13,101,T-shirt,Clothing,Brand A,25.0,1,25.0,Online
3699,2024-05-12,2566,23,Female,Miami,2022-12-17,103,Sneakers,Footwear,Brand C,30.0,1,30.0,Online
1632,2024-05-12,2272,51,Male,San Antonio,2022-04-22,115,Blazer,Outerwear,Brand A,130.0,1,130.0,Online
1940,2024-05-12,2307,52,Female,Dallas,2022-12-16,102,Jeans,Clothing,Brand B,75.0,1,75.0,In-Store
1067,2024-05-12,2181,43,Female,Chicago,2021-10-25,112,Running Shoes,Footwear,Brand C,85.0,1,85.0,In-Store
5325,2024-05-12,2802,24,Female,San Antonio,2021-06-18,104,Jacket,Outerwear,Brand D,120.0,2,240.0,In-Store
3094,2024-05-12,2477,41,Female,Philadelphia,2021-08-22,106,Shirt,Clothing,Brand A,40.0,1,40.0,In-Store
3617,2024-05-12,2554,43,Male,New York,2021-07-06,114,Parka,Outerwear,Brand B,150.0,1,150.0,Online
3305,2024-05-13,2515,23,Female,San Antonio,2022-03-31,103,Sneakers,Footwear,Brand C,30.0,1,30.0,Online
1875,2024-05-13,2298,20,Male,Chicago,2021-07-27,106,Shirt,Clothing,Brand A,40.0,1,40.0,Online
5326,2024-05-13,2802,24,Female,San Antonio,2021-06-18,101,T-shirt,Clothing,Brand A,25.0,2,50.0,Online
3786,2024-05-13,2581,20,Female,Los Angeles,2022-09-03,108,Hoodie,Clothing,Brand C,55.0,1,55.0,In-Store
2489,2024-05-13,2382,45,Female,San Antonio,2024-03-02,108,Hoodie,Clothing,Brand C,55.0,1,55.0,In-Store
2382,2024-05-13,2369,23,Male,Philadelphia,2022-03-04,105,Hat,Accessories,Brand E,22.5,2,45.0,In-Store
2431,2024-05-13,2374,48,Female,San Diego,2021-06-29,108,Hoodie,Clothing,Brand C,55.0,1,55.0,In-Store
3251,2024-05-13,2506,23,Female,New York,2023-05-17,117,Scarf,Accessories,Brand E,18.0,1,18.0,Online
397,2024-05-13,2074,21,Female,San Antonio,2022-08-20,119,Sunglasses,Accessories,Brand C,45.0,2,90.0,Online
1156,2024-05-14,2193,55,Female,Miami,2023-02-23,114,Parka,Outerwear,Brand B,150.0,2,300.0,Online
4727,2024-05-14,2723,39,Female,Phoenix,2021-02-27,113,Coat,Outerwear,Brand D,180.0,1,180.0,Online
2625,2024-05-14,2406,35,Female,Philadelphia,2022-05-11,114,Parka,Outerwear,Brand B,150.0,1,150.0,Online
531,2024-05-14,2092,53,Female,Phoenix,2021-01-01,105,Hat,Accessories,Brand E,22.5,2,45.0,In-Store
3671,2024-05-14,2562,20,Male,New York,2021-09-10,120,Cap,Accessories,Brand E,15.0,1,15.0,Online
1643,2024-05-14,2274,54,Female,Philadelphia,2021-05-10,112,Running Shoes,Footwear,Brand C,85.0,2,170.0,In-Store
856,2024-05-14,2147,24,Male,Chicago,2021-08-24,120,Cap,Accessories,Brand E,15.0,3,45.0,Online
4245,2024-05-15,2652,21,Male,Philadelphia,2022-10-19,116,Belt,Accessories,Brand A,20.0,1,20.0,Online
471,2024-05-15,2085,21,Male,Phoenix,2021-03-18,118,Bag,Accessories,Brand B,60.0,2,120.0,Online
5201,2024-05-15,2786,25,Male,San Diego,2023-10-29,109,Shorts,Clothing,Brand E,30.0,1,30.0,In-Store
5243,2024-05-15,2790,57,Female,Philadelphia,2021-05-04,110,Boots,Footwear,Brand D,110.0,1,110.0,In-Store
65,2024-05-15,2020,21,Female,San Diego,2023-03-08,117,Scarf,Accessories,Brand E,18.0,1,18.0,Online
3862,2024-05-15,2590,32,Female,Phoenix,2023-03-16,113,Coat,Outerwear,Brand D,180.0,1,180.0,Online
2600,2024-05-15,2400,24,Male,New York,2023-07-31,120,Cap,Accessories,Brand E,15.0,5,75.0,Online
2828,2024-05-15,2430,51,Female,New York,2021-01-08,108,Hoodie,Clothing,Brand C,55.0,1,55.0,Online
66,2024-05-16,2020,21,Female,San Diego,2023-03-08,103,Sneakers,Footwear,Brand C,30.0,1,30.0,Online
3252,2024-05-16,2506,23,Female,New York,2023-05-17,112,Running Shoes,Footwear,Brand C,85.0,1,85.0,Online
3967,2024-05-16,2607,18,Male,Miami,2022-03-09,109,Shorts,Clothing,Brand E,30.0,2,60.0,Online
2750,2024-05-16,2419,57,Male,San Diego,2024-03-31,111,Sandals,Footwear,Brand E,35.0,1,35.0,In-Store
1910,2024-05-17,2305,55,Female,New York,2021-03-18,102,Jeans,Clothing,Brand B,75.0,2,150.0,In-Store
4990,2024-05-17,2753,23,Male,San Antonio,2023-11-29,117,Scarf,Accessories,Brand E,18.0,1,18.0,Online
4080,2024-05-17,2623,24,Male,Philadelphia,2021-12-29,101,T-shirt,Clothing,Brand A,25.0,1,25.0,Online
4547,2024-05-17,2699,55,Male,Philadelphia,2023-07-12,107,Dress,Clothing,Brand B,65.0,3,195.0,In-Store
3649,2024-05-17,2561,23,Female,Phoenix,2024-03-08,120,Cap,Accessories,Brand E,15.0,2,30.0,Online
160,2024-05-17,2036,21,Female,San Antonio,2022-11-12,110,Boots,Footwear,Brand D,110.0,1,110.0,Online
3371,2024-05-17,2523,35,Female,San Antonio,2021-08-03,114,Parka,Outerwear,Brand B,150.0,1,150.0,In-Store
3060,2024-05-17,2471,64,Female,Chicago,2023-04-04,106,Shirt,Clothing,Brand A,40.0,1,40.0,Online
1325,2024-05-17,2223,43,Female,Los Angeles,2022-01-08,114,Parka,Outerwear,Brand B,150.0,1,150.0,Online
3161,2024-05-17,2493,58,Female,Miami,2022-09-02,119,Sunglasses,Accessories,Brand C,45.0,1,45.0,In-Store
1770,2024-05-17,2291,19,Male,Philadelphia,2023-07-21,116,Belt,Accessories,Brand A,20.0,1,20.0,Online
223,2024-05-17,2044,18,Male,Miami,2021-05-25,110,Boots,Footwear,Brand D,110.0,1,110.0,Online
226,2024-05-17,2045,42,Female,Los Angeles,2022-01-19,113,Coat,Outerwear,Brand D,180.0,1,180.0,In-Store
989,2024-05-18,2172,40,Female,Houston,2021-05-15,107,Dress,Clothing,Brand B,65.0,1,65.0,In-Store
2053,2024-05-18,2324,18,Female,Phoenix,2022-02-06,116,Belt,Accessories,Brand A,20.0,1,20.0,Online
1147,2024-05-18,2192,24,Female,Los Angeles,2023-03-29,120,Cap,Accessories,Brand E,15.0,1,15.0,Online
1215,2024-05-19,2206,29,Female,Miami,2021-04-11,118,Bag,Accessories,Brand B,60.0,1,60.0,Online
2927,2024-05-19,2446,49,Female,Phoenix,2021-09-20,117,Scarf,Accessories,Brand E,18.0,1,18.0,In-Store
2739,2024-05-19,2415,21,Female,Phoenix,2023-06-10,106,Shirt,Clothing,Brand A,40.0,1,40.0,Online
2020,2024-05-19,2321,22,Female,Phoenix,2023-06-30,101,T-shirt,Clothing,Brand A,25.0,1,25.0,Online
282,2024-05-19,2052,25,Male,Houston,2021-11-02,120,Cap,Accessories,Brand E,15.0,3,45.0,Online
2447,2024-05-19,2376,41,Female,Philadelphia,2023-09-23,108,Hoodie,Clothing,Brand C,55.0,1,55.0,In-Store
2881,2024-05-20,2439,57,Female,Los Angeles,2022-08-13,107,Dress,Clothing,Brand B,65.0,1,65.0,In-Store
4514,2024-05-20,2693,42,Female,Los Angeles,2021-12-16,113,Coat,Outerwear,Brand D,180.0,1,180.0,Online
231,2024-05-20,2046,47,Female,Chicago,2024-02-20,113,Coat,Outerwear,Brand D,180.0,1,180.0,In-Store
700,2024-05-20,2115,21,Male,San Diego,2021-04-30,108,Hoodie,Clothing,Brand C,55.0,2,110.0,Online
1876,2024-05-20,2298,20,Male,Chicago,2021-07-27,107,Dress,Clothing,Brand B,65.0,1,65.0,Online
943,2024-05-20,2163,35,Male,Miami,2021-06-07,119,Sunglasses,Accessories,Brand C,45.0,1,45.0,In-Store
5190,2024-05-20,2784,52,Male,Philadelphia,2021-11-18,114,Parka,Outerwear,Brand B,150.0,1,150.0,Online
882,2024-05-20,2153,26,Female,Miami,2023-06-15,109,Shorts,Clothing,Brand E,30.0,3,90.0,Online
1989,2024-05-20,2316,24,Female,Los Angeles,2022-01-02,120,Cap,Accessories,Brand E,15.0,1,15.0,Online
67,2024-05-20,2020,21,Female,San Diego,2023-03-08,107,Dress,Clothing,Brand B,65.0,3,195.0,In-Store
365,2024-05-21,2071,32,Female,Miami,2022-08-31,113,Coat,Outerwear,Brand D,180.0,1,180.0,Online
3406,2024-05-21,2528,27,Female,New York,2022-09-27,103,Sneakers,Footwear,Brand C,30.0,2,60.0,Online
3608,2024-05-21,2553,22,Male,Chicago,2022-08-23,101,T-shirt,Clothing,Brand A,25.0,1,25.0,Online
2997,2024-05-21,2458,47,Female,Phoenix,2023-10-13,114,Parka,Outerwear,Brand B,150.0,1,150.0,In-Store
1148,2024-05-21,2192,24,Female,Los Angeles,2023-03-29,110,Boots,Footwear,Brand D,110.0,1,110.0,Online
5032,2024-05-21,2761,22,Female,Dallas,2022-07-10,103,Sneakers,Footwear,Brand C,30.0,1,30.0,Online
4447,2024-05-21,2679,28,Male,Miami,2022-10-05,114,Parka,Outerwear,Brand B,150.0,1,150.0,Online
569,2024-05-22,2099,57,Female,Dallas,2024-03-03,107,Dress,Clothing,Brand B,65.0,1,65.0,In-Store
2278,2024-05-22,2359,45,Female,San Diego,2022-08-17,115,Blazer,Outerwear,Brand A,130.0,1,130.0,In-Store
4703,2024-05-22,2720,20,Female,Miami,2023-08-06,116,Belt,Accessories,Brand A,20.0,3,60.0,Online
2865,2024-05-22,2438,47,Male,Miami,2022-05-12,120,Cap,Accessories,Brand E,15.0,1,15.0,In-Store
1826,2024-05-22,2296,48,Male,Dallas,2021-11-30,106,Shirt,Clothing,Brand A,40.0,1,40.0,In-Store
90,2024-05-22,2023,22,Female,Chicago,2024-05-15,120,Cap,Accessories,Brand E,15.0,2,30.0,Online
3253,2024-05-22,2506,23,Female,New York,2023-05-17,101,T-shirt,Clothing,Brand A,25.0,2,50.0,Online
3133,2024-05-22,2485,40,Female,Phoenix,2023-05-21,106,Shirt,Clothing,Brand A,40.0,3,120.0,In-Store
4924,2024-05-22,2744,26,Male,Philadelphia,2023-03-22,111,Sandals,Footwear,Brand E,35.0,1,35.0,Online
3006,2024-05-23,2460,56,Female,San Diego,2021-04-05,115,Blazer,Outerwear,Brand A,130.0,1,130.0,In-Store
2383,2024-05-23,2369,23,Male,Philadelphia,2022-03-04,120,Cap,Accessories,Brand E,15.0,3,45.0,Online
3487,2024-05-23,2541,20,Female,Philadelphia,2023-05-06,106,Shirt,Clothing,Brand A,40.0,1,40.0,Online
4588,2024-05-23,2703,23,Male,Dallas,2023-09-06,116,Belt,Accessories,Brand A,20.0,1,20.0,Online
1739,2024-05-23,2287,23,Male,Phoenix,2024-01-14,108,Hoodie,Clothing,Brand C,55.0,1,55.0,Online
1788,2024-05-23,2292,21,Female,Houston,2022-10-12,108,Hoodie,Clothing,Brand C,55.0,1,55.0,In-Store
1972,2024-05-23,2314,48,Male,Houston,2021-05-11,110,Boots,Footwear,Brand D,110.0,1,110.0,In-Store
3568,2024-05-23,2550,55,Male,San Diego,2023-10-27,107,Dress,Clothing,Brand B,65.0,2,130.0,In-Store
481,2024-05-23,2086,57,Male,Dallas,2023-09-11,114,Parka,Outerwear,Brand B,150.0,1,150.0,In-Store
662,2024-05-24,2110,45,Female,San Antonio,2021-02-14,113,Coat,Outerwear,Brand D,180.0,1,180.0,In-Store
1670,2024-05-24,2277,28,Male,Philadelphia,2023-03-16,109,Shorts,Clothing,Brand E,30.0,2,60.0,Online
337,2024-05-24,2069,18,Male,Chicago,2023-11-18,111,Sandals,Footwear,Brand E,35.0,1,35.0,Online
472,2024-05-24,2085,21,Male,Phoenix,2021-03-18,109,Shorts,Clothing,Brand E,30.0,2,60.0,Online
4005,2024-05-24,2615,20,Male,New York,2023-05-06,101,T-shirt,Clothing,Brand A,25.0,1,25.0,Online
1973,2024-05-24,2314,48,Male,Houston,2021-05-11,106,Shirt,Clothing,Brand A,40.0,1,40.0,In-Store
5006,2024-05-24,2756,40,Female,Chicago,2024-04-21,119,Sunglasses,Accessories,Brand C,45.0,1,45.0,In-Store
5003,2024-05-24,2755,41,Female,Los Angeles,2021-04-13,102,Jeans,Clothing,Brand B,75.0,1,75.0,In-Store
3833,2024-05-24,2587,46,Female,Philadelphia,2021-05-03,101,T-shirt,Clothing,Brand A,25.0,2,50.0,In-Store
2544,2024-05-24,2393,39,Male,Los Angeles,2022-05-08,114,Parka,Outerwear,Brand B,150.0,1,150.0,In-Store
521,2024-05-25,2091,41,Female,Phoenix,2021-05-31,113,Coat,Outerwear,Brand D,180.0,1,180.0,In-Store
498,2024-05-25,2088,26,Female,San Diego,2022-08-05,103,Sneakers,Footwear,Brand C,30.0,1,30.0,In-Store
1671,2024-05-25,2277,28,Male,Philadelphia,2023-03-16,120,Cap,Accessories,Brand E,15.0,1,15.0,Online
4945,2024-05-25,2747,65,Male,San Antonio,2021-04-20,110,Boots,Footwear,Brand D,110.0,2,220.0,In-Store
2601,2024-05-25,2400,24,Male,New York,2023-07-31,110,Boots,Footwear,Brand D,110.0,1,110.0,Online
3907,2024-05-25,2600,58,Female,Houston,2022-04-14,106,Shirt,Clothing,Brand A,40.0,1,40.0,In-Store
1149,2024-05-25,2192,24,Female,Los Angeles,2023-03-29,117,Scarf,Accessories,Brand E,18.0,2,36.0,Online
953,2024-05-26,2166,29,Female,Los Angeles,2022-12-22,108,Hoodie,Clothing,Brand C,55.0,2,110.0,Online
2360,2024-05-26,2367,19,Female,San Diego,2021-06-02,117,Scarf,Accessories,Brand E,18.0,2,36.0,Online
3273,2024-05-26,2511,42,Male,San Diego,2022-05-09,120,Cap,Accessories,Brand E,15.0,2,30.0,Online
4632,2024-05-26,2712,21,Male,Dallas,2021-06-23,111,Sandals,Footwear,Brand E,35.0,1,35.0,Online
840,2024-05-27,2145,46,Male,Houston,2021-09-09,101,T-shirt,Clothing,Brand A,25.0,1,25.0,Online
883,2024-05-27,2153,26,Female,Miami,2023-06-15,101,T-shirt,Clothing,Brand A,25.0,1,25.0,In-Store
737,2024-05-27,2122,23,Male,San Antonio,2022-08-15,107,Dress,Clothing,Brand B,65.0,1,65.0,Online
570,2024-05-27,2099,57,Female,Dallas,2024-03-03,104,Jacket,Outerwear,Brand D,120.0,2,240.0,In-Store
5216,2024-05-27,2787,42,Female,San Diego,2023-03-19,107,Dress,Clothing,Brand B,65.0,1,65.0,In-Store
3920,2024-05-27,2602,63,Female,Phoenix,2021-01-22,101,T-shirt,Clothing,Brand A,25.0,1,25.0,In-Store
398,2024-05-27,2074,21,Female,San Antonio,2022-08-20,108,Hoodie,Clothing,Brand C,55.0,3,165.0,Online
3443,2024-05-28,2534,26,Male,San Antonio,2023-01-14,117,Scarf,Accessories,Brand E,18.0,1,18.0,Online
2659,2024-05-28,2408,19,Male,San Diego,2021-03-12,120,Cap,Accessories,Brand E,15.0,1,15.0,Online
5033,2024-05-28,2761,22,Female,Dallas,2022-07-10,105,Hat,Accessories,Brand E,22.5,4,90.0,Online
1220,2024-05-28,2207,53,Female,Phoenix,2023-10-28,101,T-shirt,Clothing,Brand A,25.0,1,25.0,In-Store
2958,2024-05-28,2451,43,Female,San Diego,2022-11-12,104,Jacket,Outerwear,Brand D,120.0,1,120.0,In-Store
1974,2024-05-28,2314,48,Male,Houston,2021-05-11,103,Sneakers,Footwear,Brand C,30.0,1,30.0,In-Store
383,2024-05-28,2073,56,Female,New York,2023-04-29,114,Parka,Outerwear,Brand B,150.0,1,150.0,In-Store
3889,2024-05-28,2595,36,Female,New York,2022-05-04,108,Hoodie,Clothing,Brand C,55.0,1,55.0,In-Store
176,2024-05-28,2037,59,Male,Philadelphia,2021-10-17,120,Cap,Accessories,Brand E,15.0,1,15.0,In-Store
3386,2024-05-29,2525,34,Male,San Antonio,2024-04-04,106,Shirt,Clothing,Brand A,40.0,1,40.0,In-Store
2421,2024-05-29,2373,50,Female,Los Angeles,2021-05-11,115,Blazer,Outerwear,Brand A,130.0,1,130.0,In-Store
2473,2024-05-29,2380,69,Male,Los Angeles,2022-12-28,113,Coat,Outerwear,Brand D,180.0,1,180.0,In-Store
3169,2024-05-29,2494,67,Male,Dallas,2023-05-25,113,Coat,Outerwear,Brand D,180.0,1,180.0,In-Store
2966,2024-05-29,2452,23,Male,Philadelphia,2021-07-28,116,Belt,Accessories,Brand A,20.0,1,20.0,Online
4208,2024-05-29,2647,67,Female,Phoenix,2022-06-10,114,Parka,Outerwear,Brand B,150.0,3,450.0,Online
2216,2024-05-29,2348,30,Male,Miami,2022-02-02,115,Blazer,Outerwear,Brand A,130.0,1,130.0,In-Store
515,2024-05-30,2090,58,Male,San Antonio,2022-07-15,104,Jacket,Outerwear,Brand D,120.0,1,120.0,In-Store
1430,2024-05-30,2241,18,Male,San Diego,2023-12-16,101,T-shirt,Clothing,Brand A,25.0,1,25.0,Online
3450,2024-05-30,2535,64,Male,Phoenix,2023-11-06,113,Coat,Outerwear,Brand D,180.0,2,360.0,In-Store
1096,2024-05-30,2187,27,Female,Chicago,2024-05-11,117,Scarf,Accessories,Brand E,18.0,2,36.0,Online
249,2024-05-30,2049,23,Male,Phoenix,2022-07-21,109,Shorts,Clothing,Brand E,30.0,2,60.0,In-Store
3762,2024-05-30,2576,27,Male,New York,2022-08-02,117,Scarf,Accessories,Brand E,18.0,1,18.0,Online
1221,2024-05-30,2207,53,Female,Phoenix,2023-10-28,109,Shorts,Clothing,Brand E,30.0,1,30.0,In-Store
5080,2024-05-30,2767,41,Male,Chicago,2022-08-05,113,Coat,Outerwear,Brand D,180.0,1,180.0,In-Store
2967,2024-05-30,2452,23,Male,Philadelphia,2021-07-28,109,Shorts,Clothing,Brand E,30.0,1,30.0,Online
2184,2024-05-31,2342,21,Male,Los Angeles,2021-08-07,105,Hat,Accessories,Brand E,22.5,1,22.5,Online
3263,2024-05-31,2507,49,Male,Los Angeles,2024-03-08,103,Sneakers,Footwear,Brand C,30.0,1,30.0,In-Store
4310,2024-05-31,2662,20,Female,Miami,2022-01-21,105,Hat,Accessories,Brand E,22.5,1,22.5,Online
3843,2024-05-31,2588,36,Female,Los Angeles,2021-11-09,113,Coat,Outerwear,Brand D,180.0,1,180.0,In-Store
3532,2024-06-01,2546,55,Male,Philadelphia,2023-12-25,118,Bag,Accessories,Brand B,60.0,2,120.0,In-Store
5034,2024-06-01,2761,22,Female,Dallas,2022-07-10,120,Cap,Accessories,Brand E,15.0,2,30.0,Online
2254,2024-06-01,2356,20,Female,Houston,2021-12-28,117,Scarf,Accessories,Brand E,18.0,2,36.0,Online
4054,2024-06-01,2620,23,Female,Los Angeles,2023-08-14,117,Scarf,Accessories,Brand E,18.0,1,18.0,Online
2279,2024-06-01,2359,45,Female,San Diego,2022-08-17,113,Coat,Outerwear,Brand D,180.0,1,180.0,In-Store
2817,2024-06-01,2429,27,Male,Houston,2024-03-07,111,Sandals,Footwear,Brand E,35.0,1,35.0,Online
2255,2024-06-02,2356,20,Female,Houston,2021-12-28,102,Jeans,Clothing,Brand B,75.0,1,75.0,In-Store
3710,2024-06-02,2567,26,Male,Miami,2023-05-30,107,Dress,Clothing,Brand B,65.0,1,65.0,Online
3727,2024-06-02,2570,39,Female,Philadelphia,2023-06-15,113,Coat,Outerwear,Brand D,180.0,1,180.0,In-Store
4477,2024-06-02,2684,19,Male,San Diego,2024-03-17,111,Sandals,Footwear,Brand E,35.0,2,70.0,Online
5217,2024-06-02,2787,42,Female,San Diego,2023-03-19,103,Sneakers,Footwear,Brand C,30.0,1,30.0,Online
2692,2024-06-02,2411,45,Male,Chicago,2021-04-28,103,Sneakers,Footwear,Brand C,30.0,1,30.0,In-Store
2968,2024-06-02,2452,23,Male,Philadelphia,2021-07-28,105,Hat,Accessories,Brand E,22.5,1,22.5,Online
2592,2024-06-03,2399,19,Male,Los Angeles,2022-10-20,110,Boots,Footwear,Brand D,110.0,1,110.0,Online
5218,2024-06-03,2787,42,Female,San Diego,2023-03-19,106,Shirt,Clothing,Brand A,40.0,1,40.0,In-Store
3875,2024-06-03,2591,40,Female,Miami,2021-04-25,113,Coat,Outerwear,Brand D,180.0,1,180.0,In-Store
2667,2024-06-03,2409,28,Female,Miami,2021-03-20,115,Blazer,Outerwear,Brand A,130.0,1,130.0,In-Store
1301,2024-06-03,2220,59,Male,Phoenix,2023-09-29,101,T-shirt,Clothing,Brand A,25.0,1,25.0,In-Store
2202,2024-06-03,2345,47,Female,Chicago,2024-02-18,106,Shirt,Clothing,Brand A,40.0,1,40.0,In-Store
4494,2024-06-03,2689,21,Male,San Diego,2024-03-08,108,Hoodie,Clothing,Brand C,55.0,2,110.0,Online
3474,2024-06-03,2538,23,Male,Chicago,2022-07-08,117,Scarf,Accessories,Brand E,18.0,2,36.0,Online
1150,2024-06-03,2192,24,Female,Los Angeles,2023-03-29,109,Shorts,Clothing,Brand E,30.0,3,90.0,Online
3320,2024-06-03,2516,35,Female,Miami,2023-01-17,113,Coat,Outerwear,Brand D,180.0,1,180.0,In-Store
4081,2024-06-03,2623,24,Male,Philadelphia,2021-12-29,109,Shorts,Clothing,Brand E,30.0,1,30.0,In-Store
2415,2024-06-03,2371,22,Female,San Diego,2023-02-16,116,Belt,Accessories,Brand A,20.0,1,20.0,In-Store
1168,2024-06-03,2196,51,Female,Phoenix,2024-05-20,108,Hoodie,Clothing,Brand C,55.0,2,110.0,Online
235,2024-06-03,2047,34,Male,Los Angeles,2023-06-12,113,Coat,Outerwear,Brand D,180.0,1,180.0,Online
2678,2024-06-03,2410,59,Male,Los Angeles,2021-12-24,113,Coat,Outerwear,Brand D,180.0,1,180.0,Online
3948,2024-06-04,2605,51,Male,Miami,2023-10-16,113,Coat,Outerwear,Brand D,180.0,1,180.0,In-Store
3711,2024-06-04,2567,26,Male,Miami,2023-05-30,118,Bag,Accessories,Brand B,60.0,1,60.0,Online
535,2024-06-04,2093,21,Male,Miami,2024-05-15,108,Hoodie,Clothing,Brand C,55.0,3,165.0,Online
1789,2024-06-04,2292,21,Female,Houston,2022-10-12,105,Hat,Accessories,Brand E,22.5,1,22.5,Online
4470,2024-06-04,2682,23,Male,Miami,2022-12-08,120,Cap,Accessories,Brand E,15.0,1,15.0,Online
4478,2024-06-04,2684,19,Male,San Diego,2024-03-17,116,Belt,Accessories,Brand A,20.0,1,20.0,Online
3170,2024-06-04,2494,67,Male,Dallas,2023-05-25,113,Coat,Outerwear,Brand D,180.0,2,360.0,In-Store
5061,2024-06-04,2765,25,Female,New York,2024-03-30,107,Dress,Clothing,Brand B,65.0,1,65.0,Online
131,2024-06-05,2031,47,Female,San Diego,2023-08-11,102,Jeans,Clothing,Brand B,75.0,1,75.0,Online
5159,2024-06-05,2781,21,Female,Philadelphia,2023-04-13,109,Shorts,Clothing,Brand E,30.0,4,120.0,Online
4335,2024-06-05,2666,33,Female,Dallas,2024-05-21,113,Coat,Outerwear,Brand D,180.0,1,180.0,In-Store
5300,2024-06-05,2798,25,Female,Miami,2021-01-17,111,Sandals,Footwear,Brand E,35.0,3,105.0,Online
1151,2024-06-05,2192,24,Female,Los Angeles,2023-03-29,108,Hoodie,Clothing,Brand C,55.0,2,110.0,Online
1633,2024-06-05,2272,51,Male,San Antonio,2022-04-22,103,Sneakers,Footwear,Brand C,30.0,2,60.0,In-Store
3847,2024-06-05,2589,40,Male,Houston,2024-05-25,113,Coat,Outerwear,Brand D,180.0,1,180.0,Online
4290,2024-06-05,2658,34,Male,Phoenix,2022-08-12,104,Jacket,Outerwear,Brand D,120.0,2,240.0,Online
4909,2024-06-05,2742,57,Male,Miami,2022-10-18,106,Shirt,Clothing,Brand A,40.0,1,40.0,In-Store
2361,2024-06-05,2367,19,Female,San Diego,2021-06-02,102,Jeans,Clothing,Brand B,75.0,1,75.0,Online
1375,2024-06-05,2231,19,Male,New York,2022-08-06,101,T-shirt,Clothing,Brand A,25.0,1,25.0,In-Store
1070,2024-06-06,2182,50,Female,San Diego,2024-01-29,107,Dress,Clothing,Brand B,65.0,1,65.0,In-Store
149,2024-06-06,2034,18,Female,Chicago,2024-03-26,117,Scarf,Accessories,Brand E,18.0,1,18.0,Online
2490,2024-06-06,2382,45,Female,San Antonio,2024-03-02,108,Hoodie,Clothing,Brand C,55.0,1,55.0,In-Store
1495,2024-06-06,2252,62,Female,San Diego,2022-03-10,115,Blazer,Outerwear,Brand A,130.0,1,130.0,In-Store
561,2024-06-06,2097,56,Male,Phoenix,2021-05-03,105,Hat,Accessories,Brand E,22.5,1,22.5,Online
4654,2024-06-06,2714,56,Female,New York,2022-01-31,102,Jeans,Clothing,Brand B,75.0,1,75.0,In-Store
4428,2024-06-06,2678,64,Male,San Antonio,2023-12-27,107,Dress,Clothing,Brand B,65.0,1,65.0,In-Store
2320,2024-06-06,2363,20,Female,Philadelphia,2022-11-03,103,Sneakers,Footwear,Brand C,30.0,1,30.0,Online
4624,2024-06-07,2710,23,Male,Chicago,2023-01-12,102,Jeans,Clothing,Brand B,75.0,1,75.0,Online
2448,2024-06-07,2376,41,Female,Philadelphia,2023-09-23,103,Sneakers,Footwear,Brand C,30.0,1,30.0,In-Store
1803,2024-06-07,2293,60,Female,Los Angeles,2021-05-26,113,Coat,Outerwear,Brand D,180.0,1,180.0,In-Store
2384,2024-06-07,2369,23,Male,Philadelphia,2022-03-04,102,Jeans,Clothing,Brand B,75.0,1,75.0,Online
2432,2024-06-07,2374,48,Female,San Diego,2021-06-29,109,Shorts,Clothing,Brand E,30.0,1,30.0,In-Store
4109,2024-06-07,2627,26,Female,Phoenix,2021-11-05,118,Bag,Accessories,Brand B,60.0,1,60.0,Online
4879,2024-06-07,2739,27,Female,Los Angeles,2024-02-15,106,Shirt,Clothing,Brand A,40.0,2,80.0,Online
5056,2024-06-07,2764,48,Male,San Antonio,2021-05-16,106,Shirt,Clothing,Brand A,40.0,1,40.0,In-Store
3192,2024-06-07,2498,22,Female,Philadelphia,2022-08-17,118,Bag,Accessories,Brand B,60.0,1,60.0,In-Store
2998,2024-06-07,2458,47,Female,Phoenix,2023-10-13,108,Hoodie,Clothing,Brand C,55.0,3,165.0,In-Store
536,2024-06-07,2093,21,Male,Miami,2024-05-15,108,Hoodie,Clothing,Brand C,55.0,2,110.0,Online
3356,2024-06-08,2521,36,Female,Houston,2024-03-13,109,Shorts,Clothing,Brand E,30.0,1,30.0,Online
4713,2024-06-08,2721,23,Female,Miami,2024-04-13,120,Cap,Accessories,Brand E,15.0,2,30.0,Online
2150,2024-06-08,2339,40,Male,San Diego,2024-02-24,109,Shorts,Clothing,Brand E,30.0,2,60.0,In-Store
5301,2024-06-08,2798,25,Female,Miami,2021-01-17,106,Shirt,Clothing,Brand A,40.0,2,80.0,In-Store
1458,2024-06-08,2246,56,Female,Houston,2021-08-05,103,Sneakers,Footwear,Brand C,30.0,1,30.0,In-Store
2422,2024-06-09,2373,50,Female,Los Angeles,2021-05-11,105,Hat,Accessories,Brand E,22.5,1,22.5,In-Store
2581,2024-06-09,2398,19,Male,San Antonio,2022-10-18,117,Scarf,Accessories,Brand E,18.0,1,18.0,Online
2775,2024-06-09,2421,19,Male,Phoenix,2022-12-20,108,Hoodie,Clothing,Brand C,55.0,1,55.0,Online
1740,2024-06-09,2287,23,Male,Phoenix,2024-01-14,101,T-shirt,Clothing,Brand A,25.0,1,25.0,Online
4925,2024-06-09,2744,26,Male,Philadelphia,2023-03-22,119,Sunglasses,Accessories,Brand C,45.0,1,45.0,In-Store
4739,2024-06-09,2724,36,Male,Houston,2022-05-27,113,Coat,Outerwear,Brand D,180.0,1,180.0,In-Store
5123,2024-06-09,2777,57,Male,Miami,2023-07-31,101,T-shirt,Clothing,Brand A,25.0,1,25.0,In-Store
1169,2024-06-10,2196,51,Female,Phoenix,2024-05-20,108,Hoodie,Clothing,Brand C,55.0,2,110.0,In-Store
1990,2024-06-10,2316,24,Female,Los Angeles,2022-01-02,101,T-shirt,Clothing,Brand A,25.0,1,25.0,Online
5014,2024-06-10,2759,48,Female,Philadelphia,2022-01-05,106,Shirt,Clothing,Brand A,40.0,1,40.0,Online
2100,2024-06-10,2329,22,Male,Los Angeles,2023-07-03,105,Hat,Accessories,Brand E,22.5,2,45.0,Online
1920,2024-06-10,2306,35,Male,Chicago,2023-07-12,104,Jacket,Outerwear,Brand D,120.0,1,120.0,In-Store
1877,2024-06-10,2298,20,Male,Chicago,2021-07-27,101,T-shirt,Clothing,Brand A,25.0,2,50.0,Online
4171,2024-06-10,2641,47,Male,Phoenix,2022-12-04,113,Coat,Outerwear,Brand D,180.0,1,180.0,Online
1258,2024-06-10,2213,62,Female,Los Angeles,2022-05-16,114,Parka,Outerwear,Brand B,150.0,1,150.0,In-Store
2321,2024-06-11,2363,20,Female,Philadelphia,2022-11-03,111,Sandals,Footwear,Brand E,35.0,1,35.0,In-Store
2439,2024-06-11,2375,21,Male,New York,2023-12-22,106,Shirt,Clothing,Brand A,40.0,2,80.0,Online
2866,2024-06-11,2438,47,Male,Miami,2022-05-12,107,Dress,Clothing,Brand B,65.0,1,65.0,In-Store
4388,2024-06-11,2672,49,Female,Chicago,2023-01-12,110,Boots,Footwear,Brand D,110.0,2,220.0,In-Store
3425,2024-06-11,2529,24,Female,Philadelphia,2021-07-12,108,Hoodie,Clothing,Brand C,55.0,2,110.0,Online
821,2024-06-11,2138,59,Male,Phoenix,2023-04-10,119,Sunglasses,Accessories,Brand C,45.0,1,45.0,In-Store
5057,2024-06-11,2764,48,Male,San Antonio,2021-05-16,102,Jeans,Clothing,Brand B,75.0,1,75.0,In-Store
5289,2024-06-11,2796,52,Female,Houston,2023-10-23,102,Jeans,Clothing,Brand B,75.0,1,75.0,In-Store
5007,2024-06-11,2756,40,Female,Chicago,2024-04-21,107,Dress,Clothing,Brand B,65.0,1,65.0,In-Store
2362,2024-06-12,2367,19,Female,San Diego,2021-06-02,102,Jeans,Clothing,Brand B,75.0,3,225.0,Online
3921,2024-06-12,2602,63,Female,Phoenix,2021-01-22,115,Blazer,Outerwear,Brand A,130.0,1,130.0,In-Store
4214,2024-06-12,2649,31,Male,Chicago,2023-10-15,115,Blazer,Outerwear,Brand A,130.0,1,130.0,Online
4404,2024-06-12,2673,19,Male,Houston,2021-12-12,119,Sunglasses,Accessories,Brand C,45.0,3,135.0,Online
2090,2024-06-12,2328,33,Male,Miami,2022-09-12,104,Jacket,Outerwear,Brand D,120.0,1,120.0,Online
1041,2024-06-12,2177,70,Female,Chicago,2022-04-20,109,Shorts,Clothing,Brand E,30.0,2,60.0,In-Store
5004,2024-06-12,2755,41,Female,Los Angeles,2021-04-13,113,Coat,Outerwear,Brand D,180.0,2,360.0,In-Store
5302,2024-06-12,2798,25,Female,Miami,2021-01-17,112,Running Shoes,Footwear,Brand C,85.0,2,170.0,Online
1121,2024-06-12,2189,41,Female,San Diego,2023-01-31,113,Coat,Outerwear,Brand D,180.0,1,180.0,Online
91,2024-06-13,2023,22,Female,Chicago,2024-05-15,117,Scarf,Accessories,Brand E,18.0,2,36.0,Online
1790,2024-06-13,2292,21,Female,Houston,2022-10-12,117,Scarf,Accessories,Brand E,18.0,1,18.0,Online
1619,2024-06-13,2271,26,Male,Philadelphia,2021-09-27,108,Hoodie,Clothing,Brand C,55.0,1,55.0,Online
4772,2024-06-13,2727,23,Female,San Diego,2021-10-09,109,Shorts,Clothing,Brand E,30.0,3,90.0,Online
4006,2024-06-13,2615,20,Male,New York,2023-05-06,101,T-shirt,Clothing,Brand A,25.0,2,50.0,Online
295,2024-06-14,2054,37,Male,Phoenix,2023-06-07,113,Coat,Outerwear,Brand D,180.0,1,180.0,Online
1122,2024-06-14,2189,41,Female,San Diego,2023-01-31,114,Parka,Outerwear,Brand B,150.0,1,150.0,Online
1417,2024-06-14,2236,21,Male,Houston,2022-10-24,108,Hoodie,Clothing,Brand C,55.0,2,110.0,In-Store
3960,2024-06-14,2606,38,Male,Los Angeles,2022-06-03,114,Parka,Outerwear,Brand B,150.0,1,150.0,Online
3306,2024-06-14,2515,23,Female,San Antonio,2022-03-31,101,T-shirt,Clothing,Brand A,25.0,2,50.0,Online
4704,2024-06-14,2720,20,Female,Miami,2023-08-06,105,Hat,Accessories,Brand E,22.5,2,45.0,Online
270,2024-06-14,2051,34,Male,San Diego,2022-04-30,115,Blazer,Outerwear,Brand A,130.0,1,130.0,In-Store
2818,2024-06-14,2429,27,Male,Houston,2024-03-07,105,Hat,Accessories,Brand E,22.5,1,22.5,Online
2776,2024-06-14,2421,19,Male,Phoenix,2022-12-20,103,Sneakers,Footwear,Brand C,30.0,2,60.0,In-Store
3197,2024-06-14,2499,41,Male,Houston,2022-02-25,112,Running Shoes,Footwear,Brand C,85.0,1,85.0,In-Store
5124,2024-06-15,2777,57,Male,Miami,2023-07-31,104,Jacket,Outerwear,Brand D,120.0,3,360.0,In-Store
2867,2024-06-15,2438,47,Male,Miami,2022-05-12,101,T-shirt,Clothing,Brand A,25.0,1,25.0,In-Store
101,2024-06-15,2024,61,Male,Chicago,2021-02-04,106,Shirt,Clothing,Brand A,40.0,1,40.0,In-Store
2647,2024-06-15,2407,21,Male,San Antonio,2023-03-15,116,Belt,Accessories,Brand A,20.0,2,40.0,Online
1244,2024-06-15,2212,30,Male,San Antonio,2022-03-13,105,Hat,Accessories,Brand E,22.5,2,45.0,In-Store
4871,2024-06-15,2737,20,Male,Philadelphia,2023-04-17,107,Dress,Clothing,Brand B,65.0,1,65.0,Online
4192,2024-06-15,2644,24,Female,Philadelphia,2024-02-17,116,Belt,Accessories,Brand A,20.0,1,20.0,Online
77,2024-06-15,2021,36,Male,Dallas,2021-01-02,119,Sunglasses,Accessories,Brand C,45.0,1,45.0,In-Store
3863,2024-06-15,2590,32,Female,Phoenix,2023-03-16,113,Coat,Outerwear,Brand D,180.0,1,180.0,Online
1326,2024-06-15,2223,43,Female,Los Angeles,2022-01-08,114,Parka,Outerwear,Brand B,150.0,2,300.0,In-Store
271,2024-06-16,2051,34,Male,San Diego,2022-04-30,113,Coat,Outerwear,Brand D,180.0,1,180.0,Online
3641,2024-06-16,2560,23,Female,Los Angeles,2023-12-13,109,Shorts,Clothing,Brand E,30.0,2,60.0,In-Store
5244,2024-06-16,2790,57,Female,Philadelphia,2021-05-04,112,Running Shoes,Footwear,Brand C,85.0,1,85.0,In-Store
4007,2024-06-16,2615,20,Male,New York,2023-05-06,117,Scarf,Accessories,Brand E,18.0,2,36.0,Online
990,2024-06-16,2172,40,Female,Houston,2021-05-15,109,Shorts,Clothing,Brand E,30.0,2,60.0,In-Store
24,2024-06-16,2011,22,Female,Chicago,2021-01-18,101,T-shirt,Clothing,Brand A,25.0,2,50.0,Online
4941,2024-06-17,2746,40,Male,Dallas,2021-12-14,113,Coat,Outerwear,Brand D,180.0,1,180.0,Online
3509,2024-06-17,2544,25,Male,Philadelphia,2023-10-17,116,Belt,Accessories,Brand A,20.0,4,80.0,In-Store
399,2024-06-17,2074,21,Female,San Antonio,2022-08-20,119,Sunglasses,Accessories,Brand C,45.0,3,135.0,Online
3971,2024-06-17,2608,18,Male,New York,2022-09-28,103,Sneakers,Footwear,Brand C,30.0,1,30.0,Online
522,2024-06-17,2091,41,Female,Phoenix,2021-05-31,115,Blazer,Outerwear,Brand A,130.0,1,130.0,Online
2582,2024-06-17,2398,19,Male,San Antonio,2022-10-18,109,Shorts,Clothing,Brand E,30.0,1,30.0,Online
3996,2024-06-17,2613,33,Female,San Diego,2023-06-09,113,Coat,Outerwear,Brand D,180.0,1,180.0,Online
805,2024-06-17,2137,32,Male,Philadelphia,2023-10-08,113,Coat,Outerwear,Brand D,180.0,1,180.0,Online
2784,2024-06-17,2422,54,Female,Philadelphia,2024-02-18,115,Blazer,Outerwear,Brand A,130.0,1,130.0,In-Store
2746,2024-06-17,2417,37,Female,San Antonio,2023-07-19,115,Blazer,Outerwear,Brand A,130.0,1,130.0,Online
2852,2024-06-17,2434,41,Female,San Diego,2023-08-30,113,Coat,Outerwear,Brand D,180.0,1,180.0,In-Store
4155,2024-06-17,2638,36,Male,Philadelphia,2021-06-03,113,Coat,Outerwear,Brand D,180.0,1,180.0,In-Store
1441,2024-06-18,2244,34,Female,Los Angeles,2023-11-05,113,Coat,Outerwear,Brand D,180.0,1,180.0,Online
841,2024-06-18,2145,46,Male,Houston,2021-09-09,104,Jacket,Outerwear,Brand D,120.0,1,120.0,In-Store
2385,2024-06-18,2369,23,Male,Philadelphia,2022-03-04,120,Cap,Accessories,Brand E,15.0,2,30.0,Online
2751,2024-06-18,2419,57,Male,San Diego,2024-03-31,114,Parka,Outerwear,Brand B,150.0,1,150.0,In-Store
2777,2024-06-19,2421,19,Male,Phoenix,2022-12-20,106,Shirt,Clothing,Brand A,40.0,1,40.0,Online
3083,2024-06-19,2475,35,Female,Los Angeles,2023-12-20,115,Blazer,Outerwear,Brand A,130.0,1,130.0,In-Store
2236,2024-06-19,2352,34,Male,Miami,2021-03-27,113,Coat,Outerwear,Brand D,180.0,1,180.0,Online
4250,2024-06-19,2653,61,Male,New York,2024-06-07,113,Coat,Outerwear,Brand D,180.0,1,180.0,In-Store
2151,2024-06-19,2339,40,Male,San Diego,2024-02-24,119,Sunglasses,Accessories,Brand C,45.0,1,45.0,Online
5125,2024-06-20,2777,57,Male,Miami,2023-07-31,109,Shorts,Clothing,Brand E,30.0,1,30.0,In-Store
2131,2024-06-20,2337,23,Male,New York,2023-08-21,111,Sandals,Footwear,Brand E,35.0,3,105.0,Online
5016,2024-06-20,2760,37,Female,Philadelphia,2024-02-07,114,Parka,Outerwear,Brand B,150.0,1,150.0,In-Store
3007,2024-06-20,2460,56,Female,San Diego,2021-04-05,113,Coat,Outerwear,Brand D,180.0,1,180.0,In-Store
3328,2024-06-20,2517,40,Male,Miami,2022-08-12,113,Coat,Outerwear,Brand D,180.0,2,360.0,In-Store
3589,2024-06-20,2552,45,Male,Houston,2023-01-25,104,Jacket,Outerwear,Brand D,120.0,1,120.0,In-Store
4810,2024-06-20,2731,22,Male,Los Angeles,2022-03-22,119,Sunglasses,Accessories,Brand C,45.0,2,90.0,Online
1071,2024-06-21,2182,50,Female,San Diego,2024-01-29,109,Shorts,Clothing,Brand E,30.0,1,30.0,In-Store
4951,2024-06-21,2749,41,Female,New York,2023-12-10,110,Boots,Footwear,Brand D,110.0,1,110.0,Online
1426,2024-06-21,2240,63,Male,Los Angeles,2024-04-13,101,T-shirt,Clothing,Brand A,25.0,1,25.0,In-Store
68,2024-06-21,2020,21,Female,San Diego,2023-03-08,109,Shorts,Clothing,Brand E,30.0,1,30.0,Online
3672,2024-06-21,2562,20,Male,New York,2021-09-10,106,Shirt,Clothing,Brand A,40.0,1,40.0,Online
1216,2024-06-21,2206,29,Female,Miami,2021-04-11,111,Sandals,Footwear,Brand E,35.0,3,105.0,In-Store
2054,2024-06-21,2324,18,Female,Phoenix,2022-02-06,101,T-shirt,Clothing,Brand A,25.0,4,100.0,Online
3429,2024-06-21,2531,46,Male,Miami,2021-09-11,113,Coat,Outerwear,Brand D,180.0,1,180.0,Online
227,2024-06-21,2045,42,Female,Los Angeles,2022-01-19,114,Parka,Outerwear,Brand B,150.0,1,150.0,In-Store
1554,2024-06-22,2258,38,Female,Miami,2021-03-15,107,Dress,Clothing,Brand B,65.0,1,65.0,In-Store
857,2024-06-22,2147,24,Male,Chicago,2021-08-24,105,Hat,Accessories,Brand E,22.5,1,22.5,Online
3779,2024-06-22,2580,18,Female,San Diego,2023-05-31,119,Sunglasses,Accessories,Brand C,45.0,1,45.0,Online
1804,2024-06-22,2293,60,Female,Los Angeles,2021-05-26,110,Boots,Footwear,Brand D,110.0,1,110.0,In-Store
3895,2024-06-22,2596,54,Female,San Diego,2021-02-10,101,T-shirt,Clothing,Brand A,25.0,1,25.0,Online
262,2024-06-22,2050,40,Male,San Diego,2023-06-12,102,Jeans,Clothing,Brand B,75.0,2,150.0,Online
1343,2024-06-23,2226,22,Male,Chicago,2021-10-21,106,Shirt,Clothing,Brand A,40.0,1,40.0,Online
3896,2024-06-23,2596,54,Female,San Diego,2021-02-10,109,Shorts,Clothing,Brand E,30.0,1,30.0,Online
4705,2024-06-23,2720,20,Female,Miami,2023-08-06,107,Dress,Clothing,Brand B,65.0,1,65.0,In-Store
1509,2024-06-23,2254,57,Female,Philadelphia,2023-12-28,103,Sneakers,Footwear,Brand C,30.0,3,90.0,In-Store
4764,2024-06-23,2726,61,Female,Philadelphia,2021-01-07,112,Running Shoes,Footwear,Brand C,85.0,1,85.0,Online
1847,2024-06-24,2297,23,Female,Dallas,2021-05-17,116,Belt,Accessories,Brand A,20.0,1,20.0,Online
3510,2024-06-24,2544,25,Male,Philadelphia,2023-10-17,103,Sneakers,Footwear,Brand C,30.0,2,60.0,Online
3897,2024-06-24,2596,54,Female,San Diego,2021-02-10,108,Hoodie,Clothing,Brand C,55.0,1,55.0,In-Store
2486,2024-06-24,2381,47,Female,New York,2023-07-09,118,Bag,Accessories,Brand B,60.0,1,60.0,Online
4521,2024-06-24,2694,33,Male,Los Angeles,2022-02-27,113,Coat,Outerwear,Brand D,180.0,1,180.0,In-Store
35,2024-06-24,2013,39,Female,San Diego,2023-07-04,114,Parka,Outerwear,Brand B,150.0,2,300.0,Online
1356,2024-06-24,2228,55,Male,Los Angeles,2023-03-06,114,Parka,Outerwear,Brand B,150.0,1,150.0,In-Store
427,2024-06-24,2080,22,Female,Miami,2023-04-28,120,Cap,Accessories,Brand E,15.0,3,45.0,Online
316,2024-06-24,2061,38,Male,Chicago,2021-03-15,115,Blazer,Outerwear,Brand A,130.0,2,260.0,In-Store
3407,2024-06-24,2528,27,Female,New York,2022-09-27,103,Sneakers,Footwear,Brand C,30.0,5,150.0,Online
4415,2024-06-24,2675,23,Female,Chicago,2023-07-05,103,Sneakers,Footwear,Brand C,30.0,1,30.0,Online
1662,2024-06-24,2276,44,Male,Philadelphia,2024-05-22,109,Shorts,Clothing,Brand E,30.0,1,30.0,In-Store
4811,2024-06-24,2731,22,Male,Los Angeles,2022-03-22,101,T-shirt,Clothing,Brand A,25.0,1,25.0,In-Store
777,2024-06-24,2130,28,Female,Houston,2023-11-01,105,Hat,Accessories,Brand E,22.5,2,45.0,Online
3609,2024-06-25,2553,22,Male,Chicago,2022-08-23,105,Hat,Accessories,Brand E,22.5,2,45.0,In-Store
4209,2024-06-25,2647,67,Female,Phoenix,2022-06-10,112,Running Shoes,Footwear,Brand C,85.0,2,170.0,In-Store
2322,2024-06-25,2363,20,Female,Philadelphia,2022-11-03,108,Hoodie,Clothing,Brand C,55.0,1,55.0,Online
3329,2024-06-25,2517,40,Male,Miami,2022-08-12,114,Parka,Outerwear,Brand B,150.0,1,150.0,Online
4589,2024-06-25,2703,23,Male,Dallas,2023-09-06,108,Hoodie,Clothing,Brand C,55.0,3,165.0,Online
1063,2024-06-25,2180,21,Male,Phoenix,2022-11-08,117,Scarf,Accessories,Brand E,18.0,1,18.0,Online
2474,2024-06-25,2380,69,Male,Los Angeles,2022-12-28,102,Jeans,Clothing,Brand B,75.0,1,75.0,Online
2067,2024-06-25,2325,18,Male,Miami,2023-06-29,108,Hoodie,Clothing,Brand C,55.0,1,55.0,Online
1195,2024-06-26,2203,27,Male,Dallas,2024-01-13,111,Sandals,Footwear,Brand E,35.0,2,70.0,Online
25,2024-06-26,2011,22,Female,Chicago,2021-01-18,101,T-shirt,Clothing,Brand A,25.0,4,100.0,Online
2298,2024-06-26,2361,19,Female,San Antonio,2023-02-27,117,Scarf,Accessories,Brand E,18.0,3,54.0,Online
544,2024-06-26,2095,53,Male,Philadelphia,2021-07-08,101,T-shirt,Clothing,Brand A,25.0,1,25.0,Online
2928,2024-06-26,2446,49,Female,Phoenix,2021-09-20,113,Coat,Outerwear,Brand D,180.0,1,180.0,In-Store
3811,2024-06-26,2584,55,Male,San Antonio,2021-10-26,102,Jeans,Clothing,Brand B,75.0,1,75.0,Online
3922,2024-06-26,2602,63,Female,Phoenix,2021-01-22,113,Coat,Outerwear,Brand D,180.0,1,180.0,In-Store
3553,2024-06-26,2548,26,Female,Los Angeles,2021-04-15,120,Cap,Accessories,Brand E,15.0,2,30.0,Online
2508,2024-06-27,2389,30,Female,Los Angeles,2022-10-16,113,Coat,Outerwear,Brand D,180.0,1,180.0,Online
3511,2024-06-27,2544,25,Male,Philadelphia,2023-10-17,106,Shirt,Clothing,Brand A,40.0,1,40.0,Online
2583,2024-06-27,2398,19,Male,San Antonio,2022-10-18,109,Shorts,Clothing,Brand E,30.0,1,30.0,Online
4448,2024-06-27,2679,28,Male,Miami,2022-10-05,115,Blazer,Outerwear,Brand A,130.0,2,260.0,In-Store
1732,2024-06-27,2286,43,Female,Phoenix,2022-03-11,113,Coat,Outerwear,Brand D,180.0,1,180.0,Online
1097,2024-06-27,2187,27,Female,Chicago,2024-05-11,107,Dress,Clothing,Brand B,65.0,1,65.0,Online
3527,2024-06-27,2545,37,Male,New York,2022-07-05,115,Blazer,Outerwear,Brand A,130.0,1,130.0,Online
2617,2024-06-27,2404,28,Male,Chicago,2022-05-31,108,Hoodie,Clothing,Brand C,55.0,1,55.0,Online
2116,2024-06-27,2334,51,Male,Los Angeles,2021-12-14,114,Parka,Outerwear,Brand B,150.0,2,300.0,In-Store
2068,2024-06-27,2325,18,Male,Miami,2023-06-29,108,Hoodie,Clothing,Brand C,55.0,2,110.0,Online
2323,2024-06-28,2363,20,Female,Philadelphia,2022-11-03,106,Shirt,Clothing,Brand A,40.0,2,80.0,Online
2272,2024-06-28,2358,58,Female,Miami,2023-09-03,107,Dress,Clothing,Brand B,65.0,2,130.0,In-Store
194,2024-06-28,2041,21,Female,Phoenix,2023-08-25,110,Boots,Footwear,Brand D,110.0,2,220.0,Online
1271,2024-06-28,2215,54,Female,Chicago,2021-03-26,102,Jeans,Clothing,Brand B,75.0,1,75.0,In-Store
2132,2024-06-28,2337,23,Male,New York,2023-08-21,117,Scarf,Accessories,Brand E,18.0,2,36.0,Online
4193,2024-06-28,2644,24,Female,Philadelphia,2024-02-17,103,Sneakers,Footwear,Brand C,30.0,1,30.0,Online
366,2024-06-28,2071,32,Female,Miami,2022-08-31,114,Parka,Outerwear,Brand B,150.0,1,150.0,In-Store
4279,2024-06-28,2656,23,Female,New York,2021-01-22,106,Shirt,Clothing,Brand A,40.0,1,40.0,Online
3898,2024-06-28,2597,54,Male,Los Angeles,2024-04-13,120,Cap,Accessories,Brand E,15.0,1,15.0,In-Store
2602,2024-06-28,2400,24,Male,New York,2023-07-31,111,Sandals,Footwear,Brand E,35.0,3,105.0,Online
765,2024-06-29,2128,19,Male,Chicago,2022-06-21,117,Scarf,Accessories,Brand E,18.0,1,18.0,Online
799,2024-06-29,2135,21,Female,New York,2024-06-23,105,Hat,Accessories,Brand E,22.5,1,22.5,Online
4493,2024-06-29,2688,35,Male,San Diego,2022-06-07,114,Parka,Outerwear,Brand B,150.0,1,150.0,Online
3147,2024-06-29,2491,42,Male,Houston,2021-10-24,114,Parka,Outerwear,Brand B,150.0,1,150.0,In-Store
5110,2024-06-29,2773,61,Male,Miami,2021-08-28,107,Dress,Clothing,Brand B,65.0,1,65.0,In-Store
127,2024-06-29,2029,31,Male,Miami,2022-01-30,106,Shirt,Clothing,Brand A,40.0,1,40.0,Online
5095,2024-06-29,2770,26,Male,Chicago,2022-05-19,109,Shorts,Clothing,Brand E,30.0,1,30.0,Online
2021,2024-06-30,2321,22,Female,Phoenix,2023-06-30,116,Belt,Accessories,Brand A,20.0,1,20.0,Online
4997,2024-06-30,2754,24,Female,Chicago,2024-06-03,101,T-shirt,Clothing,Brand A,25.0,1,25.0,Online
537,2024-06-30,2093,21,Male,Miami,2024-05-15,116,Belt,Accessories,Brand A,20.0,1,20.0,Online
2546,2024-06-30,2394,36,Male,Miami,2024-04-30,105,Hat,Accessories,Brand E,22.5,1,22.5,In-Store
3134,2024-06-30,2485,40,Female,Phoenix,2023-05-21,107,Dress,Clothing,Brand B,65.0,3,195.0,Online
1878,2024-06-30,2298,20,Male,Chicago,2021-07-27,111,Sandals,Footwear,Brand E,35.0,1,35.0,Online
3065,2024-06-30,2472,31,Female,Chicago,2023-11-20,118,Bag,Accessories,Brand B,60.0,1,60.0,Online
4334,2024-07-01,2665,31,Female,Philadelphia,2021-07-15,102,Jeans,Clothing,Brand B,75.0,1,75.0,In-Store
4991,2024-07-01,2753,23,Male,San Antonio,2023-11-29,116,Belt,Accessories,Brand A,20.0,3,60.0,Online
161,2024-07-01,2036,21,Female,San Antonio,2022-11-12,112,Running Shoes,Footwear,Brand C,85.0,2,170.0,Online
2133,2024-07-01,2337,23,Male,New York,2023-08-21,119,Sunglasses,Accessories,Brand C,45.0,1,45.0,Online
1427,2024-07-01,2240,63,Male,Los Angeles,2024-04-13,102,Jeans,Clothing,Brand B,75.0,1,75.0,In-Store
2730,2024-07-01,2414,21,Male,San Diego,2022-04-11,112,Running Shoes,Footwear,Brand C,85.0,1,85.0,Online
1726,2024-07-01,2285,35,Male,San Antonio,2023-10-07,116,Belt,Accessories,Brand A,20.0,1,20.0,In-Store
1510,2024-07-02,2254,57,Female,Philadelphia,2023-12-28,107,Dress,Clothing,Brand B,65.0,1,65.0,In-Store
1848,2024-07-02,2297,23,Female,Dallas,2021-05-17,117,Scarf,Accessories,Brand E,18.0,3,54.0,Online
1975,2024-07-03,2314,48,Male,Houston,2021-05-11,114,Parka,Outerwear,Brand B,150.0,2,300.0,In-Store
3236,2024-07-03,2504,50,Male,Dallas,2023-10-29,104,Jacket,Outerwear,Brand D,120.0,1,120.0,In-Store
2440,2024-07-03,2375,21,Male,New York,2023-12-22,119,Sunglasses,Accessories,Brand C,45.0,1,45.0,Online
3961,2024-07-03,2606,38,Male,Los Angeles,2022-06-03,114,Parka,Outerwear,Brand B,150.0,1,150.0,Online
822,2024-07-03,2138,59,Male,Phoenix,2023-04-10,116,Belt,Accessories,Brand A,20.0,1,20.0,In-Store
785,2024-07-04,2131,40,Female,Houston,2022-10-22,101,T-shirt,Clothing,Brand A,25.0,2,50.0,In-Store
1672,2024-07-04,2277,28,Male,Philadelphia,2023-03-16,116,Belt,Accessories,Brand A,20.0,2,40.0,Online
2263,2024-07-04,2357,26,Female,San Diego,2022-10-11,109,Shorts,Clothing,Brand E,30.0,1,30.0,Online
349,2024-07-04,2070,24,Male,San Antonio,2023-01-13,120,Cap,Accessories,Brand E,15.0,2,30.0,Online
4714,2024-07-04,2721,23,Female,Miami,2024-04-13,117,Scarf,Accessories,Brand E,18.0,2,36.0,Online
5096,2024-07-04,2770,26,Male,Chicago,2022-05-19,106,Shirt,Clothing,Brand A,40.0,3,120.0,Online
3610,2024-07-04,2553,22,Male,Chicago,2022-08-23,111,Sandals,Footwear,Brand E,35.0,1,35.0,In-Store
3619,2024-07-05,2555,35,Male,San Diego,2024-04-27,113,Coat,Outerwear,Brand D,180.0,2,360.0,In-Store
2107,2024-07-05,2333,25,Female,Phoenix,2024-02-12,106,Shirt,Clothing,Brand A,40.0,2,80.0,In-Store
1849,2024-07-05,2297,23,Female,Dallas,2021-05-17,117,Scarf,Accessories,Brand E,18.0,1,18.0,Online
3274,2024-07-05,2511,42,Male,San Diego,2022-05-09,116,Belt,Accessories,Brand A,20.0,2,40.0,In-Store
1186,2024-07-05,2201,51,Male,Dallas,2023-10-31,113,Coat,Outerwear,Brand D,180.0,1,180.0,In-Store
4976,2024-07-05,2751,22,Male,Houston,2023-11-01,103,Sneakers,Footwear,Brand C,30.0,2,60.0,Online
3962,2024-07-05,2606,38,Male,Los Angeles,2022-06-03,113,Coat,Outerwear,Brand D,180.0,1,180.0,Online
2536,2024-07-05,2392,40,Female,Dallas,2021-01-22,106,Shirt,Clothing,Brand A,40.0,1,40.0,Online
3974,2024-07-05,2609,41,Female,Phoenix,2023-09-06,108,Hoodie,Clothing,Brand C,55.0,1,55.0,Online
645,2024-07-06,2109,21,Female,New York,2022-04-01,116,Belt,Accessories,Brand A,20.0,3,60.0,Online
562,2024-07-06,2097,56,Male,Phoenix,2021-05-03,107,Dress,Clothing,Brand B,65.0,2,130.0,In-Store
3642,2024-07-06,2560,23,Female,Los Angeles,2023-12-13,106,Shirt,Clothing,Brand A,40.0,1,40.0,Online
2069,2024-07-06,2325,18,Male,Miami,2023-06-29,120,Cap,Accessories,Brand E,15.0,3,45.0,Online
1401,2024-07-06,2234,36,Female,San Antonio,2022-06-05,103,Sneakers,Footwear,Brand C,30.0,1,30.0,Online
3864,2024-07-06,2590,32,Female,Phoenix,2023-03-16,115,Blazer,Outerwear,Brand A,130.0,1,130.0,Online
4479,2024-07-06,2684,19,Male,San Diego,2024-03-17,106,Shirt,Clothing,Brand A,40.0,2,80.0,Online
1310,2024-07-06,2222,42,Male,Dallas,2022-01-17,113,Coat,Outerwear,Brand D,180.0,1,180.0,In-Store
1879,2024-07-06,2298,20,Male,Chicago,2021-07-27,106,Shirt,Clothing,Brand A,40.0,1,40.0,Online
571,2024-07-06,2099,57,Female,Dallas,2024-03-03,107,Dress,Clothing,Brand B,65.0,1,65.0,In-Store
3936,2024-07-07,2603,24,Male,San Diego,2022-02-18,107,Dress,Clothing,Brand B,65.0,1,65.0,In-Store
3848,2024-07-07,2589,40,Male,Houston,2024-05-25,104,Jacket,Outerwear,Brand D,120.0,1,120.0,In-Store
4026,2024-07-07,2616,54,Male,Houston,2021-09-04,109,Shorts,Clothing,Brand E,30.0,1,30.0,In-Store
4181,2024-07-07,2642,52,Female,San Antonio,2021-03-19,105,Hat,Accessories,Brand E,22.5,1,22.5,Online
4758,2024-07-07,2725,22,Male,Houston,2023-03-04,117,Scarf,Accessories,Brand E,18.0,2,36.0,Online
2324,2024-07-07,2363,20,Female,Philadelphia,2022-11-03,116,Belt,Accessories,Brand A,20.0,1,20.0,Online
1921,2024-07-08,2306,35,Male,Chicago,2023-07-12,113,Coat,Outerwear,Brand D,180.0,1,180.0,Online
400,2024-07-08,2074,21,Female,San Antonio,2022-08-20,105,Hat,Accessories,Brand E,22.5,1,22.5,Online
842,2024-07-08,2145,46,Male,Houston,2021-09-09,108,Hoodie,Clothing,Brand C,55.0,1,55.0,In-Store
3044,2024-07-08,2469,56,Male,San Diego,2021-07-06,109,Shorts,Clothing,Brand E,30.0,1,30.0,In-Store
3084,2024-07-08,2475,35,Female,Los Angeles,2023-12-20,113,Coat,Outerwear,Brand D,180.0,1,180.0,Online
4482,2024-07-08,2686,42,Male,Miami,2023-08-13,103,Sneakers,Footwear,Brand C,30.0,1,30.0,In-Store
538,2024-07-08,2093,21,Male,Miami,2024-05-15,109,Shorts,Clothing,Brand E,30.0,2,60.0,In-Store
1245,2024-07-09,2212,30,Male,San Antonio,2022-03-13,105,Hat,Accessories,Brand E,22.5,2,45.0,Online
5219,2024-07-09,2787,42,Female,San Diego,2023-03-19,107,Dress,Clothing,Brand B,65.0,1,65.0,In-Store
1068,2024-07-09,2181,43,Female,Chicago,2021-10-25,115,Blazer,Outerwear,Brand A,130.0,1,130.0,Online
3673,2024-07-09,2562,20,Male,New York,2021-09-10,117,Scarf,Accessories,Brand E,18.0,3,54.0,Online
3254,2024-07-09,2506,23,Female,New York,2023-05-17,101,T-shirt,Clothing,Brand A,25.0,1,25.0,Online
4495,2024-07-09,2689,21,Male,San Diego,2024-03-08,101,T-shirt,Clothing,Brand A,25.0,2,50.0,Online
86,2024-07-09,2022,36,Male,Chicago,2021-05-20,108,Hoodie,Clothing,Brand C,55.0,1,55.0,In-Store
4082,2024-07-10,2623,24,Male,Philadelphia,2021-12-29,103,Sneakers,Footwear,Brand C,30.0,2,60.0,Online
4027,2024-07-10,2616,54,Male,Houston,2021-09-04,112,Running Shoes,Footwear,Brand C,85.0,1,85.0,In-Store
2464,2024-07-10,2379,54,Male,Dallas,2022-01-10,107,Dress,Clothing,Brand B,65.0,1,65.0,In-Store
5202,2024-07-10,2786,25,Male,San Diego,2023-10-29,101,T-shirt,Clothing,Brand A,25.0,1,25.0,Online
250,2024-07-10,2049,23,Male,Phoenix,2022-07-21,117,Scarf,Accessories,Brand E,18.0,1,18.0,Online
2398,2024-07-10,2370,18,Male,Dallas,2021-03-18,105,Hat,Accessories,Brand E,22.5,1,22.5,Online
3467,2024-07-10,2537,58,Female,San Diego,2022-04-26,116,Belt,Accessories,Brand A,20.0,2,40.0,In-Store
3351,2024-07-10,2519,47,Male,Houston,2021-06-27,110,Boots,Footwear,Brand D,110.0,1,110.0,In-Store
2648,2024-07-10,2407,21,Male,San Antonio,2023-03-15,106,Shirt,Clothing,Brand A,40.0,1,40.0,Online
2226,2024-07-10,2350,41,Male,Phoenix,2023-08-28,112,Running Shoes,Footwear,Brand C,85.0,1,85.0,In-Store
1620,2024-07-11,2271,26,Male,Philadelphia,2021-09-27,106,Shirt,Clothing,Brand A,40.0,2,80.0,Online
2668,2024-07-11,2409,28,Female,Miami,2021-03-20,114,Parka,Outerwear,Brand B,150.0,1,150.0,Online
858,2024-07-11,2147,24,Male,Chicago,2021-08-24,108,Hoodie,Clothing,Brand C,55.0,3,165.0,Online
3674,2024-07-11,2562,20,Male,New York,2021-09-10,120,Cap,Accessories,Brand E,15.0,2,30.0,Online
3533,2024-07-11,2546,55,Male,Philadelphia,2023-12-25,108,Hoodie,Clothing,Brand C,55.0,1,55.0,In-Store
1880,2024-07-11,2298,20,Male,Chicago,2021-07-27,109,Shorts,Clothing,Brand E,30.0,1,30.0,Online
3909,2024-07-11,2601,26,Female,San Diego,2024-05-23,118,Bag,Accessories,Brand B,60.0,1,60.0,Online
263,2024-07-11,2050,40,Male,San Diego,2023-06-12,109,Shorts,Clothing,Brand E,30.0,1,30.0,In-Store
939,2024-07-11,2162,37,Female,Houston,2021-11-16,113,Coat,Outerwear,Brand D,180.0,2,360.0,Online
431,2024-07-11,2081,24,Female,San Diego,2021-07-05,106,Shirt,Clothing,Brand A,40.0,1,40.0,Online
2693,2024-07-11,2411,45,Male,Chicago,2021-04-28,106,Shirt,Clothing,Brand A,40.0,2,80.0,In-Store
1621,2024-07-12,2271,26,Male,Philadelphia,2021-09-27,101,T-shirt,Clothing,Brand A,25.0,2,50.0,Online
2185,2024-07-12,2342,21,Male,Los Angeles,2021-08-07,106,Shirt,Clothing,Brand A,40.0,1,40.0,In-Store
3108,2024-07-12,2482,52,Male,Chicago,2022-03-27,104,Jacket,Outerwear,Brand D,120.0,2,240.0,In-Store
2256,2024-07-12,2356,20,Female,Houston,2021-12-28,112,Running Shoes,Footwear,Brand C,85.0,2,170.0,Online
2487,2024-07-12,2381,47,Female,New York,2023-07-09,106,Shirt,Clothing,Brand A,40.0,1,40.0,Online
2134,2024-07-13,2337,23,Male,New York,2023-08-21,111,Sandals,Footwear,Brand E,35.0,2,70.0,Online
1657,2024-07-13,2275,53,Male,San Diego,2021-09-28,107,Dress,Clothing,Brand B,65.0,1,65.0,In-Store
2626,2024-07-13,2406,35,Female,Philadelphia,2022-05-11,104,Jacket,Outerwear,Brand D,120.0,1,120.0,In-Store
2475,2024-07-13,2380,69,Male,Los Angeles,2022-12-28,107,Dress,Clothing,Brand B,65.0,1,65.0,In-Store
4251,2024-07-13,2653,61,Male,New York,2024-06-07,106,Shirt,Clothing,Brand A,40.0,1,40.0,Online
4506,2024-07-13,2692,52,Male,Philadelphia,2021-11-10,113,Coat,Outerwear,Brand D,180.0,1,180.0,In-Store
421,2024-07-13,2079,34,Female,Phoenix,2023-09-07,114,Parka,Outerwear,Brand B,150.0,1,150.0,In-Store
3816,2024-07-13,2586,26,Male,Philadelphia,2024-06-22,101,T-shirt,Clothing,Brand A,25.0,3,75.0,Online
5097,2024-07-14,2770,26,Male,Chicago,2022-05-19,116,Belt,Accessories,Brand A,20.0,2,40.0,In-Store
1555,2024-07-14,2258,38,Female,Miami,2021-03-15,113,Coat,Outerwear,Brand D,180.0,1,180.0,In-Store
4449,2024-07-14,2680,24,Female,Miami,2022-06-18,108,Hoodie,Clothing,Brand C,55.0,1,55.0,Online
3728,2024-07-14,2570,39,Female,Philadelphia,2023-06-15,113,Coat,Outerwear,Brand D,180.0,1,180.0,In-Store
328,2024-07-15,2068,37,Female,San Diego,2022-01-22,104,Jacket,Outerwear,Brand D,120.0,2,240.0,In-Store
3271,2024-07-15,2510,39,Male,Philadelphia,2022-12-06,114,Parka,Outerwear,Brand B,150.0,1,150.0,Online
2287,2024-07-15,2360,64,Female,Houston,2022-11-14,102,Jeans,Clothing,Brand B,75.0,1,75.0,In-Store
338,2024-07-15,2069,18,Male,Chicago,2023-11-18,112,Running Shoes,Footwear,Brand C,85.0,3,255.0,Online
1395,2024-07-15,2233,28,Female,New York,2023-03-15,116,Belt,Accessories,Brand A,20.0,2,40.0,In-Store
4144,2024-07-15,2637,24,Male,Phoenix,2024-02-18,112,Running Shoes,Footwear,Brand C,85.0,2,170.0,Online
1459,2024-07-15,2246,56,Female,Houston,2021-08-05,102,Jeans,Clothing,Brand B,75.0,2,150.0,In-Store
3865,2024-07-15,2590,32,Female,Phoenix,2023-03-16,113,Coat,Outerwear,Brand D,180.0,2,360.0,Online
951,2024-07-15,2165,25,Female,Miami,2024-06-05,119,Sunglasses,Accessories,Brand C,45.0,2,90.0,Online
2399,2024-07-16,2370,18,Male,Dallas,2021-03-18,109,Shorts,Clothing,Brand E,30.0,2,60.0,Online
12,2024-07-16,2008,35,Female,Miami,2023-10-19,113,Coat,Outerwear,Brand D,180.0,1,180.0,Online
1638,2024-07-16,2273,52,Female,San Antonio,2022-12-30,110,Boots,Footwear,Brand D,110.0,1,110.0,Online
1246,2024-07-16,2212,30,Male,San Antonio,2022-03-13,105,Hat,Accessories,Brand E,22.5,2,45.0,Online
1311,2024-07-16,2222,42,Male,Dallas,2022-01-17,114,Parka,Outerwear,Brand B,150.0,1,150.0,Online
2584,2024-07-16,2398,19,Male,San Antonio,2022-10-18,106,Shirt,Clothing,Brand A,40.0,1,40.0,Online
1850,2024-07-16,2297,23,Female,Dallas,2021-05-17,106,Shirt,Clothing,Brand A,40.0,1,40.0,Online
4872,2024-07-16,2737,20,Male,Philadelphia,2023-04-17,117,Scarf,Accessories,Brand E,18.0,1,18.0,Online
1952,2024-07-16,2309,38,Female,Miami,2023-11-21,114,Parka,Outerwear,Brand B,150.0,1,150.0,In-Store
572,2024-07-16,2099,57,Female,Dallas,2024-03-03,107,Dress,Clothing,Brand B,65.0,2,130.0,In-Store
1042,2024-07-16,2177,70,Female,Chicago,2022-04-20,115,Blazer,Outerwear,Brand A,130.0,1,130.0,In-Store
2814,2024-07-16,2428,37,Female,San Antonio,2021-09-09,113,Coat,Outerwear,Brand D,180.0,1,180.0,In-Store
875,2024-07-17,2152,48,Male,Philadelphia,2022-10-17,113,Coat,Outerwear,Brand D,180.0,1,180.0,In-Store
4008,2024-07-17,2615,20,Male,New York,2023-05-06,117,Scarf,Accessories,Brand E,18.0,1,18.0,Online
3372,2024-07-17,2523,35,Female,San Antonio,2021-08-03,113,Coat,Outerwear,Brand D,180.0,1,180.0,Online
4597,2024-07-17,2705,55,Male,Houston,2023-02-20,106,Shirt,Clothing,Brand A,40.0,1,40.0,In-Store
1941,2024-07-17,2307,52,Female,Dallas,2022-12-16,101,T-shirt,Clothing,Brand A,25.0,2,50.0,In-Store
4327,2024-07-17,2664,27,Male,Phoenix,2021-03-06,109,Shorts,Clothing,Brand E,30.0,1,30.0,Online
4156,2024-07-18,2638,36,Male,Philadelphia,2021-06-03,114,Parka,Outerwear,Brand B,150.0,1,150.0,Online
2325,2024-07-18,2363,20,Female,Philadelphia,2022-11-03,106,Shirt,Clothing,Brand A,40.0,1,40.0,In-Store
4548,2024-07-18,2699,55,Male,Philadelphia,2023-07-12,104,Jacket,Outerwear,Brand D,120.0,2,240.0,Online
2808,2024-07-19,2427,27,Female,Chicago,2023-11-16,105,Hat,Accessories,Brand E,22.5,2,45.0,Online
1247,2024-07-19,2212,30,Male,San Antonio,2022-03-13,103,Sneakers,Footwear,Brand C,30.0,1,30.0,Online
3512,2024-07-19,2544,25,Male,Philadelphia,2023-10-17,103,Sneakers,Footwear,Brand C,30.0,2,60.0,Online
5114,2024-07-19,2775,50,Male,Phoenix,2024-06-18,110,Boots,Footwear,Brand D,110.0,1,110.0,In-Store
4083,2024-07-19,2623,24,Male,Philadelphia,2021-12-29,120,Cap,Accessories,Brand E,15.0,2,30.0,In-Store
1591,2024-07-20,2269,42,Male,San Antonio,2024-03-28,113,Coat,Outerwear,Brand D,180.0,1,180.0,Online
1234,2024-07-20,2209,34,Male,San Diego,2021-09-15,114,Parka,Outerwear,Brand B,150.0,1,150.0,Online
1881,2024-07-20,2298,20,Male,Chicago,2021-07-27,111,Sandals,Footwear,Brand E,35.0,2,70.0,Online
4564,2024-07-20,2700,55,Male,Los Angeles,2023-02-03,102,Jeans,Clothing,Brand B,75.0,1,75.0,Online
1573,2024-07-20,2265,41,Male,San Diego,2021-04-06,102,Jeans,Clothing,Brand B,75.0,1,75.0,Online
3373,2024-07-20,2523,35,Female,San Antonio,2021-08-03,104,Jacket,Outerwear,Brand D,120.0,1,120.0,Online
1760,2024-07-20,2289,45,Male,Los Angeles,2021-07-31,114,Parka,Outerwear,Brand B,150.0,1,150.0,In-Store
950,2024-07-20,2164,45,Female,Philadelphia,2022-12-31,115,Blazer,Outerwear,Brand A,130.0,2,260.0,In-Store
1813,2024-07-20,2295,50,Female,Philadelphia,2021-08-11,114,Parka,Outerwear,Brand B,150.0,1,150.0,In-Store
2135,2024-07-20,2337,23,Male,New York,2023-08-21,111,Sandals,Footwear,Brand E,35.0,1,35.0,Online
2999,2024-07-20,2458,47,Female,Phoenix,2023-10-13,108,Hoodie,Clothing,Brand C,55.0,1,55.0,In-Store
4931,2024-07-20,2745,18,Male,Miami,2022-12-02,105,Hat,Accessories,Brand E,22.5,1,22.5,In-Store
1007,2024-07-21,2173,37,Female,Chicago,2021-09-15,113,Coat,Outerwear,Brand D,180.0,1,180.0,In-Store
4706,2024-07-21,2720,20,Female,Miami,2023-08-06,109,Shorts,Clothing,Brand E,30.0,1,30.0,In-Store
4215,2024-07-21,2649,31,Male,Chicago,2023-10-15,113,Coat,Outerwear,Brand D,180.0,1,180.0,In-Store
4986,2024-07-21,2752,44,Male,Dallas,2022-04-10,102,Jeans,Clothing,Brand B,75.0,1,75.0,Online
2896,2024-07-21,2442,51,Female,Houston,2021-04-06,107,Dress,Clothing,Brand B,65.0,1,65.0,Online
5327,2024-07-21,2802,24,Female,San Antonio,2021-06-18,109,Shorts,Clothing,Brand E,30.0,2,60.0,Online
646,2024-07-21,2109,21,Female,New York,2022-04-01,106,Shirt,Clothing,Brand A,40.0,1,40.0,Online
701,2024-07-21,2115,21,Male,San Diego,2021-04-30,105,Hat,Accessories,Brand E,22.5,2,45.0,Online
1173,2024-07-21,2197,25,Male,Philadelphia,2021-10-18,120,Cap,Accessories,Brand E,15.0,2,30.0,Online
2868,2024-07-22,2438,47,Male,Miami,2022-05-12,115,Blazer,Outerwear,Brand A,130.0,1,130.0,In-Store
4783,2024-07-22,2728,20,Female,Houston,2023-03-06,112,Running Shoes,Footwear,Brand C,85.0,2,170.0,In-Store
2819,2024-07-22,2429,27,Male,Houston,2024-03-07,103,Sneakers,Footwear,Brand C,30.0,1,30.0,Online
5035,2024-07-22,2761,22,Female,Dallas,2022-07-10,120,Cap,Accessories,Brand E,15.0,4,60.0,Online
5203,2024-07-22,2786,25,Male,San Diego,2023-10-29,106,Shirt,Clothing,Brand A,40.0,2,80.0,Online
2839,2024-07-22,2431,42,Female,Phoenix,2021-03-15,111,Sandals,Footwear,Brand E,35.0,1,35.0,In-Store
868,2024-07-22,2151,34,Male,Los Angeles,2024-01-27,113,Coat,Outerwear,Brand D,180.0,1,180.0,Online
3611,2024-07-22,2553,22,Male,Chicago,2022-08-23,106,Shirt,Clothing,Brand A,40.0,3,120.0,Online
3085,2024-07-22,2475,35,Female,Los Angeles,2023-12-20,104,Jacket,Outerwear,Brand D,120.0,1,120.0,In-Store
1791,2024-07-22,2292,21,Female,Houston,2022-10-12,116,Belt,Accessories,Brand A,20.0,1,20.0,Online
367,2024-07-22,2071,32,Female,Miami,2022-08-31,113,Coat,Outerwear,Brand D,180.0,1,180.0,Online
2959,2024-07-22,2451,43,Female,San Diego,2022-11-12,114,Parka,Outerwear,Brand B,150.0,1,150.0,In-Store
384,2024-07-22,2073,56,Female,New York,2023-04-29,110,Boots,Footwear,Brand D,110.0,1,110.0,In-Store
4784,2024-07-23,2728,20,Female,Houston,2023-03-06,117,Scarf,Accessories,Brand E,18.0,2,36.0,Online
1344,2024-07-23,2226,22,Male,Chicago,2021-10-21,117,Scarf,Accessories,Brand E,18.0,1,18.0,In-Store
4598,2024-07-23,2705,55,Male,Houston,2023-02-20,117,Scarf,Accessories,Brand E,18.0,1,18.0,In-Store
2897,2024-07-23,2442,51,Female,Houston,2021-04-06,115,Blazer,Outerwear,Brand A,130.0,1,130.0,In-Store
1072,2024-07-23,2182,50,Female,San Diego,2024-01-29,103,Sneakers,Footwear,Brand C,30.0,1,30.0,In-Store
4969,2024-07-23,2750,20,Female,Los Angeles,2021-07-20,102,Jeans,Clothing,Brand B,75.0,2,150.0,Online
606,2024-07-23,2102,26,Male,Dallas,2022-05-14,101,T-shirt,Clothing,Brand A,25.0,2,50.0,Online
3554,2024-07-23,2548,26,Female,Los Angeles,2021-04-15,120,Cap,Accessories,Brand E,15.0,2,30.0,Online
4970,2024-07-24,2750,20,Female,Los Angeles,2021-07-20,112,Running Shoes,Footwear,Brand C,85.0,3,255.0,Online
567,2024-07-24,2098,42,Female,Phoenix,2024-06-09,114,Parka,Outerwear,Brand B,150.0,1,150.0,In-Store
3307,2024-07-24,2515,23,Female,San Antonio,2022-03-31,109,Shorts,Clothing,Brand E,30.0,2,60.0,In-Store
2627,2024-07-24,2406,35,Female,Philadelphia,2022-05-11,114,Parka,Outerwear,Brand B,150.0,1,150.0,Online
1695,2024-07-24,2279,21,Female,Houston,2021-04-14,111,Sandals,Footwear,Brand E,35.0,1,35.0,Online
3650,2024-07-24,2561,23,Female,Phoenix,2024-03-08,101,T-shirt,Clothing,Brand A,25.0,2,50.0,Online
2882,2024-07-24,2439,57,Female,Los Angeles,2022-08-13,108,Hoodie,Clothing,Brand C,55.0,1,55.0,In-Store
778,2024-07-24,2130,28,Female,Houston,2023-11-01,118,Bag,Accessories,Brand B,60.0,1,60.0,Online
4252,2024-07-25,2653,61,Male,New York,2024-06-07,101,T-shirt,Clothing,Brand A,25.0,1,25.0,In-Store
1564,2024-07-25,2263,30,Male,San Diego,2021-01-05,113,Coat,Outerwear,Brand D,180.0,1,180.0,In-Store
350,2024-07-25,2070,24,Male,San Antonio,2023-01-13,109,Shorts,Clothing,Brand E,30.0,2,60.0,Online
2778,2024-07-25,2421,19,Male,Phoenix,2022-12-20,106,Shirt,Clothing,Brand A,40.0,1,40.0,Online
1696,2024-07-25,2279,21,Female,Houston,2021-04-14,109,Shorts,Clothing,Brand E,30.0,2,60.0,Online
3746,2024-07-25,2573,55,Female,Miami,2021-09-06,108,Hoodie,Clothing,Brand C,55.0,1,55.0,In-Store
3555,2024-07-25,2548,26,Female,Los Angeles,2021-04-15,109,Shorts,Clothing,Brand E,30.0,1,30.0,In-Store
4348,2024-07-25,2667,37,Female,Dallas,2022-06-10,113,Coat,Outerwear,Brand D,180.0,1,180.0,Online
2855,2024-07-25,2437,29,Male,New York,2024-05-01,113,Coat,Outerwear,Brand D,180.0,1,180.0,Online
738,2024-07-25,2122,23,Male,San Antonio,2022-08-15,109,Shorts,Clothing,Brand E,30.0,1,30.0,Online
4818,2024-07-25,2732,26,Female,Los Angeles,2021-07-26,106,Shirt,Clothing,Brand A,40.0,1,40.0,Online
78,2024-07-25,2021,36,Male,Dallas,2021-01-02,106,Shirt,Clothing,Brand A,40.0,1,40.0,Online
1180,2024-07-26,2199,26,Male,San Antonio,2021-03-16,110,Boots,Footwear,Brand D,110.0,1,110.0,In-Store
3528,2024-07-26,2545,37,Male,New York,2022-07-05,114,Parka,Outerwear,Brand B,150.0,2,300.0,In-Store
3513,2024-07-26,2544,25,Male,Philadelphia,2023-10-17,108,Hoodie,Clothing,Brand C,55.0,1,55.0,Online
2562,2024-07-26,2397,28,Male,Chicago,2024-01-12,103,Sneakers,Footwear,Brand C,30.0,1,30.0,Online
4084,2024-07-26,2623,24,Male,Philadelphia,2021-12-29,120,Cap,Accessories,Brand E,15.0,2,30.0,Online
1622,2024-07-26,2271,26,Male,Philadelphia,2021-09-27,101,T-shirt,Clothing,Brand A,25.0,1,25.0,Online
2856,2024-07-27,2437,29,Male,New York,2024-05-01,113,Coat,Outerwear,Brand D,180.0,1,180.0,In-Store
2869,2024-07-27,2438,47,Male,Miami,2022-05-12,101,T-shirt,Clothing,Brand A,25.0,1,25.0,In-Store
3008,2024-07-27,2460,56,Female,San Diego,2021-04-05,108,Hoodie,Clothing,Brand C,55.0,1,55.0,In-Store
3017,2024-07-27,2462,58,Male,New York,2022-10-05,107,Dress,Clothing,Brand B,65.0,2,130.0,In-Store
3844,2024-07-27,2588,36,Female,Los Angeles,2021-11-09,113,Coat,Outerwear,Brand D,180.0,1,180.0,Online
1388,2024-07-27,2232,50,Female,San Diego,2023-01-12,115,Blazer,Outerwear,Brand A,130.0,1,130.0,In-Store
1557,2024-07-27,2260,43,Female,Los Angeles,2024-06-17,115,Blazer,Outerwear,Brand A,130.0,1,130.0,In-Store
931,2024-07-27,2161,33,Male,Philadelphia,2022-09-13,113,Coat,Outerwear,Brand D,180.0,1,180.0,In-Store
1357,2024-07-27,2228,55,Male,Los Angeles,2023-03-06,114,Parka,Outerwear,Brand B,150.0,1,150.0,In-Store
2840,2024-07-27,2431,42,Female,Phoenix,2021-03-15,108,Hoodie,Clothing,Brand C,55.0,2,110.0,In-Store
4576,2024-07-27,2702,53,Female,Miami,2021-12-08,102,Jeans,Clothing,Brand B,75.0,1,75.0,In-Store
4675,2024-07-27,2716,20,Male,New York,2023-03-11,111,Sandals,Footwear,Brand E,35.0,2,70.0,Online
2694,2024-07-27,2411,45,Male,Chicago,2021-04-28,108,Hoodie,Clothing,Brand C,55.0,2,110.0,In-Store
2288,2024-07-27,2360,64,Female,Houston,2022-11-14,119,Sunglasses,Accessories,Brand C,45.0,1,45.0,In-Store
944,2024-07-28,2163,35,Male,Miami,2021-06-07,113,Coat,Outerwear,Brand D,180.0,1,180.0,In-Store
4009,2024-07-28,2615,20,Male,New York,2023-05-06,116,Belt,Accessories,Brand A,20.0,3,60.0,Online
102,2024-07-28,2024,61,Male,Chicago,2021-02-04,101,T-shirt,Clothing,Brand A,25.0,2,50.0,In-Store
1358,2024-07-28,2228,55,Male,Los Angeles,2023-03-06,114,Parka,Outerwear,Brand B,150.0,3,450.0,In-Store
563,2024-07-28,2097,56,Male,Phoenix,2021-05-03,108,Hoodie,Clothing,Brand C,55.0,1,55.0,In-Store
2929,2024-07-28,2446,49,Female,Phoenix,2021-09-20,109,Shorts,Clothing,Brand E,30.0,1,30.0,In-Store
5267,2024-07-28,2793,30,Female,San Antonio,2022-10-23,113,Coat,Outerwear,Brand D,180.0,1,180.0,Online
4740,2024-07-28,2724,36,Male,Houston,2022-05-27,113,Coat,Outerwear,Brand D,180.0,1,180.0,Online
1761,2024-07-29,2289,45,Male,Los Angeles,2021-07-31,118,Bag,Accessories,Brand B,60.0,1,60.0,In-Store
1741,2024-07-29,2287,23,Male,Phoenix,2024-01-14,111,Sandals,Footwear,Brand E,35.0,1,35.0,Online
4328,2024-07-29,2664,27,Male,Phoenix,2021-03-06,106,Shirt,Clothing,Brand A,40.0,1,40.0,Online
5153,2024-07-29,2780,35,Female,Chicago,2023-08-01,110,Boots,Footwear,Brand D,110.0,1,110.0,Online
5017,2024-07-29,2760,37,Female,Philadelphia,2024-02-07,104,Jacket,Outerwear,Brand D,120.0,1,120.0,Online
843,2024-07-29,2145,46,Male,Houston,2021-09-09,108,Hoodie,Clothing,Brand C,55.0,1,55.0,In-Store
2669,2024-07-29,2409,28,Female,Miami,2021-03-20,109,Shorts,Clothing,Brand E,30.0,1,30.0,In-Store
2607,2024-07-29,2401,34,Male,Los Angeles,2022-08-07,113,Coat,Outerwear,Brand D,180.0,1,180.0,In-Store
3923,2024-07-29,2602,63,Female,Phoenix,2021-01-22,119,Sunglasses,Accessories,Brand C,45.0,1,45.0,In-Store
2560,2024-07-29,2396,19,Female,Houston,2022-05-12,102,Jeans,Clothing,Brand B,75.0,1,75.0,Online
1123,2024-07-30,2189,41,Female,San Diego,2023-01-31,113,Coat,Outerwear,Brand D,180.0,1,180.0,In-Store
623,2024-07-30,2106,55,Male,Houston,2023-07-17,102,Jeans,Clothing,Brand B,75.0,1,75.0,Online
3204,2024-07-30,2500,25,Male,Phoenix,2021-01-13,107,Dress,Clothing,Brand B,65.0,1,65.0,Online
1098,2024-07-30,2187,27,Female,Chicago,2024-05-11,103,Sneakers,Footwear,Brand C,30.0,2,60.0,Online
1592,2024-07-30,2269,42,Male,San Antonio,2024-03-28,113,Coat,Outerwear,Brand D,180.0,1,180.0,Online
4280,2024-07-30,2656,23,Female,New York,2021-01-22,109,Shorts,Clothing,Brand E,30.0,2,60.0,Online
4577,2024-07-30,2702,53,Female,Miami,2021-12-08,106,Shirt,Clothing,Brand A,40.0,1,40.0,In-Store
5332,2024-07-30,2804,20,Female,Dallas,2023-05-19,119,Sunglasses,Accessories,Brand C,45.0,1,45.0,Online
4853,2024-07-30,2736,21,Male,Los Angeles,2021-06-17,108,Hoodie,Clothing,Brand C,55.0,1,55.0,Online
3075,2024-07-30,2473,18,Male,San Diego,2022-05-13,108,Hoodie,Clothing,Brand C,55.0,2,110.0,Online
2400,2024-07-31,2370,18,Male,Dallas,2021-03-18,107,Dress,Clothing,Brand B,65.0,2,130.0,Online
1460,2024-07-31,2246,56,Female,Houston,2021-08-05,107,Dress,Clothing,Brand B,65.0,2,130.0,In-Store
4977,2024-07-31,2751,22,Male,Houston,2023-11-01,116,Belt,Accessories,Brand A,20.0,1,20.0,In-Store
1425,2024-07-31,2239,39,Male,Philadelphia,2024-02-02,113,Coat,Outerwear,Brand D,180.0,1,180.0,Online
150,2024-08-01,2034,18,Female,Chicago,2024-03-26,109,Shorts,Clothing,Brand E,30.0,3,90.0,In-Store
4903,2024-08-01,2741,19,Male,Chicago,2023-04-10,111,Sandals,Footwear,Brand E,35.0,1,35.0,Online
1805,2024-08-02,2294,49,Male,Los Angeles,2021-10-01,120,Cap,Accessories,Brand E,15.0,3,45.0,Online
3590,2024-08-02,2552,45,Male,Houston,2023-01-25,115,Blazer,Outerwear,Brand A,130.0,1,130.0,Online
1473,2024-08-02,2248,42,Male,Phoenix,2021-01-28,114,Parka,Outerwear,Brand B,150.0,1,150.0,In-Store
1418,2024-08-02,2236,21,Male,Houston,2022-10-24,109,Shorts,Clothing,Brand E,30.0,1,30.0,Online
1345,2024-08-02,2226,22,Male,Chicago,2021-10-21,116,Belt,Accessories,Brand A,20.0,2,40.0,Online
1287,2024-08-02,2218,34,Male,Los Angeles,2021-04-07,101,T-shirt,Clothing,Brand A,25.0,1,25.0,In-Store
844,2024-08-02,2145,46,Male,Houston,2021-09-09,103,Sneakers,Footwear,Brand C,30.0,1,30.0,In-Store
4715,2024-08-02,2721,23,Female,Miami,2024-04-13,103,Sneakers,Footwear,Brand C,30.0,2,60.0,Online
3817,2024-08-02,2586,26,Male,Philadelphia,2024-06-22,109,Shorts,Clothing,Brand E,30.0,1,30.0,Online
681,2024-08-03,2113,53,Male,Dallas,2023-01-22,120,Cap,Accessories,Brand E,15.0,1,15.0,In-Store
2695,2024-08-03,2411,45,Male,Chicago,2021-04-28,119,Sunglasses,Accessories,Brand C,45.0,1,45.0,In-Store
2537,2024-08-03,2392,40,Female,Dallas,2021-01-22,112,Running Shoes,Footwear,Brand C,85.0,1,85.0,In-Store
4194,2024-08-03,2644,24,Female,Philadelphia,2024-02-17,120,Cap,Accessories,Brand E,15.0,1,15.0,Online
4085,2024-08-03,2623,24,Male,Philadelphia,2021-12-29,120,Cap,Accessories,Brand E,15.0,1,15.0,Online
4759,2024-08-03,2725,22,Male,Houston,2023-03-04,118,Bag,Accessories,Brand B,60.0,4,240.0,Online
2305,2024-08-03,2362,25,Female,Phoenix,2023-10-09,116,Belt,Accessories,Brand A,20.0,3,60.0,Online
4971,2024-08-03,2750,20,Female,Los Angeles,2021-07-20,107,Dress,Clothing,Brand B,65.0,1,65.0,Online
482,2024-08-03,2086,57,Male,Dallas,2023-09-11,101,T-shirt,Clothing,Brand A,25.0,1,25.0,Online
806,2024-08-03,2137,32,Male,Philadelphia,2023-10-08,115,Blazer,Outerwear,Brand A,130.0,1,130.0,In-Store
800,2024-08-03,2135,21,Female,New York,2024-06-23,116,Belt,Accessories,Brand A,20.0,1,20.0,In-Store
140,2024-08-04,2033,49,Male,New York,2021-03-16,108,Hoodie,Clothing,Brand C,55.0,2,110.0,In-Store
3339,2024-08-04,2518,18,Male,Dallas,2023-05-06,120,Cap,Accessories,Brand E,15.0,2,30.0,Online
1882,2024-08-04,2298,20,Male,Chicago,2021-07-27,101,T-shirt,Clothing,Brand A,25.0,1,25.0,Online
4590,2024-08-04,2703,23,Male,Dallas,2023-09-06,111,Sandals,Footwear,Brand E,35.0,1,35.0,In-Store
483,2024-08-04,2086,57,Male,Dallas,2023-09-11,109,Shorts,Clothing,Brand E,30.0,3,90.0,In-Store
299,2024-08-04,2058,40,Male,Houston,2024-05-17,107,Dress,Clothing,Brand B,65.0,1,65.0,Online
4010,2024-08-04,2615,20,Male,New York,2023-05-06,116,Belt,Accessories,Brand A,20.0,1,20.0,Online
2289,2024-08-04,2360,64,Female,Houston,2022-11-14,102,Jeans,Clothing,Brand B,75.0,1,75.0,In-Store
4625,2024-08-04,2710,23,Male,Chicago,2023-01-12,109,Shorts,Clothing,Brand E,30.0,1,30.0,Online
3451,2024-08-04,2535,64,Male,Phoenix,2023-11-06,114,Parka,Outerwear,Brand B,150.0,1,150.0,In-Store
3812,2024-08-05,2584,55,Male,San Antonio,2021-10-26,103,Sneakers,Footwear,Brand C,30.0,2,60.0,In-Store
484,2024-08-05,2086,57,Male,Dallas,2023-09-11,115,Blazer,Outerwear,Brand A,130.0,1,130.0,In-Store
1419,2024-08-05,2236,21,Male,Houston,2022-10-24,107,Dress,Clothing,Brand B,65.0,1,65.0,Online
5098,2024-08-05,2770,26,Male,Chicago,2022-05-19,118,Bag,Accessories,Brand B,60.0,2,120.0,Online
3787,2024-08-05,2581,20,Female,Los Angeles,2022-09-03,118,Bag,Accessories,Brand B,60.0,1,60.0,Online
1663,2024-08-06,2276,44,Male,Philadelphia,2024-05-22,120,Cap,Accessories,Brand E,15.0,2,30.0,In-Store
5154,2024-08-06,2780,35,Female,Chicago,2023-08-01,113,Coat,Outerwear,Brand D,180.0,1,180.0,In-Store
2522,2024-08-06,2391,50,Female,Dallas,2023-01-28,109,Shorts,Clothing,Brand E,30.0,1,30.0,In-Store
232,2024-08-06,2046,47,Female,Chicago,2024-02-20,114,Parka,Outerwear,Brand B,150.0,2,300.0,Online
2679,2024-08-06,2410,59,Male,Los Angeles,2021-12-24,115,Blazer,Outerwear,Brand A,130.0,1,130.0,In-Store
4055,2024-08-06,2622,35,Male,Philadelphia,2024-06-24,114,Parka,Outerwear,Brand B,150.0,2,300.0,Online
4285,2024-08-06,2657,37,Male,San Antonio,2021-09-01,116,Belt,Accessories,Brand A,20.0,1,20.0,Online
4429,2024-08-06,2678,64,Male,San Antonio,2023-12-27,105,Hat,Accessories,Brand E,22.5,1,22.5,In-Store
2273,2024-08-07,2358,58,Female,Miami,2023-09-03,112,Running Shoes,Footwear,Brand C,85.0,1,85.0,Online
4549,2024-08-07,2699,55,Male,Philadelphia,2023-07-12,102,Jeans,Clothing,Brand B,75.0,2,150.0,In-Store
1911,2024-08-07,2305,55,Female,New York,2021-03-18,118,Bag,Accessories,Brand B,60.0,2,120.0,Online
3255,2024-08-07,2506,23,Female,New York,2023-05-17,104,Jacket,Outerwear,Brand D,120.0,1,120.0,Online
647,2024-08-08,2109,21,Female,New York,2022-04-01,101,T-shirt,Clothing,Brand A,25.0,2,50.0,Online
69,2024-08-08,2020,21,Female,San Diego,2023-03-08,111,Sandals,Footwear,Brand E,35.0,4,140.0,Online
5204,2024-08-08,2786,25,Male,San Diego,2023-10-29,116,Belt,Accessories,Brand A,20.0,1,20.0,Online
4389,2024-08-09,2672,49,Female,Chicago,2023-01-12,116,Belt,Accessories,Brand A,20.0,2,40.0,In-Store
1697,2024-08-09,2279,21,Female,Houston,2021-04-14,119,Sunglasses,Accessories,Brand C,45.0,1,45.0,Online
1436,2024-08-09,2243,19,Female,Houston,2021-11-29,111,Sandals,Footwear,Brand E,35.0,2,70.0,Online
1883,2024-08-09,2298,20,Male,Chicago,2021-07-27,101,T-shirt,Clothing,Brand A,25.0,1,25.0,Online
1069,2024-08-09,2181,43,Female,Chicago,2021-10-25,104,Jacket,Outerwear,Brand D,120.0,1,120.0,Online
3109,2024-08-10,2482,52,Male,Chicago,2022-03-27,113,Coat,Outerwear,Brand D,180.0,1,180.0,In-Store
339,2024-08-10,2069,18,Male,Chicago,2023-11-18,107,Dress,Clothing,Brand B,65.0,1,65.0,Online
4390,2024-08-10,2672,49,Female,Chicago,2023-01-12,113,Coat,Outerwear,Brand D,180.0,1,180.0,In-Store
1483,2024-08-11,2251,31,Male,Philadelphia,2023-07-24,113,Coat,Outerwear,Brand D,180.0,1,180.0,Online
532,2024-08-11,2092,53,Female,Phoenix,2021-01-01,109,Shorts,Clothing,Brand E,30.0,1,30.0,In-Store
823,2024-08-11,2138,59,Male,Phoenix,2023-04-10,115,Blazer,Outerwear,Brand A,130.0,1,130.0,In-Store
3178,2024-08-11,2495,34,Female,Los Angeles,2023-02-25,120,Cap,Accessories,Brand E,15.0,1,15.0,In-Store
2545,2024-08-11,2393,39,Male,Los Angeles,2022-05-08,113,Coat,Outerwear,Brand D,180.0,1,180.0,In-Store
5245,2024-08-11,2790,57,Female,Philadelphia,2021-05-04,108,Hoodie,Clothing,Brand C,55.0,4,220.0,Online
92,2024-08-11,2023,22,Female,Chicago,2024-05-15,103,Sneakers,Footwear,Brand C,30.0,1,30.0,Online
2055,2024-08-12,2324,18,Female,Phoenix,2022-02-06,101,T-shirt,Clothing,Brand A,25.0,1,25.0,In-Store
3219,2024-08-12,2502,31,Female,San Diego,2021-02-09,114,Parka,Outerwear,Brand B,150.0,1,150.0,In-Store
1359,2024-08-12,2228,55,Male,Los Angeles,2023-03-06,114,Parka,Outerwear,Brand B,150.0,1,150.0,In-Store
1623,2024-08-12,2271,26,Male,Philadelphia,2021-09-27,111,Sandals,Footwear,Brand E,35.0,1,35.0,Online
2649,2024-08-13,2407,21,Male,San Antonio,2023-03-15,107,Dress,Clothing,Brand B,65.0,1,65.0,Online
971,2024-08-13,2168,40,Male,Phoenix,2022-02-06,115,Blazer,Outerwear,Brand A,130.0,1,130.0,In-Store
2628,2024-08-13,2406,35,Female,Philadelphia,2022-05-11,114,Parka,Outerwear,Brand B,150.0,1,150.0,In-Store
2186,2024-08-13,2342,21,Male,Los Angeles,2021-08-07,101,T-shirt,Clothing,Brand A,25.0,1,25.0,Online
4329,2024-08-13,2664,27,Male,Phoenix,2021-03-06,103,Sneakers,Footwear,Brand C,30.0,2,60.0,Online
473,2024-08-14,2085,21,Male,Phoenix,2021-03-18,120,Cap,Accessories,Brand E,15.0,1,15.0,Online
2237,2024-08-14,2352,34,Male,Miami,2021-03-27,113,Coat,Outerwear,Brand D,180.0,1,180.0,In-Store
3976,2024-08-14,2610,27,Male,Phoenix,2023-02-13,111,Sandals,Footwear,Brand E,35.0,1,35.0,Online
3330,2024-08-14,2517,40,Male,Miami,2022-08-12,113,Coat,Outerwear,Brand D,180.0,1,180.0,Online
2795,2024-08-14,2424,20,Female,Chicago,2023-05-31,101,T-shirt,Clothing,Brand A,25.0,2,50.0,Online
608,2024-08-14,2103,46,Male,Miami,2023-09-13,108,Hoodie,Clothing,Brand C,55.0,2,110.0,In-Store
2187,2024-08-15,2342,21,Male,Los Angeles,2021-08-07,116,Belt,Accessories,Brand A,20.0,1,20.0,Online
3612,2024-08-15,2553,22,Male,Chicago,2022-08-23,111,Sandals,Footwear,Brand E,35.0,1,35.0,Online
4086,2024-08-15,2623,24,Male,Philadelphia,2021-12-29,103,Sneakers,Footwear,Brand C,30.0,3,90.0,Online
485,2024-08-15,2086,57,Male,Dallas,2023-09-11,101,T-shirt,Clothing,Brand A,25.0,1,25.0,In-Store
747,2024-08-15,2125,33,Female,San Diego,2023-12-11,120,Cap,Accessories,Brand E,15.0,1,15.0,Online
1389,2024-08-15,2232,50,Female,San Diego,2023-01-12,112,Running Shoes,Footwear,Brand C,85.0,1,85.0,In-Store
4633,2024-08-15,2712,21,Male,Dallas,2021-06-23,107,Dress,Clothing,Brand B,65.0,1,65.0,Online
2217,2024-08-16,2348,30,Male,Miami,2022-02-02,105,Hat,Accessories,Brand E,22.5,1,22.5,In-Store
1360,2024-08-16,2228,55,Male,Los Angeles,2023-03-06,113,Coat,Outerwear,Brand D,180.0,2,360.0,In-Store
5254,2024-08-16,2791,53,Male,Houston,2022-04-08,109,Shorts,Clothing,Brand E,30.0,2,60.0,In-Store
1396,2024-08-16,2233,28,Female,New York,2023-03-15,105,Hat,Accessories,Brand E,22.5,1,22.5,Online
1157,2024-08-16,2193,55,Female,Miami,2023-02-23,108,Hoodie,Clothing,Brand C,55.0,1,55.0,Online
3237,2024-08-16,2504,50,Male,Dallas,2023-10-29,106,Shirt,Clothing,Brand A,40.0,1,40.0,In-Store
4634,2024-08-17,2712,21,Male,Dallas,2021-06-23,107,Dress,Clothing,Brand B,65.0,1,65.0,Online
1522,2024-08-17,2255,43,Female,Philadelphia,2021-07-10,114,Parka,Outerwear,Brand B,150.0,1,150.0,Online
1851,2024-08-18,2297,23,Female,Dallas,2021-05-17,120,Cap,Accessories,Brand E,15.0,1,15.0,Online
3613,2024-08-18,2553,22,Male,Chicago,2022-08-23,103,Sneakers,Footwear,Brand C,30.0,3,90.0,Online
1158,2024-08-18,2193,55,Female,Miami,2023-02-23,113,Coat,Outerwear,Brand D,180.0,2,360.0,In-Store
3866,2024-08-18,2590,32,Female,Phoenix,2023-03-16,113,Coat,Outerwear,Brand D,180.0,1,180.0,Online
1403,2024-08-18,2235,48,Male,Miami,2024-06-30,110,Boots,Footwear,Brand D,110.0,1,110.0,In-Store
3937,2024-08-18,2603,24,Male,San Diego,2022-02-18,109,Shorts,Clothing,Brand E,30.0,1,30.0,Online
1511,2024-08-19,2254,57,Female,Philadelphia,2023-12-28,108,Hoodie,Clothing,Brand C,55.0,1,55.0,In-Store
251,2024-08-19,2049,23,Male,Phoenix,2022-07-21,101,T-shirt,Clothing,Brand A,25.0,2,50.0,Online
4105,2024-08-19,2626,21,Male,Chicago,2023-10-05,117,Scarf,Accessories,Brand E,18.0,1,18.0,In-Store
3076,2024-08-20,2473,18,Male,San Diego,2022-05-13,116,Belt,Accessories,Brand A,20.0,1,20.0,Online
669,2024-08-20,2112,51,Female,Philadelphia,2023-12-08,102,Jeans,Clothing,Brand B,75.0,1,75.0,Online
1099,2024-08-20,2187,27,Female,Chicago,2024-05-11,106,Shirt,Clothing,Brand A,40.0,1,40.0,Online
4528,2024-08-21,2695,49,Female,Houston,2021-09-22,103,Sneakers,Footwear,Brand C,30.0,1,30.0,In-Store
3238,2024-08-21,2504,50,Male,Dallas,2023-10-29,115,Blazer,Outerwear,Brand A,130.0,1,130.0,In-Store
2306,2024-08-21,2362,25,Female,Phoenix,2023-10-09,118,Bag,Accessories,Brand B,60.0,1,60.0,Online
663,2024-08-21,2110,45,Female,San Antonio,2021-02-14,108,Hoodie,Clothing,Brand C,55.0,1,55.0,In-Store
2031,2024-08-21,2322,25,Female,Houston,2023-05-28,103,Sneakers,Footwear,Brand C,30.0,4,120.0,Online
3220,2024-08-21,2502,31,Female,San Diego,2021-02-09,113,Coat,Outerwear,Brand D,180.0,1,180.0,Online
308,2024-08-21,2059,44,Female,Miami,2022-06-17,113,Coat,Outerwear,Brand D,180.0,1,180.0,In-Store
1390,2024-08-22,2232,50,Female,San Diego,2023-01-12,107,Dress,Clothing,Brand B,65.0,1,65.0,In-Store
2848,2024-08-22,2433,50,Male,Los Angeles,2022-03-16,101,T-shirt,Clothing,Brand A,25.0,1,25.0,In-Store
3556,2024-08-22,2548,26,Female,Los Angeles,2021-04-15,118,Bag,Accessories,Brand B,60.0,2,120.0,In-Store
4246,2024-08-22,2652,21,Male,Philadelphia,2022-10-19,109,Shorts,Clothing,Brand E,30.0,2,60.0,Online
3381,2024-08-22,2524,40,Male,Houston,2021-03-25,114,Parka,Outerwear,Brand B,150.0,1,150.0,In-Store
2969,2024-08-22,2452,23,Male,Philadelphia,2021-07-28,103,Sneakers,Footwear,Brand C,30.0,2,60.0,Online
2796,2024-08-23,2424,20,Female,Chicago,2023-05-31,101,T-shirt,Clothing,Brand A,25.0,1,25.0,Online
5005,2024-08-23,2755,41,Female,Los Angeles,2021-04-13,114,Parka,Outerwear,Brand B,150.0,2,300.0,In-Store
1512,2024-08-23,2254,57,Female,Philadelphia,2023-12-28,110,Boots,Footwear,Brand D,110.0,1,110.0,In-Store
1624,2024-08-23,2271,26,Male,Philadelphia,2021-09-27,111,Sandals,Footwear,Brand E,35.0,1,35.0,Online
1576,2024-08-24,2266,41,Female,Philadelphia,2023-10-25,113,Coat,Outerwear,Brand D,180.0,1,180.0,Online
3818,2024-08-24,2586,26,Male,Philadelphia,2024-06-22,103,Sneakers,Footwear,Brand C,30.0,1,30.0,Online
4087,2024-08-24,2623,24,Male,Philadelphia,2021-12-29,116,Belt,Accessories,Brand A,20.0,2,40.0,Online
3284,2024-08-24,2514,28,Female,Houston,2022-11-04,101,T-shirt,Clothing,Brand A,25.0,1,25.0,Online
4145,2024-08-24,2637,24,Male,Phoenix,2024-02-18,116,Belt,Accessories,Brand A,20.0,2,40.0,Online
474,2024-08-24,2085,21,Male,Phoenix,2021-03-18,105,Hat,Accessories,Brand E,22.5,1,22.5,Online
26,2024-08-24,2011,22,Female,Chicago,2021-01-18,120,Cap,Accessories,Brand E,15.0,2,30.0,Online
2650,2024-08-25,2407,21,Male,San Antonio,2023-03-15,105,Hat,Accessories,Brand E,22.5,2,45.0,Online
5205,2024-08-25,2786,25,Male,San Diego,2023-10-29,101,T-shirt,Clothing,Brand A,25.0,1,25.0,Online
3077,2024-08-25,2473,18,Male,San Diego,2022-05-13,105,Hat,Accessories,Brand E,22.5,2,45.0,Online
5290,2024-08-25,2796,52,Female,Houston,2023-10-23,108,Hoodie,Clothing,Brand C,55.0,4,220.0,In-Store
4578,2024-08-25,2702,53,Female,Miami,2021-12-08,102,Jeans,Clothing,Brand B,75.0,1,75.0,In-Store
340,2024-08-25,2069,18,Male,Chicago,2023-11-18,103,Sneakers,Footwear,Brand C,30.0,1,30.0,Online
932,2024-08-25,2161,33,Male,Philadelphia,2022-09-13,113,Coat,Outerwear,Brand D,180.0,1,180.0,In-Store
1574,2024-08-25,2265,41,Male,San Diego,2021-04-06,115,Blazer,Outerwear,Brand A,130.0,1,130.0,Online
1976,2024-08-25,2314,48,Male,Houston,2021-05-11,106,Shirt,Clothing,Brand A,40.0,1,40.0,In-Store
1008,2024-08-25,2173,37,Female,Chicago,2021-09-15,115,Blazer,Outerwear,Brand A,130.0,1,130.0,Online
533,2024-08-25,2092,53,Female,Phoenix,2021-01-01,106,Shirt,Clothing,Brand A,40.0,2,80.0,In-Store
2898,2024-08-25,2442,51,Female,Houston,2021-04-06,104,Jacket,Outerwear,Brand D,120.0,1,120.0,In-Store
3205,2024-08-26,2500,25,Male,Phoenix,2021-01-13,105,Hat,Accessories,Brand E,22.5,1,22.5,Online
4349,2024-08-26,2667,37,Female,Dallas,2022-06-10,113,Coat,Outerwear,Brand D,180.0,1,180.0,Online
4336,2024-08-26,2666,33,Female,Dallas,2024-05-21,113,Coat,Outerwear,Brand D,180.0,1,180.0,Online
1455,2024-08-26,2245,23,Female,Chicago,2021-07-05,110,Boots,Footwear,Brand D,110.0,1,110.0,Online
573,2024-08-26,2099,57,Female,Dallas,2024-03-03,110,Boots,Footwear,Brand D,110.0,2,220.0,In-Store
2629,2024-08-26,2406,35,Female,Philadelphia,2022-05-11,113,Coat,Outerwear,Brand D,180.0,1,180.0,In-Store
3408,2024-08-26,2528,27,Female,New York,2022-09-27,116,Belt,Accessories,Brand A,20.0,1,20.0,Online
2264,2024-08-27,2357,26,Female,San Diego,2022-10-11,119,Sunglasses,Accessories,Brand C,45.0,1,45.0,Online
1361,2024-08-27,2228,55,Male,Los Angeles,2023-03-06,115,Blazer,Outerwear,Brand A,130.0,1,130.0,In-Store
4875,2024-08-27,2738,26,Female,Phoenix,2024-06-24,117,Scarf,Accessories,Brand E,18.0,1,18.0,Online
766,2024-08-27,2128,19,Male,Chicago,2022-06-21,106,Shirt,Clothing,Brand A,40.0,3,120.0,Online
2747,2024-08-27,2417,37,Female,San Antonio,2023-07-19,113,Coat,Outerwear,Brand D,180.0,1,180.0,Online
3110,2024-08-28,2482,52,Male,Chicago,2022-03-27,106,Shirt,Clothing,Brand A,40.0,1,40.0,In-Store
5333,2024-08-28,2804,20,Female,Dallas,2023-05-19,101,T-shirt,Clothing,Brand A,25.0,1,25.0,Online
141,2024-08-28,2033,49,Male,New York,2021-03-16,102,Jeans,Clothing,Brand B,75.0,1,75.0,In-Store
2752,2024-08-28,2419,57,Male,San Diego,2024-03-31,102,Jeans,Clothing,Brand B,75.0,2,150.0,In-Store
865,2024-08-29,2150,37,Female,San Antonio,2024-03-10,120,Cap,Accessories,Brand E,15.0,1,15.0,In-Store
3557,2024-08-29,2548,26,Female,Los Angeles,2021-04-15,118,Bag,Accessories,Brand B,60.0,1,60.0,In-Store
3078,2024-08-29,2473,18,Male,San Diego,2022-05-13,110,Boots,Footwear,Brand D,110.0,2,220.0,Online
3409,2024-08-29,2528,27,Female,New York,2022-09-27,109,Shorts,Clothing,Brand E,30.0,2,60.0,Online
5206,2024-08-29,2786,25,Male,San Diego,2023-10-29,111,Sandals,Footwear,Brand E,35.0,1,35.0,In-Store
3352,2024-08-29,2519,47,Male,Houston,2021-06-27,117,Scarf,Accessories,Brand E,18.0,1,18.0,In-Store
3834,2024-08-29,2587,46,Female,Philadelphia,2021-05-03,106,Shirt,Clothing,Brand A,40.0,2,80.0,In-Store
1208,2024-08-29,2204,47,Male,Miami,2021-09-21,113,Coat,Outerwear,Brand D,180.0,2,360.0,In-Store
2497,2024-08-30,2388,47,Female,Los Angeles,2024-05-17,113,Coat,Outerwear,Brand D,180.0,1,180.0,In-Store
786,2024-08-30,2131,40,Female,Houston,2022-10-22,102,Jeans,Clothing,Brand B,75.0,1,75.0,Online
3353,2024-08-30,2519,47,Male,Houston,2021-06-27,102,Jeans,Clothing,Brand B,75.0,1,75.0,In-Store
3514,2024-08-30,2544,25,Male,Philadelphia,2023-10-17,120,Cap,Accessories,Brand E,15.0,2,30.0,Online
4998,2024-08-30,2754,24,Female,Chicago,2024-06-03,117,Scarf,Accessories,Brand E,18.0,1,18.0,In-Store
3095,2024-08-30,2480,19,Male,Phoenix,2024-06-30,117,Scarf,Accessories,Brand E,18.0,1,18.0,Online
2022,2024-08-30,2321,22,Female,Phoenix,2023-06-30,117,Scarf,Accessories,Brand E,18.0,2,36.0,Online
1248,2024-08-31,2212,30,Male,San Antonio,2022-03-13,103,Sneakers,Footwear,Brand C,30.0,1,30.0,Online
4210,2024-08-31,2647,67,Female,Phoenix,2022-06-10,115,Blazer,Outerwear,Brand A,130.0,1,130.0,In-Store
3135,2024-08-31,2485,40,Female,Phoenix,2023-05-21,108,Hoodie,Clothing,Brand C,55.0,2,110.0,In-Store
5036,2024-08-31,2761,22,Female,Dallas,2022-07-10,111,Sandals,Footwear,Brand E,35.0,1,35.0,Online
767,2024-08-31,2128,19,Male,Chicago,2022-06-21,106,Shirt,Clothing,Brand A,40.0,3,120.0,Online
1884,2024-08-31,2298,20,Male,Chicago,2021-07-27,116,Belt,Accessories,Brand A,20.0,1,20.0,Online
1912,2024-08-31,2305,55,Female,New York,2021-03-18,107,Dress,Clothing,Brand B,65.0,1,65.0,In-Store
1183,2024-09-01,2200,42,Male,New York,2021-06-07,113,Coat,Outerwear,Brand D,180.0,1,180.0,Online
177,2024-09-01,2037,59,Male,Philadelphia,2021-10-17,111,Sandals,Footwear,Brand E,35.0,2,70.0,In-Store
4350,2024-09-01,2667,37,Female,Dallas,2022-06-10,113,Coat,Outerwear,Brand D,180.0,2,360.0,In-Store
1170,2024-09-01,2196,51,Female,Phoenix,2024-05-20,115,Blazer,Outerwear,Brand A,130.0,1,130.0,In-Store
2274,2024-09-01,2358,58,Female,Miami,2023-09-03,120,Cap,Accessories,Brand E,15.0,1,15.0,In-Store
103,2024-09-01,2024,61,Male,Chicago,2021-02-04,114,Parka,Outerwear,Brand B,150.0,1,150.0,In-Store
4800,2024-09-01,2730,22,Male,San Antonio,2024-03-27,120,Cap,Accessories,Brand E,15.0,2,30.0,Online
5176,2024-09-01,2783,20,Female,Miami,2021-05-24,118,Bag,Accessories,Brand B,60.0,1,60.0,Online
3534,2024-09-01,2546,55,Male,Philadelphia,2023-12-25,120,Cap,Accessories,Brand E,15.0,1,15.0,Online
4146,2024-09-02,2637,24,Male,Phoenix,2024-02-18,116,Belt,Accessories,Brand A,20.0,1,20.0,In-Store
4028,2024-09-02,2616,54,Male,Houston,2021-09-04,107,Dress,Clothing,Brand B,65.0,1,65.0,In-Store
516,2024-09-02,2090,58,Male,San Antonio,2022-07-15,112,Running Shoes,Footwear,Brand C,85.0,1,85.0,Online
2696,2024-09-02,2411,45,Male,Chicago,2021-04-28,104,Jacket,Outerwear,Brand D,120.0,2,240.0,In-Store
3542,2024-09-02,2547,25,Female,San Antonio,2023-05-18,106,Shirt,Clothing,Brand A,40.0,2,80.0,Online
895,2024-09-03,2155,19,Female,Chicago,2023-01-02,106,Shirt,Clothing,Brand A,40.0,1,40.0,Online
590,2024-09-03,2101,41,Female,Phoenix,2021-06-14,113,Coat,Outerwear,Brand D,180.0,1,180.0,In-Store
1124,2024-09-03,2189,41,Female,San Diego,2023-01-31,113,Coat,Outerwear,Brand D,180.0,1,180.0,In-Store
4760,2024-09-03,2725,22,Male,Houston,2023-03-04,120,Cap,Accessories,Brand E,15.0,1,15.0,Online
4496,2024-09-04,2689,21,Male,San Diego,2024-03-08,118,Bag,Accessories,Brand B,60.0,1,60.0,In-Store
2779,2024-09-04,2421,19,Male,Phoenix,2022-12-20,107,Dress,Clothing,Brand B,65.0,2,130.0,Online
4357,2024-09-04,2669,42,Male,Philadelphia,2023-12-07,104,Jacket,Outerwear,Brand D,120.0,2,240.0,In-Store
36,2024-09-04,2013,39,Female,San Diego,2023-07-04,114,Parka,Outerwear,Brand B,150.0,1,150.0,In-Store
4707,2024-09-04,2720,20,Female,Miami,2023-08-06,101,T-shirt,Clothing,Brand A,25.0,4,100.0,Online
142,2024-09-04,2033,49,Male,New York,2021-03-16,107,Dress,Clothing,Brand B,65.0,2,130.0,Online
5282,2024-09-04,2795,38,Female,San Antonio,2021-04-25,114,Parka,Outerwear,Brand B,150.0,1,150.0,Online
4216,2024-09-04,2649,31,Male,Chicago,2023-10-15,113,Coat,Outerwear,Brand D,180.0,1,180.0,Online
4660,2024-09-04,2715,37,Female,New York,2023-08-07,117,Scarf,Accessories,Brand E,18.0,1,18.0,Online
1053,2024-09-05,2178,54,Female,New York,2022-07-12,107,Dress,Clothing,Brand B,65.0,1,65.0,In-Store
4661,2024-09-05,2715,37,Female,New York,2023-08-07,110,Boots,Footwear,Brand D,110.0,1,110.0,Online
1013,2024-09-05,2174,51,Male,Philadelphia,2023-07-28,115,Blazer,Outerwear,Brand A,130.0,1,130.0,In-Store
4247,2024-09-05,2652,21,Male,Philadelphia,2022-10-19,111,Sandals,Footwear,Brand E,35.0,2,70.0,Online
3080,2024-09-06,2474,48,Male,Philadelphia,2024-06-03,102,Jeans,Clothing,Brand B,75.0,1,75.0,In-Store
4635,2024-09-06,2712,21,Male,Dallas,2021-06-23,102,Jeans,Clothing,Brand B,75.0,3,225.0,In-Store
1947,2024-09-06,2308,37,Female,Dallas,2024-03-07,119,Sunglasses,Accessories,Brand C,45.0,1,45.0,Online
768,2024-09-06,2128,19,Male,Chicago,2022-06-21,116,Belt,Accessories,Brand A,20.0,1,20.0,Online
884,2024-09-06,2153,26,Female,Miami,2023-06-15,107,Dress,Clothing,Brand B,65.0,3,195.0,Online
846,2024-09-06,2146,24,Male,San Antonio,2024-04-28,120,Cap,Accessories,Brand E,15.0,1,15.0,Online
3308,2024-09-07,2515,23,Female,San Antonio,2022-03-31,119,Sunglasses,Accessories,Brand C,45.0,2,90.0,Online
3924,2024-09-07,2602,63,Female,Phoenix,2021-01-22,102,Jeans,Clothing,Brand B,75.0,2,150.0,In-Store
3285,2024-09-07,2514,28,Female,Houston,2022-11-04,101,T-shirt,Clothing,Brand A,25.0,3,75.0,Online
4195,2024-09-07,2644,24,Female,Philadelphia,2024-02-17,116,Belt,Accessories,Brand A,20.0,1,20.0,Online
1391,2024-09-07,2232,50,Female,San Diego,2023-01-12,101,T-shirt,Clothing,Brand A,25.0,1,25.0,In-Store
2070,2024-09-07,2325,18,Male,Miami,2023-06-29,111,Sandals,Footwear,Brand E,35.0,1,35.0,Online
2401,2024-09-08,2370,18,Male,Dallas,2021-03-18,106,Shirt,Clothing,Brand A,40.0,1,40.0,Online
1474,2024-09-08,2248,42,Male,Phoenix,2021-01-28,113,Coat,Outerwear,Brand D,180.0,1,180.0,In-Store
3462,2024-09-08,2536,51,Male,Miami,2022-07-27,107,Dress,Clothing,Brand B,65.0,1,65.0,In-Store
3410,2024-09-08,2528,27,Female,New York,2022-09-27,106,Shirt,Clothing,Brand A,40.0,2,80.0,Online
1792,2024-09-08,2292,21,Female,Houston,2022-10-12,111,Sandals,Footwear,Brand E,35.0,1,35.0,Online
1658,2024-09-08,2275,53,Male,San Diego,2021-09-28,102,Jeans,Clothing,Brand B,75.0,1,75.0,In-Store
4876,2024-09-09,2738,26,Female,Phoenix,2024-06-24,107,Dress,Clothing,Brand B,65.0,2,130.0,In-Store
722,2024-09-09,2120,58,Female,Phoenix,2022-07-03,109,Shorts,Clothing,Brand E,30.0,2,60.0,In-Store
2551,2024-09-09,2395,36,Male,Los Angeles,2022-07-05,113,Coat,Outerwear,Brand D,180.0,2,360.0,In-Store
351,2024-09-09,2070,24,Male,San Antonio,2023-01-13,112,Running Shoes,Footwear,Brand C,85.0,1,85.0,Online
4011,2024-09-09,2615,20,Male,New York,2023-05-06,120,Cap,Accessories,Brand E,15.0,3,45.0,In-Store
4488,2024-09-10,2687,47,Male,San Antonio,2021-04-14,108,Hoodie,Clothing,Brand C,55.0,1,55.0,In-Store
3515,2024-09-10,2544,25,Male,Philadelphia,2023-10-17,108,Hoodie,Clothing,Brand C,55.0,1,55.0,Online
3813,2024-09-10,2584,55,Male,San Antonio,2021-10-26,107,Dress,Clothing,Brand B,65.0,2,130.0,In-Store
2476,2024-09-10,2380,69,Male,Los Angeles,2022-12-28,102,Jeans,Clothing,Brand B,75.0,2,150.0,In-Store
648,2024-09-10,2109,21,Female,New York,2022-04-01,120,Cap,Accessories,Brand E,15.0,1,15.0,In-Store
909,2024-09-11,2158,41,Female,New York,2024-01-03,113,Coat,Outerwear,Brand D,180.0,1,180.0,In-Store
523,2024-09-11,2091,41,Female,Phoenix,2021-05-31,115,Blazer,Outerwear,Brand A,130.0,1,130.0,Online
2809,2024-09-11,2427,27,Female,Chicago,2023-11-16,105,Hat,Accessories,Brand E,22.5,1,22.5,Online
3411,2024-09-11,2528,27,Female,New York,2022-09-27,101,T-shirt,Clothing,Brand A,25.0,1,25.0,Online
4172,2024-09-11,2641,47,Male,Phoenix,2022-12-04,115,Blazer,Outerwear,Brand A,130.0,1,130.0,Online
1852,2024-09-12,2297,23,Female,Dallas,2021-05-17,120,Cap,Accessories,Brand E,15.0,2,30.0,Online
1442,2024-09-12,2244,34,Female,Los Angeles,2023-11-05,114,Parka,Outerwear,Brand B,150.0,1,150.0,Online
4854,2024-09-12,2736,21,Male,Los Angeles,2021-06-17,101,T-shirt,Clothing,Brand A,25.0,1,25.0,Online
2363,2024-09-12,2367,19,Female,San Diego,2021-06-02,101,T-shirt,Clothing,Brand A,25.0,2,50.0,Online
3788,2024-09-12,2581,20,Female,Los Angeles,2022-09-03,120,Cap,Accessories,Brand E,15.0,1,15.0,Online
4248,2024-09-12,2652,21,Male,Philadelphia,2022-10-19,108,Hoodie,Clothing,Brand C,55.0,1,55.0,Online
4708,2024-09-12,2720,20,Female,Miami,2023-08-06,109,Shorts,Clothing,Brand E,30.0,1,30.0,Online
1556,2024-09-13,2258,38,Female,Miami,2021-03-15,113,Coat,Outerwear,Brand D,180.0,1,180.0,Online
3081,2024-09-13,2474,48,Male,Philadelphia,2024-06-03,106,Shirt,Clothing,Brand A,40.0,1,40.0,In-Store
5237,2024-09-13,2789,26,Female,San Antonio,2021-06-04,101,T-shirt,Clothing,Brand A,25.0,3,75.0,Online
4987,2024-09-13,2752,44,Male,Dallas,2022-04-10,116,Belt,Accessories,Brand A,20.0,1,20.0,In-Store
4550,2024-09-13,2699,55,Male,Philadelphia,2023-07-12,107,Dress,Clothing,Brand B,65.0,1,65.0,In-Store
2883,2024-09-13,2439,57,Female,Los Angeles,2022-08-13,117,Scarf,Accessories,Brand E,18.0,1,18.0,Online
2651,2024-09-13,2407,21,Male,San Antonio,2023-03-15,117,Scarf,Accessories,Brand E,18.0,3,54.0,Online
2056,2024-09-13,2324,18,Female,Phoenix,2022-02-06,117,Scarf,Accessories,Brand E,18.0,2,36.0,In-Store
5108,2024-09-13,2771,50,Female,Phoenix,2022-12-26,104,Jacket,Outerwear,Brand D,120.0,2,240.0,In-Store
2071,2024-09-13,2325,18,Male,Miami,2023-06-29,101,T-shirt,Clothing,Brand A,25.0,2,50.0,Online
591,2024-09-13,2101,41,Female,Phoenix,2021-06-14,113,Coat,Outerwear,Brand D,180.0,2,360.0,Online
1100,2024-09-13,2187,27,Female,Chicago,2024-05-11,101,T-shirt,Clothing,Brand A,25.0,1,25.0,Online
352,2024-09-14,2070,24,Male,San Antonio,2023-01-13,109,Shorts,Clothing,Brand E,30.0,1,30.0,Online
3321,2024-09-14,2516,35,Female,Miami,2023-01-17,113,Coat,Outerwear,Brand D,180.0,2,360.0,In-Store
824,2024-09-14,2138,59,Male,Phoenix,2023-04-10,102,Jeans,Clothing,Brand B,75.0,1,75.0,In-Store
3729,2024-09-14,2570,39,Female,Philadelphia,2023-06-15,115,Blazer,Outerwear,Brand A,130.0,1,130.0,Online
710,2024-09-14,2117,55,Male,Dallas,2023-04-19,116,Belt,Accessories,Brand A,20.0,2,40.0,In-Store
132,2024-09-15,2031,47,Female,San Diego,2023-08-11,117,Scarf,Accessories,Brand E,18.0,1,18.0,In-Store
1196,2024-09-15,2203,27,Male,Dallas,2024-01-13,101,T-shirt,Clothing,Brand A,25.0,1,25.0,Online
2857,2024-09-15,2437,29,Male,New York,2024-05-01,104,Jacket,Outerwear,Brand D,120.0,1,120.0,Online
3819,2024-09-15,2586,26,Male,Philadelphia,2024-06-22,116,Belt,Accessories,Brand A,20.0,2,40.0,Online
711,2024-09-15,2117,55,Male,Dallas,2023-04-19,119,Sunglasses,Accessories,Brand C,45.0,1,45.0,In-Store
1272,2024-09-15,2215,54,Female,Chicago,2021-03-26,102,Jeans,Clothing,Brand B,75.0,1,75.0,Online
1853,2024-09-16,2297,23,Female,Dallas,2021-05-17,108,Hoodie,Clothing,Brand C,55.0,2,110.0,Online
93,2024-09-16,2023,22,Female,Chicago,2024-05-15,118,Bag,Accessories,Brand B,60.0,1,60.0,Online
5303,2024-09-16,2798,25,Female,Miami,2021-01-17,103,Sneakers,Footwear,Brand C,30.0,2,60.0,Online
5207,2024-09-16,2786,25,Male,San Diego,2023-10-29,101,T-shirt,Clothing,Brand A,25.0,1,25.0,Online
1043,2024-09-16,2177,70,Female,Chicago,2022-04-20,107,Dress,Clothing,Brand B,65.0,2,130.0,In-Store
933,2024-09-16,2161,33,Male,Philadelphia,2022-09-13,104,Jacket,Outerwear,Brand D,120.0,1,120.0,In-Store
413,2024-09-17,2075,38,Female,Miami,2022-05-11,106,Shirt,Clothing,Brand A,40.0,1,40.0,In-Store
5081,2024-09-17,2767,41,Male,Chicago,2022-08-05,113,Coat,Outerwear,Brand D,180.0,1,180.0,Online
2930,2024-09-17,2446,49,Female,Phoenix,2021-09-20,108,Hoodie,Clothing,Brand C,55.0,1,55.0,In-Store
3820,2024-09-17,2586,26,Male,Philadelphia,2024-06-22,120,Cap,Accessories,Brand E,15.0,3,45.0,Online
2652,2024-09-17,2407,21,Male,San Antonio,2023-03-15,116,Belt,Accessories,Brand A,20.0,1,20.0,Online
1575,2024-09-17,2265,41,Male,San Diego,2021-04-06,113,Coat,Outerwear,Brand D,180.0,1,180.0,In-Store
3256,2024-09-17,2506,23,Female,New York,2023-05-17,101,T-shirt,Clothing,Brand A,25.0,2,50.0,Online
252,2024-09-17,2049,23,Male,Phoenix,2022-07-21,108,Hoodie,Clothing,Brand C,55.0,2,110.0,In-Store
1404,2024-09-17,2235,48,Male,Miami,2024-06-30,110,Boots,Footwear,Brand D,110.0,1,110.0,In-Store
2169,2024-09-17,2341,37,Female,Los Angeles,2021-02-26,104,Jacket,Outerwear,Brand D,120.0,1,120.0,Online
2423,2024-09-18,2373,50,Female,Los Angeles,2021-05-11,109,Shorts,Clothing,Brand E,30.0,2,60.0,In-Store
4330,2024-09-18,2664,27,Male,Phoenix,2021-03-06,105,Hat,Accessories,Brand E,22.5,2,45.0,Online
1586,2024-09-18,2268,25,Male,New York,2024-04-09,120,Cap,Accessories,Brand E,15.0,1,15.0,Online
4311,2024-09-18,2662,20,Female,Miami,2022-01-21,101,T-shirt,Clothing,Brand A,25.0,2,50.0,Online
3651,2024-09-18,2561,23,Female,Phoenix,2024-03-08,117,Scarf,Accessories,Brand E,18.0,1,18.0,Online
769,2024-09-19,2128,19,Male,Chicago,2022-06-21,106,Shirt,Clothing,Brand A,40.0,1,40.0,Online
3652,2024-09-19,2561,23,Female,Phoenix,2024-03-08,106,Shirt,Clothing,Brand A,40.0,2,80.0,Online
3394,2024-09-19,2527,43,Female,Miami,2021-06-04,105,Hat,Accessories,Brand E,22.5,1,22.5,Online
1265,2024-09-19,2214,47,Female,Phoenix,2023-11-16,113,Coat,Outerwear,Brand D,180.0,2,360.0,In-Store
3364,2024-09-19,2522,18,Female,San Diego,2023-06-29,117,Scarf,Accessories,Brand E,18.0,1,18.0,Online
3720,2024-09-19,2568,36,Female,Philadelphia,2022-09-08,113,Coat,Outerwear,Brand D,180.0,1,180.0,In-Store
3488,2024-09-19,2541,20,Female,Philadelphia,2023-05-06,111,Sandals,Footwear,Brand E,35.0,2,70.0,In-Store
5126,2024-09-19,2777,57,Male,Miami,2023-07-31,114,Parka,Outerwear,Brand B,150.0,2,300.0,In-Store
869,2024-09-20,2151,34,Male,Los Angeles,2024-01-27,113,Coat,Outerwear,Brand D,180.0,1,180.0,In-Store
4833,2024-09-20,2734,55,Male,Phoenix,2022-03-12,114,Parka,Outerwear,Brand B,150.0,1,150.0,In-Store
712,2024-09-20,2117,55,Male,Dallas,2023-04-19,112,Running Shoes,Footwear,Brand C,85.0,1,85.0,In-Store
1249,2024-09-20,2212,30,Male,San Antonio,2022-03-13,112,Running Shoes,Footwear,Brand C,85.0,2,170.0,Online
945,2024-09-20,2163,35,Male,Miami,2021-06-07,113,Coat,Outerwear,Brand D,180.0,1,180.0,Online
3849,2024-09-20,2589,40,Male,Houston,2024-05-25,113,Coat,Outerwear,Brand D,180.0,1,180.0,Online
896,2024-09-20,2155,19,Female,Chicago,2023-01-02,108,Hoodie,Clothing,Brand C,55.0,1,55.0,Online
1659,2024-09-21,2275,53,Male,San Diego,2021-09-28,107,Dress,Clothing,Brand B,65.0,1,65.0,Online
3387,2024-09-21,2525,34,Male,San Antonio,2024-04-04,111,Sandals,Footwear,Brand E,35.0,1,35.0,In-Store
5177,2024-09-21,2783,20,Female,Miami,2021-05-24,107,Dress,Clothing,Brand B,65.0,1,65.0,Online
3876,2024-09-21,2591,40,Female,Miami,2021-04-25,113,Coat,Outerwear,Brand D,180.0,1,180.0,Online
2970,2024-09-21,2452,23,Male,Philadelphia,2021-07-28,112,Running Shoes,Footwear,Brand C,85.0,1,85.0,Online
3309,2024-09-21,2515,23,Female,San Antonio,2022-03-31,111,Sandals,Footwear,Brand E,35.0,1,35.0,Online
1009,2024-09-21,2173,37,Female,Chicago,2021-09-15,113,Coat,Outerwear,Brand D,180.0,1,180.0,In-Store
1913,2024-09-21,2305,55,Female,New York,2021-03-18,110,Boots,Footwear,Brand D,110.0,1,110.0,In-Store
4114,2024-09-22,2630,51,Female,San Antonio,2022-07-05,109,Shorts,Clothing,Brand E,30.0,1,30.0,In-Store
3643,2024-09-22,2560,23,Female,Los Angeles,2023-12-13,105,Hat,Accessories,Brand E,22.5,3,67.5,Online
4534,2024-09-22,2697,23,Male,Los Angeles,2023-03-24,111,Sandals,Footwear,Brand E,35.0,1,35.0,Online
2458,2024-09-22,2378,61,Male,New York,2021-09-16,103,Sneakers,Footwear,Brand C,30.0,2,60.0,Online
414,2024-09-22,2075,38,Female,Miami,2022-05-11,113,Coat,Outerwear,Brand D,180.0,1,180.0,In-Store
3436,2024-09-23,2533,45,Male,New York,2022-08-29,103,Sneakers,Footwear,Brand C,30.0,1,30.0,In-Store
1250,2024-09-23,2212,30,Male,San Antonio,2022-03-13,109,Shorts,Clothing,Brand E,30.0,2,60.0,Online
713,2024-09-23,2117,55,Male,Dallas,2023-04-19,115,Blazer,Outerwear,Brand A,130.0,2,260.0,In-Store
1673,2024-09-23,2277,28,Male,Philadelphia,2023-03-16,106,Shirt,Clothing,Brand A,40.0,1,40.0,Online
1587,2024-09-23,2268,25,Male,New York,2024-04-09,120,Cap,Accessories,Brand E,15.0,1,15.0,Online
3949,2024-09-23,2605,51,Male,Miami,2023-10-16,111,Sandals,Footwear,Brand E,35.0,1,35.0,In-Store
4785,2024-09-23,2728,20,Female,Houston,2023-03-06,119,Sunglasses,Accessories,Brand C,45.0,1,45.0,Online
611,2024-09-23,2104,42,Male,Los Angeles,2022-05-14,110,Boots,Footwear,Brand D,110.0,1,110.0,Online
4182,2024-09-24,2642,52,Female,San Antonio,2021-03-19,108,Hoodie,Clothing,Brand C,55.0,1,55.0,In-Store
3908,2024-09-24,2600,58,Female,Houston,2022-04-14,116,Belt,Accessories,Brand A,20.0,1,20.0,In-Store
3758,2024-09-24,2575,47,Female,Chicago,2022-10-27,113,Coat,Outerwear,Brand D,180.0,1,180.0,In-Store
228,2024-09-24,2045,42,Female,Los Angeles,2022-01-19,114,Parka,Outerwear,Brand B,150.0,1,150.0,Online
2697,2024-09-25,2411,45,Male,Chicago,2021-04-28,114,Parka,Outerwear,Brand B,150.0,1,150.0,In-Store
253,2024-09-25,2049,23,Male,Phoenix,2022-07-21,111,Sandals,Footwear,Brand E,35.0,1,35.0,Online
2136,2024-09-25,2337,23,Male,New York,2023-08-21,117,Scarf,Accessories,Brand E,18.0,3,54.0,Online
2899,2024-09-25,2442,51,Female,Houston,2021-04-06,109,Shorts,Clothing,Brand E,30.0,2,60.0,Online
592,2024-09-26,2101,41,Female,Phoenix,2021-06-14,113,Coat,Outerwear,Brand D,180.0,1,180.0,In-Store
1461,2024-09-26,2246,56,Female,Houston,2021-08-05,102,Jeans,Clothing,Brand B,75.0,1,75.0,In-Store
1251,2024-09-27,2212,30,Male,San Antonio,2022-03-13,107,Dress,Clothing,Brand B,65.0,1,65.0,Online
2715,2024-09-27,2413,54,Female,Houston,2022-01-02,109,Shorts,Clothing,Brand E,30.0,1,30.0,In-Store
3558,2024-09-27,2548,26,Female,Los Angeles,2021-04-15,106,Shirt,Clothing,Brand A,40.0,1,40.0,In-Store
1044,2024-09-27,2177,70,Female,Chicago,2022-04-20,102,Jeans,Clothing,Brand B,75.0,2,150.0,Online
4636,2024-09-27,2712,21,Male,Dallas,2021-06-23,101,T-shirt,Clothing,Brand A,25.0,2,50.0,In-Store
3444,2024-09-27,2534,26,Male,San Antonio,2023-01-14,107,Dress,Clothing,Brand B,65.0,2,130.0,Online
3239,2024-09-27,2504,50,Male,Dallas,2023-10-29,108,Hoodie,Clothing,Brand C,55.0,3,165.0,In-Store
3412,2024-09-27,2528,27,Female,New York,2022-09-27,109,Shorts,Clothing,Brand E,30.0,1,30.0,Online
4196,2024-09-28,2644,24,Female,Philadelphia,2024-02-17,116,Belt,Accessories,Brand A,20.0,1,20.0,Online
5226,2024-09-28,2788,40,Female,Phoenix,2023-05-07,110,Boots,Footwear,Brand D,110.0,1,110.0,In-Store
3925,2024-09-28,2602,63,Female,Phoenix,2021-01-22,107,Dress,Clothing,Brand B,65.0,1,65.0,Online
4056,2024-09-28,2622,35,Male,Philadelphia,2024-06-24,104,Jacket,Outerwear,Brand D,120.0,1,120.0,Online
2386,2024-09-28,2369,23,Male,Philadelphia,2022-03-04,101,T-shirt,Clothing,Brand A,25.0,1,25.0,Online
4217,2024-09-28,2649,31,Male,Chicago,2023-10-15,114,Parka,Outerwear,Brand B,150.0,1,150.0,In-Store
1209,2024-09-28,2204,47,Male,Miami,2021-09-21,106,Shirt,Clothing,Brand A,40.0,3,120.0,Online
3445,2024-09-28,2534,26,Male,San Antonio,2023-01-14,120,Cap,Accessories,Brand E,15.0,1,15.0,Online
1625,2024-09-28,2271,26,Male,Philadelphia,2021-09-27,107,Dress,Clothing,Brand B,65.0,2,130.0,Online
3516,2024-09-29,2544,25,Male,Philadelphia,2023-10-17,109,Shorts,Clothing,Brand E,30.0,4,120.0,Online
607,2024-09-29,2102,26,Male,Dallas,2022-05-14,110,Boots,Footwear,Brand D,110.0,1,110.0,Online
866,2024-09-29,2150,37,Female,San Antonio,2024-03-10,117,Scarf,Accessories,Brand E,18.0,2,36.0,Online
1033,2024-09-29,2176,39,Male,San Diego,2023-05-29,113,Coat,Outerwear,Brand D,180.0,2,360.0,In-Store
670,2024-09-29,2112,51,Female,Philadelphia,2023-12-08,102,Jeans,Clothing,Brand B,75.0,2,150.0,In-Store
104,2024-09-29,2024,61,Male,Chicago,2021-02-04,107,Dress,Clothing,Brand B,65.0,1,65.0,In-Store
110,2024-09-30,2026,42,Male,San Antonio,2021-07-12,113,Coat,Outerwear,Brand D,180.0,1,180.0,Online
4183,2024-09-30,2642,52,Female,San Antonio,2021-03-19,105,Hat,Accessories,Brand E,22.5,1,22.5,In-Store
4173,2024-09-30,2641,47,Male,Phoenix,2022-12-04,113,Coat,Outerwear,Brand D,180.0,1,180.0,In-Store
3776,2024-09-30,2579,56,Female,Dallas,2022-09-21,101,T-shirt,Clothing,Brand A,25.0,1,25.0,In-Store
1266,2024-09-30,2214,47,Female,Phoenix,2023-11-16,115,Blazer,Outerwear,Brand A,130.0,3,390.0,In-Store
2931,2024-09-30,2446,49,Female,Phoenix,2021-09-20,114,Parka,Outerwear,Brand B,150.0,1,150.0,In-Store
3340,2024-09-30,2518,18,Male,Dallas,2023-05-06,101,T-shirt,Clothing,Brand A,25.0,2,50.0,In-Store
475,2024-09-30,2085,21,Male,Phoenix,2021-03-18,102,Jeans,Clothing,Brand B,75.0,4,300.0,Online
5115,2024-09-30,2775,50,Male,Phoenix,2024-06-18,115,Blazer,Outerwear,Brand A,130.0,1,130.0,In-Store
5161,2024-09-30,2782,52,Male,Philadelphia,2024-01-11,102,Jeans,Clothing,Brand B,75.0,1,75.0,In-Store
4655,2024-09-30,2714,56,Female,New York,2022-01-31,106,Shirt,Clothing,Brand A,40.0,1,40.0,In-Store
3653,2024-10-01,2561,23,Female,Phoenix,2024-03-08,109,Shorts,Clothing,Brand E,30.0,2,60.0,Online
4709,2024-10-01,2720,20,Female,Miami,2023-08-06,120,Cap,Accessories,Brand E,15.0,2,30.0,Online
254,2024-10-01,2049,23,Male,Phoenix,2022-07-21,106,Shirt,Clothing,Brand A,40.0,2,80.0,Online
770,2024-10-02,2128,19,Male,Chicago,2022-06-21,109,Shorts,Clothing,Brand E,30.0,1,30.0,Online
3086,2024-10-02,2475,35,Female,Los Angeles,2023-12-20,113,Coat,Outerwear,Brand D,180.0,1,180.0,Online
5291,2024-10-02,2796,52,Female,Houston,2023-10-23,101,T-shirt,Clothing,Brand A,25.0,1,25.0,Online
3257,2024-10-02,2506,23,Female,New York,2023-05-17,118,Bag,Accessories,Brand B,60.0,1,60.0,Online
401,2024-10-02,2074,21,Female,San Antonio,2022-08-20,105,Hat,Accessories,Brand E,22.5,1,22.5,In-Store
4115,2024-10-02,2630,51,Female,San Antonio,2022-07-05,102,Jeans,Clothing,Brand B,75.0,1,75.0,In-Store
1583,2024-10-02,2267,47,Male,Miami,2022-11-01,106,Shirt,Clothing,Brand A,40.0,1,40.0,Online
233,2024-10-02,2046,47,Female,Chicago,2024-02-20,114,Parka,Outerwear,Brand B,150.0,1,150.0,Online
2731,2024-10-03,2414,21,Male,San Diego,2022-04-11,101,T-shirt,Clothing,Brand A,25.0,1,25.0,Online
5304,2024-10-03,2798,25,Female,Miami,2021-01-17,120,Cap,Accessories,Brand E,15.0,2,30.0,Online
4489,2024-10-03,2687,47,Male,San Antonio,2021-04-14,105,Hat,Accessories,Brand E,22.5,1,22.5,In-Store
4281,2024-10-03,2656,23,Female,New York,2021-01-22,116,Belt,Accessories,Brand A,20.0,2,40.0,Online
3569,2024-10-03,2550,55,Male,San Diego,2023-10-27,106,Shirt,Clothing,Brand A,40.0,2,80.0,In-Store
3559,2024-10-03,2548,26,Female,Los Angeles,2021-04-15,109,Shorts,Clothing,Brand E,30.0,4,120.0,Online
3051,2024-10-03,2470,25,Female,New York,2023-07-24,102,Jeans,Clothing,Brand B,75.0,2,150.0,In-Store
4801,2024-10-04,2730,22,Male,San Antonio,2024-03-27,101,T-shirt,Clothing,Brand A,25.0,1,25.0,Online
3061,2024-10-04,2471,64,Female,Chicago,2023-04-04,108,Hoodie,Clothing,Brand C,55.0,1,55.0,Online
2853,2024-10-04,2434,41,Female,San Diego,2023-08-30,114,Parka,Outerwear,Brand B,150.0,1,150.0,In-Store
4952,2024-10-04,2749,41,Female,New York,2023-12-10,104,Jacket,Outerwear,Brand D,120.0,1,120.0,In-Store
4710,2024-10-04,2720,20,Female,Miami,2023-08-06,117,Scarf,Accessories,Brand E,18.0,1,18.0,Online
3382,2024-10-04,2524,40,Male,Houston,2021-03-25,102,Jeans,Clothing,Brand B,75.0,1,75.0,Online
2754,2024-10-04,2420,38,Female,Phoenix,2023-12-17,104,Jacket,Outerwear,Brand D,120.0,2,240.0,In-Store
5116,2024-10-05,2775,50,Male,Phoenix,2024-06-18,112,Running Shoes,Footwear,Brand C,85.0,2,170.0,In-Store
3867,2024-10-05,2590,32,Female,Phoenix,2023-03-16,114,Parka,Outerwear,Brand B,150.0,1,150.0,In-Store
3240,2024-10-05,2504,50,Male,Dallas,2023-10-29,102,Jeans,Clothing,Brand B,75.0,3,225.0,In-Store
1087,2024-10-06,2184,52,Male,Houston,2023-07-15,108,Hoodie,Clothing,Brand C,55.0,1,55.0,In-Store
671,2024-10-06,2112,51,Female,Philadelphia,2023-12-08,116,Belt,Accessories,Brand A,20.0,1,20.0,Online
4676,2024-10-06,2716,20,Male,New York,2023-03-11,106,Shirt,Clothing,Brand A,40.0,1,40.0,Online
3987,2024-10-06,2611,41,Male,Houston,2023-05-26,114,Parka,Outerwear,Brand B,150.0,1,150.0,In-Store
2900,2024-10-07,2442,51,Female,Houston,2021-04-06,114,Parka,Outerwear,Brand B,150.0,3,450.0,In-Store
5178,2024-10-07,2783,20,Female,Miami,2021-05-24,105,Hat,Accessories,Brand E,22.5,1,22.5,Online
1302,2024-10-07,2220,59,Male,Phoenix,2023-09-29,119,Sunglasses,Accessories,Brand C,45.0,1,45.0,In-Store
4405,2024-10-07,2673,19,Male,Houston,2021-12-12,103,Sneakers,Footwear,Brand C,30.0,1,30.0,Online
3045,2024-10-07,2469,56,Male,San Diego,2021-07-06,109,Shorts,Clothing,Brand E,30.0,3,90.0,In-Store
283,2024-10-07,2052,25,Male,Houston,2021-11-02,105,Hat,Accessories,Brand E,22.5,3,67.5,Online
2698,2024-10-07,2411,45,Male,Chicago,2021-04-28,101,T-shirt,Clothing,Brand A,25.0,1,25.0,In-Store
1045,2024-10-08,2177,70,Female,Chicago,2022-04-20,109,Shorts,Clothing,Brand E,30.0,1,30.0,In-Store
8,2024-10-08,2006,51,Female,Houston,2022-02-14,111,Sandals,Footwear,Brand E,35.0,2,70.0,Online
825,2024-10-08,2138,59,Male,Phoenix,2023-04-10,115,Blazer,Outerwear,Brand A,130.0,1,130.0,In-Store
1626,2024-10-08,2271,26,Male,Philadelphia,2021-09-27,105,Hat,Accessories,Brand E,22.5,3,67.5,Online
5179,2024-10-09,2783,20,Female,Miami,2021-05-24,109,Shorts,Clothing,Brand E,30.0,2,60.0,Online
27,2024-10-09,2011,22,Female,Chicago,2021-01-18,111,Sandals,Footwear,Brand E,35.0,2,70.0,In-Store
2732,2024-10-09,2414,21,Male,San Diego,2022-04-11,106,Shirt,Clothing,Brand A,40.0,1,40.0,Online
1541,2024-10-09,2257,22,Female,Philadelphia,2021-01-31,117,Scarf,Accessories,Brand E,18.0,1,18.0,In-Store
2563,2024-10-09,2397,28,Male,Chicago,2024-01-12,106,Shirt,Clothing,Brand A,40.0,2,80.0,In-Store
3475,2024-10-10,2539,36,Female,Philadelphia,2024-03-30,114,Parka,Outerwear,Brand B,150.0,1,150.0,Online
2117,2024-10-10,2334,51,Male,Los Angeles,2021-12-14,119,Sunglasses,Accessories,Brand C,45.0,1,45.0,In-Store
2402,2024-10-10,2370,18,Male,Dallas,2021-03-18,105,Hat,Accessories,Brand E,22.5,4,90.0,Online
3221,2024-10-11,2502,31,Female,San Diego,2021-02-09,113,Coat,Outerwear,Brand D,180.0,1,180.0,Online
1437,2024-10-11,2243,19,Female,Houston,2021-11-29,116,Belt,Accessories,Brand A,20.0,3,60.0,Online
2265,2024-10-11,2357,26,Female,San Diego,2022-10-11,111,Sandals,Footwear,Brand E,35.0,1,35.0,Online
2188,2024-10-11,2342,21,Male,Los Angeles,2021-08-07,110,Boots,Footwear,Brand D,110.0,1,110.0,Online
122,2024-10-11,2028,34,Female,Philadelphia,2021-10-31,110,Boots,Footwear,Brand D,110.0,2,220.0,Online
5208,2024-10-11,2786,25,Male,San Diego,2023-10-29,120,Cap,Accessories,Brand E,15.0,4,60.0,Online
1958,2024-10-12,2310,26,Female,Dallas,2022-08-09,120,Cap,Accessories,Brand E,15.0,1,15.0,In-Store
2653,2024-10-12,2407,21,Male,San Antonio,2023-03-15,106,Shirt,Clothing,Brand A,40.0,4,160.0,Online
5058,2024-10-12,2764,48,Male,San Antonio,2021-05-16,107,Dress,Clothing,Brand B,65.0,2,130.0,In-Store
3789,2024-10-12,2581,20,Female,Los Angeles,2022-09-03,103,Sneakers,Footwear,Brand C,30.0,1,30.0,Online
2118,2024-10-12,2334,51,Male,Los Angeles,2021-12-14,108,Hoodie,Clothing,Brand C,55.0,2,110.0,In-Store
755,2024-10-12,2127,51,Female,Chicago,2021-02-03,108,Hoodie,Clothing,Brand C,55.0,1,55.0,In-Store
4088,2024-10-12,2623,24,Male,Philadelphia,2021-12-29,117,Scarf,Accessories,Brand E,18.0,3,54.0,Online
4972,2024-10-12,2750,20,Female,Los Angeles,2021-07-20,105,Hat,Accessories,Brand E,22.5,1,22.5,Online
2200,2024-10-13,2344,51,Male,New York,2021-12-18,108,Hoodie,Clothing,Brand C,55.0,2,110.0,Online
3383,2024-10-13,2524,40,Male,Houston,2021-03-25,113,Coat,Outerwear,Brand D,180.0,1,180.0,In-Store
3155,2024-10-13,2492,51,Female,San Antonio,2022-12-18,107,Dress,Clothing,Brand B,65.0,1,65.0,In-Store
3591,2024-10-13,2552,45,Male,Houston,2023-01-25,115,Blazer,Outerwear,Brand A,130.0,1,130.0,Online
2266,2024-10-13,2357,26,Female,San Diego,2022-10-11,101,T-shirt,Clothing,Brand A,25.0,1,25.0,Online
3963,2024-10-13,2606,38,Male,Los Angeles,2022-06-03,114,Parka,Outerwear,Brand B,150.0,1,150.0,In-Store
162,2024-10-13,2036,21,Female,San Antonio,2022-11-12,106,Shirt,Clothing,Brand A,40.0,1,40.0,Online
2477,2024-10-13,2380,69,Male,Los Angeles,2022-12-28,103,Sneakers,Footwear,Brand C,30.0,2,60.0,In-Store
1496,2024-10-13,2252,62,Female,San Diego,2022-03-10,107,Dress,Clothing,Brand B,65.0,2,130.0,In-Store
3384,2024-10-14,2524,40,Male,Houston,2021-03-25,113,Coat,Outerwear,Brand D,180.0,1,180.0,In-Store
3560,2024-10-14,2548,26,Female,Los Angeles,2021-04-15,101,T-shirt,Clothing,Brand A,25.0,2,50.0,Online
4029,2024-10-14,2616,54,Male,Houston,2021-09-04,117,Scarf,Accessories,Brand E,18.0,1,18.0,In-Store
3079,2024-10-14,2473,18,Male,San Diego,2022-05-13,101,T-shirt,Clothing,Brand A,25.0,1,25.0,Online
4822,2024-10-14,2733,37,Male,Chicago,2022-11-14,113,Coat,Outerwear,Brand D,180.0,2,360.0,In-Store
3529,2024-10-15,2545,37,Male,New York,2022-07-05,113,Coat,Outerwear,Brand D,180.0,1,180.0,Online
2137,2024-10-15,2337,23,Male,New York,2023-08-21,102,Jeans,Clothing,Brand B,75.0,1,75.0,Online
1174,2024-10-15,2197,25,Male,Philadelphia,2021-10-18,107,Dress,Clothing,Brand B,65.0,1,65.0,Online
2660,2024-10-15,2408,19,Male,San Diego,2021-03-12,110,Boots,Footwear,Brand D,110.0,1,110.0,In-Store
3675,2024-10-15,2562,20,Male,New York,2021-09-10,120,Cap,Accessories,Brand E,15.0,1,15.0,Online
3592,2024-10-15,2552,45,Male,Houston,2023-01-25,113,Coat,Outerwear,Brand D,180.0,1,180.0,In-Store
4312,2024-10-16,2662,20,Female,Miami,2022-01-21,101,T-shirt,Clothing,Brand A,25.0,2,50.0,Online
3926,2024-10-16,2602,63,Female,Phoenix,2021-01-22,111,Sandals,Footwear,Brand E,35.0,1,35.0,In-Store
1771,2024-10-16,2291,19,Male,Philadelphia,2023-07-21,120,Cap,Accessories,Brand E,15.0,2,30.0,Online
4904,2024-10-16,2741,19,Male,Chicago,2023-04-10,111,Sandals,Footwear,Brand E,35.0,3,105.0,In-Store
1793,2024-10-17,2292,21,Female,Houston,2022-10-12,109,Shorts,Clothing,Brand E,30.0,1,30.0,Online
476,2024-10-17,2085,21,Male,Phoenix,2021-03-18,112,Running Shoes,Footwear,Brand C,85.0,4,340.0,Online
284,2024-10-17,2052,25,Male,Houston,2021-11-02,116,Belt,Accessories,Brand A,20.0,1,20.0,Online
3489,2024-10-17,2541,20,Female,Philadelphia,2023-05-06,116,Belt,Accessories,Brand A,20.0,1,20.0,Online
3272,2024-10-18,2510,39,Male,Philadelphia,2022-12-06,119,Sunglasses,Accessories,Brand C,45.0,3,135.0,In-Store
3426,2024-10-18,2529,24,Female,Philadelphia,2021-07-12,120,Cap,Accessories,Brand E,15.0,2,30.0,Online
972,2024-10-18,2168,40,Male,Phoenix,2022-02-06,114,Parka,Outerwear,Brand B,150.0,1,150.0,In-Store
46,2024-10-18,2014,38,Female,Phoenix,2021-05-29,113,Coat,Outerwear,Brand D,180.0,1,180.0,Online
1742,2024-10-18,2287,23,Male,Phoenix,2024-01-14,103,Sneakers,Footwear,Brand C,30.0,1,30.0,Online
3490,2024-10-18,2541,20,Female,Philadelphia,2023-05-06,106,Shirt,Clothing,Brand A,40.0,2,80.0,Online
1794,2024-10-18,2292,21,Female,Houston,2022-10-12,111,Sandals,Footwear,Brand E,35.0,1,35.0,Online
70,2024-10-19,2020,21,Female,San Diego,2023-03-08,107,Dress,Clothing,Brand B,65.0,1,65.0,Online
1542,2024-10-19,2257,22,Female,Philadelphia,2021-01-31,108,Hoodie,Clothing,Brand C,55.0,1,55.0,In-Store
910,2024-10-19,2158,41,Female,New York,2024-01-03,113,Coat,Outerwear,Brand D,180.0,1,180.0,In-Store
2275,2024-10-19,2358,58,Female,Miami,2023-09-03,113,Coat,Outerwear,Brand D,180.0,2,360.0,In-Store
5111,2024-10-19,2773,61,Male,Miami,2021-08-28,115,Blazer,Outerwear,Brand A,130.0,1,130.0,In-Store
2748,2024-10-19,2417,37,Female,San Antonio,2023-07-19,113,Coat,Outerwear,Brand D,180.0,1,180.0,Online
4716,2024-10-19,2721,23,Female,Miami,2024-04-13,117,Scarf,Accessories,Brand E,18.0,1,18.0,Online
3119,2024-10-19,2483,21,Male,Phoenix,2021-12-06,109,Shorts,Clothing,Brand E,30.0,1,30.0,Online
5037,2024-10-20,2761,22,Female,Dallas,2022-07-10,101,T-shirt,Clothing,Brand A,25.0,4,100.0,Online
2971,2024-10-20,2452,23,Male,Philadelphia,2021-07-28,109,Shorts,Clothing,Brand E,30.0,2,60.0,Online
4497,2024-10-20,2689,21,Male,San Diego,2024-03-08,119,Sunglasses,Accessories,Brand C,45.0,2,90.0,Online
4973,2024-10-20,2750,20,Female,Los Angeles,2021-07-20,117,Scarf,Accessories,Brand E,18.0,1,18.0,In-Store
1991,2024-10-20,2316,24,Female,Los Angeles,2022-01-02,105,Hat,Accessories,Brand E,22.5,2,45.0,Online
664,2024-10-20,2110,45,Female,San Antonio,2021-02-14,107,Dress,Clothing,Brand B,65.0,1,65.0,In-Store
4602,2024-10-20,2706,23,Female,San Antonio,2023-10-11,101,T-shirt,Clothing,Brand A,25.0,1,25.0,Online
4147,2024-10-20,2637,24,Male,Phoenix,2024-02-18,106,Shirt,Clothing,Brand A,40.0,3,120.0,Online
3735,2024-10-21,2571,55,Male,San Antonio,2022-08-12,101,T-shirt,Clothing,Brand A,25.0,1,25.0,In-Store
300,2024-10-21,2058,40,Male,Houston,2024-05-17,118,Bag,Accessories,Brand B,60.0,1,60.0,In-Store
178,2024-10-21,2037,59,Male,Philadelphia,2021-10-17,120,Cap,Accessories,Brand E,15.0,1,15.0,In-Store
702,2024-10-21,2115,21,Male,San Diego,2021-04-30,103,Sneakers,Footwear,Brand C,30.0,1,30.0,Online
2538,2024-10-21,2392,40,Female,Dallas,2021-01-22,113,Coat,Outerwear,Brand D,180.0,1,180.0,In-Store
1046,2024-10-21,2177,70,Female,Chicago,2022-04-20,102,Jeans,Clothing,Brand B,75.0,1,75.0,In-Store
3535,2024-10-22,2546,55,Male,Philadelphia,2023-12-25,109,Shorts,Clothing,Brand E,30.0,2,60.0,In-Store
1125,2024-10-22,2189,41,Female,San Diego,2023-01-31,113,Coat,Outerwear,Brand D,180.0,2,360.0,Online
4331,2024-10-22,2664,27,Male,Phoenix,2021-03-06,108,Hoodie,Clothing,Brand C,55.0,1,55.0,Online
2267,2024-10-22,2357,26,Female,San Diego,2022-10-11,108,Hoodie,Clothing,Brand C,55.0,2,110.0,Online
4337,2024-10-22,2666,33,Female,Dallas,2024-05-21,113,Coat,Outerwear,Brand D,180.0,2,360.0,Online
5127,2024-10-22,2777,57,Male,Miami,2023-07-31,108,Hoodie,Clothing,Brand C,55.0,2,110.0,In-Store
236,2024-10-22,2047,34,Male,Los Angeles,2023-06-12,113,Coat,Outerwear,Brand D,180.0,1,180.0,Online
3977,2024-10-22,2610,27,Male,Phoenix,2023-02-13,117,Scarf,Accessories,Brand E,18.0,1,18.0,Online
4819,2024-10-22,2732,26,Female,Los Angeles,2021-07-26,119,Sunglasses,Accessories,Brand C,45.0,1,45.0,Online
1942,2024-10-22,2307,52,Female,Dallas,2022-12-16,113,Coat,Outerwear,Brand D,180.0,1,180.0,Online
2498,2024-10-23,2388,47,Female,Los Angeles,2024-05-17,114,Parka,Outerwear,Brand B,150.0,1,150.0,In-Store
3543,2024-10-23,2547,25,Female,San Antonio,2023-05-18,109,Shorts,Clothing,Brand E,30.0,1,30.0,In-Store
115,2024-10-23,2027,31,Male,Phoenix,2021-06-20,108,Hoodie,Clothing,Brand C,55.0,1,55.0,Online
2057,2024-10-23,2324,18,Female,Phoenix,2022-02-06,120,Cap,Accessories,Brand E,15.0,2,30.0,Online
51,2024-10-23,2018,49,Male,Houston,2022-07-21,106,Shirt,Clothing,Brand A,40.0,2,80.0,In-Store
1914,2024-10-23,2305,55,Female,New York,2021-03-18,114,Parka,Outerwear,Brand B,150.0,1,150.0,In-Store
3845,2024-10-23,2588,36,Female,Los Angeles,2021-11-09,111,Sandals,Footwear,Brand E,35.0,1,35.0,In-Store
79,2024-10-23,2021,36,Male,Dallas,2021-01-02,105,Hat,Accessories,Brand E,22.5,1,22.5,Online
163,2024-10-24,2036,21,Female,San Antonio,2022-11-12,119,Sunglasses,Accessories,Brand C,45.0,1,45.0,Online
143,2024-10-24,2033,49,Male,New York,2021-03-16,110,Boots,Footwear,Brand D,110.0,1,110.0,In-Store
3536,2024-10-24,2546,55,Male,Philadelphia,2023-12-25,107,Dress,Clothing,Brand B,65.0,1,65.0,Online
2268,2024-10-24,2357,26,Female,San Diego,2022-10-11,117,Scarf,Accessories,Brand E,18.0,1,18.0,Online
4012,2024-10-25,2615,20,Male,New York,2023-05-06,120,Cap,Accessories,Brand E,15.0,2,30.0,Online
2269,2024-10-25,2357,26,Female,San Diego,2022-10-11,106,Shirt,Clothing,Brand A,40.0,1,40.0,Online
4282,2024-10-25,2656,23,Female,New York,2021-01-22,120,Cap,Accessories,Brand E,15.0,1,15.0,Online
4656,2024-10-25,2714,56,Female,New York,2022-01-31,112,Running Shoes,Footwear,Brand C,85.0,2,170.0,In-Store
1660,2024-10-25,2275,53,Male,San Diego,2021-09-28,106,Shirt,Clothing,Brand A,40.0,1,40.0,In-Store
5018,2024-10-25,2760,37,Female,Philadelphia,2024-02-07,102,Jeans,Clothing,Brand B,75.0,1,75.0,In-Store
2147,2024-10-25,2338,42,Female,New York,2023-09-18,108,Hoodie,Clothing,Brand C,55.0,1,55.0,In-Store
4253,2024-10-25,2653,61,Male,New York,2024-06-07,114,Parka,Outerwear,Brand B,150.0,2,300.0,In-Store
4174,2024-10-25,2641,47,Male,Phoenix,2022-12-04,113,Coat,Outerwear,Brand D,180.0,1,180.0,In-Store
3618,2024-10-25,2554,43,Male,New York,2021-07-06,104,Jacket,Outerwear,Brand D,120.0,1,120.0,In-Store
649,2024-10-25,2109,21,Female,New York,2022-04-01,101,T-shirt,Clothing,Brand A,25.0,2,50.0,Online
1558,2024-10-25,2260,43,Female,Los Angeles,2024-06-17,113,Coat,Outerwear,Brand D,180.0,1,180.0,In-Store
2523,2024-10-26,2391,50,Female,Dallas,2023-01-28,114,Parka,Outerwear,Brand B,150.0,4,600.0,In-Store
534,2024-10-26,2092,53,Female,Phoenix,2021-01-01,109,Shorts,Clothing,Brand E,30.0,2,60.0,Online
897,2024-10-26,2155,19,Female,Chicago,2023-01-02,116,Belt,Accessories,Brand A,20.0,2,40.0,Online
1327,2024-10-26,2223,43,Female,Los Angeles,2022-01-08,110,Boots,Footwear,Brand D,110.0,1,110.0,Online
3124,2024-10-26,2484,51,Female,Philadelphia,2024-03-22,106,Shirt,Clothing,Brand A,40.0,1,40.0,In-Store
771,2024-10-27,2128,19,Male,Chicago,2022-06-21,103,Sneakers,Footwear,Brand C,30.0,1,30.0,Online
2307,2024-10-27,2362,25,Female,Phoenix,2023-10-09,117,Scarf,Accessories,Brand E,18.0,2,36.0,Online
946,2024-10-27,2163,35,Male,Miami,2021-06-07,114,Parka,Outerwear,Brand B,150.0,1,150.0,In-Store
1497,2024-10-27,2252,62,Female,San Diego,2022-03-10,120,Cap,Accessories,Brand E,15.0,1,15.0,In-Store
2364,2024-10-27,2367,19,Female,San Diego,2021-06-02,109,Shorts,Clothing,Brand E,30.0,2,60.0,In-Store
4296,2024-10-27,2660,34,Female,Los Angeles,2023-09-06,113,Coat,Outerwear,Brand D,180.0,1,180.0,Online
5067,2024-10-28,2766,46,Male,Houston,2023-07-08,115,Blazer,Outerwear,Brand A,130.0,2,260.0,Online
4761,2024-10-28,2725,22,Male,Houston,2023-03-04,118,Bag,Accessories,Brand B,60.0,3,180.0,Online
3162,2024-10-28,2493,58,Female,Miami,2022-09-02,105,Hat,Accessories,Brand E,22.5,1,22.5,Online
4535,2024-10-28,2697,23,Male,Los Angeles,2023-03-24,109,Shorts,Clothing,Brand E,30.0,1,30.0,Online
1392,2024-10-28,2232,50,Female,San Diego,2023-01-12,102,Jeans,Clothing,Brand B,75.0,1,75.0,In-Store
2138,2024-10-28,2337,23,Male,New York,2023-08-21,120,Cap,Accessories,Brand E,15.0,1,15.0,Online
867,2024-10-28,2150,37,Female,San Antonio,2024-03-10,112,Running Shoes,Footwear,Brand C,85.0,1,85.0,Online
3446,2024-10-28,2534,26,Male,San Antonio,2023-01-14,101,T-shirt,Clothing,Brand A,25.0,1,25.0,Online
5255,2024-10-28,2791,53,Male,Houston,2022-04-08,110,Boots,Footwear,Brand D,110.0,1,110.0,In-Store
237,2024-10-29,2047,34,Male,Los Angeles,2023-06-12,113,Coat,Outerwear,Brand D,180.0,2,360.0,In-Store
3691,2024-10-29,2564,22,Male,Phoenix,2023-03-18,111,Sandals,Footwear,Brand E,35.0,1,35.0,In-Store
1922,2024-10-29,2306,35,Male,Chicago,2023-07-12,114,Parka,Outerwear,Brand B,150.0,1,150.0,In-Store
859,2024-10-29,2148,33,Male,Houston,2023-12-15,104,Jacket,Outerwear,Brand D,120.0,1,120.0,Online
477,2024-10-30,2085,21,Male,Phoenix,2021-03-18,117,Scarf,Accessories,Brand E,18.0,2,36.0,Online
1772,2024-10-30,2291,19,Male,Philadelphia,2023-07-21,108,Hoodie,Clothing,Brand C,55.0,2,110.0,Online
1280,2024-10-30,2217,31,Female,San Diego,2022-07-31,112,Running Shoes,Footwear,Brand C,85.0,1,85.0,In-Store
4603,2024-10-30,2706,23,Female,San Antonio,2023-10-11,107,Dress,Clothing,Brand B,65.0,2,130.0,Online
353,2024-10-30,2070,24,Male,San Antonio,2023-01-13,118,Bag,Accessories,Brand B,60.0,1,60.0,Online
4211,2024-10-31,2647,67,Female,Phoenix,2022-06-10,102,Jeans,Clothing,Brand B,75.0,1,75.0,In-Store
2441,2024-10-31,2375,21,Male,New York,2023-12-22,109,Shorts,Clothing,Brand E,30.0,1,30.0,In-Store
2227,2024-10-31,2350,41,Male,Phoenix,2023-08-28,102,Jeans,Clothing,Brand B,75.0,1,75.0,In-Store
564,2024-10-31,2097,56,Male,Phoenix,2021-05-03,110,Boots,Footwear,Brand D,110.0,1,110.0,In-Store
2120,2024-10-31,2336,49,Female,Los Angeles,2024-05-13,115,Blazer,Outerwear,Brand A,130.0,2,260.0,In-Store
5334,2024-10-31,2804,20,Female,Dallas,2023-05-19,109,Shorts,Clothing,Brand E,30.0,1,30.0,Online
32,2024-10-31,2012,53,Male,Dallas,2024-01-12,101,T-shirt,Clothing,Brand A,25.0,3,75.0,Online
1854,2024-11-01,2297,23,Female,Dallas,2021-05-17,108,Hoodie,Clothing,Brand C,55.0,1,55.0,Online
499,2024-11-01,2088,26,Female,San Diego,2022-08-05,110,Boots,Footwear,Brand D,110.0,1,110.0,Online
3434,2024-11-01,2532,41,Male,San Diego,2021-03-11,108,Hoodie,Clothing,Brand C,55.0,1,55.0,In-Store
4148,2024-11-01,2637,24,Male,Phoenix,2024-02-18,108,Hoodie,Clothing,Brand C,55.0,3,165.0,Online
3452,2024-11-01,2535,64,Male,Phoenix,2023-11-06,106,Shirt,Clothing,Brand A,40.0,2,80.0,In-Store
5292,2024-11-01,2796,52,Female,Houston,2023-10-23,104,Jacket,Outerwear,Brand D,120.0,1,120.0,Online
3730,2024-11-01,2570,39,Female,Philadelphia,2023-06-15,115,Blazer,Outerwear,Brand A,130.0,1,130.0,Online
632,2024-11-01,2108,25,Male,New York,2022-05-04,120,Cap,Accessories,Brand E,15.0,2,30.0,Online
3927,2024-11-01,2602,63,Female,Phoenix,2021-01-22,113,Coat,Outerwear,Brand D,180.0,1,180.0,In-Store
2564,2024-11-01,2397,28,Male,Chicago,2024-01-12,105,Hat,Accessories,Brand E,22.5,1,22.5,Online
1733,2024-11-01,2286,43,Female,Phoenix,2022-03-11,113,Coat,Outerwear,Brand D,180.0,1,180.0,In-Store
2740,2024-11-01,2415,21,Female,Phoenix,2023-06-10,103,Sneakers,Footwear,Brand C,30.0,1,30.0,Online
402,2024-11-01,2074,21,Female,San Antonio,2022-08-20,120,Cap,Accessories,Brand E,15.0,1,15.0,Online
2328,2024-11-02,2364,33,Female,San Antonio,2023-03-11,117,Scarf,Accessories,Brand E,18.0,1,18.0,In-Store
1235,2024-11-02,2209,34,Male,San Diego,2021-09-15,104,Jacket,Outerwear,Brand D,120.0,1,120.0,Online
4910,2024-11-02,2742,57,Male,Miami,2022-10-18,107,Dress,Clothing,Brand B,65.0,1,65.0,In-Store
3163,2024-11-02,2493,58,Female,Miami,2022-09-02,107,Dress,Clothing,Brand B,65.0,1,65.0,Online
1362,2024-11-02,2228,55,Male,Los Angeles,2023-03-06,102,Jeans,Clothing,Brand B,75.0,1,75.0,In-Store
2820,2024-11-02,2429,27,Male,Houston,2024-03-07,117,Scarf,Accessories,Brand E,18.0,1,18.0,Online
2299,2024-11-02,2361,19,Female,San Antonio,2023-02-27,101,T-shirt,Clothing,Brand A,25.0,1,25.0,Online
4926,2024-11-02,2744,26,Male,Philadelphia,2023-03-22,111,Sandals,Footwear,Brand E,35.0,1,35.0,Online
3537,2024-11-02,2546,55,Male,Philadelphia,2023-12-25,102,Jeans,Clothing,Brand B,75.0,1,75.0,In-Store
3264,2024-11-02,2507,49,Male,Los Angeles,2024-03-08,111,Sandals,Footwear,Brand E,35.0,2,70.0,In-Store
911,2024-11-03,2158,41,Female,New York,2024-01-03,114,Parka,Outerwear,Brand B,150.0,1,150.0,In-Store
847,2024-11-03,2146,24,Male,San Antonio,2024-04-28,106,Shirt,Clothing,Brand A,40.0,1,40.0,Online
3821,2024-11-03,2586,26,Male,Philadelphia,2024-06-22,105,Hat,Accessories,Brand E,22.5,1,22.5,Online
3676,2024-11-03,2562,20,Male,New York,2021-09-10,102,Jeans,Clothing,Brand B,75.0,1,75.0,Online
2699,2024-11-03,2411,45,Male,Chicago,2021-04-28,101,T-shirt,Clothing,Brand A,25.0,2,50.0,In-Store
4802,2024-11-03,2730,22,Male,San Antonio,2024-03-27,107,Dress,Clothing,Brand B,65.0,1,65.0,Online
2246,2024-11-03,2355,54,Male,New York,2021-03-10,109,Shorts,Clothing,Brand E,30.0,2,60.0,In-Store
5109,2024-11-03,2771,50,Female,Phoenix,2022-12-26,113,Coat,Outerwear,Brand D,180.0,1,180.0,In-Store
3341,2024-11-03,2518,18,Male,Dallas,2023-05-06,107,Dress,Clothing,Brand B,65.0,2,130.0,Online
1855,2024-11-03,2297,23,Female,Dallas,2021-05-17,101,T-shirt,Clothing,Brand A,25.0,2,50.0,Online
379,2024-11-04,2072,20,Female,Chicago,2022-02-12,101,T-shirt,Clothing,Brand A,25.0,3,75.0,Online
2170,2024-11-04,2341,37,Female,Los Angeles,2021-02-26,113,Coat,Outerwear,Brand D,180.0,1,180.0,In-Store
3654,2024-11-04,2561,23,Female,Phoenix,2024-03-08,116,Belt,Accessories,Brand A,20.0,2,40.0,Online
3120,2024-11-04,2483,21,Male,Phoenix,2021-12-06,106,Shirt,Clothing,Brand A,40.0,2,80.0,In-Store
5209,2024-11-04,2786,25,Male,San Diego,2023-10-29,117,Scarf,Accessories,Brand E,18.0,1,18.0,Online
3835,2024-11-05,2587,46,Female,Philadelphia,2021-05-03,106,Shirt,Clothing,Brand A,40.0,1,40.0,In-Store
5335,2024-11-05,2804,20,Female,Dallas,2023-05-19,105,Hat,Accessories,Brand E,22.5,2,45.0,In-Store
2733,2024-11-05,2414,21,Male,San Diego,2022-04-11,108,Hoodie,Clothing,Brand C,55.0,1,55.0,Online
797,2024-11-05,2134,31,Male,Chicago,2021-10-04,116,Belt,Accessories,Brand A,20.0,1,20.0,Online
229,2024-11-05,2045,42,Female,Los Angeles,2022-01-19,113,Coat,Outerwear,Brand D,180.0,1,180.0,Online
3759,2024-11-05,2575,47,Female,Chicago,2022-10-27,107,Dress,Clothing,Brand B,65.0,1,65.0,In-Store
2416,2024-11-05,2371,22,Female,San Diego,2023-02-16,108,Hoodie,Clothing,Brand C,55.0,1,55.0,In-Store
756,2024-11-05,2127,51,Female,Chicago,2021-02-03,119,Sunglasses,Accessories,Brand C,45.0,1,45.0,In-Store
2741,2024-11-05,2415,21,Female,Phoenix,2023-06-10,106,Shirt,Clothing,Brand A,40.0,1,40.0,Online
1885,2024-11-05,2298,20,Male,Chicago,2021-07-27,116,Belt,Accessories,Brand A,20.0,2,40.0,Online
5038,2024-11-05,2761,22,Female,Dallas,2022-07-10,106,Shirt,Clothing,Brand A,40.0,2,80.0,Online
3677,2024-11-05,2562,20,Male,New York,2021-09-10,109,Shorts,Clothing,Brand E,30.0,2,60.0,Online
4057,2024-11-05,2622,35,Male,Philadelphia,2024-06-24,113,Coat,Outerwear,Brand D,180.0,1,180.0,Online
3111,2024-11-05,2482,52,Male,Chicago,2022-03-27,114,Parka,Outerwear,Brand B,150.0,1,150.0,In-Store
1627,2024-11-05,2271,26,Male,Philadelphia,2021-09-27,117,Scarf,Accessories,Brand E,18.0,2,36.0,Online
807,2024-11-05,2137,32,Male,Philadelphia,2023-10-08,113,Coat,Outerwear,Brand D,180.0,1,180.0,In-Store
164,2024-11-06,2036,21,Female,San Antonio,2022-11-12,111,Sandals,Footwear,Brand E,35.0,1,35.0,Online
4992,2024-11-06,2753,23,Male,San Antonio,2023-11-29,109,Shorts,Clothing,Brand E,30.0,1,30.0,Online
3164,2024-11-06,2493,58,Female,Miami,2022-09-02,102,Jeans,Clothing,Brand B,75.0,1,75.0,In-Store
4430,2024-11-06,2678,64,Male,San Antonio,2023-12-27,119,Sunglasses,Accessories,Brand C,45.0,2,90.0,In-Store
776,2024-11-06,2129,43,Male,Dallas,2021-04-29,113,Coat,Outerwear,Brand D,180.0,1,180.0,In-Store
1948,2024-11-06,2308,37,Female,Dallas,2024-03-07,117,Scarf,Accessories,Brand E,18.0,1,18.0,Online
4540,2024-11-06,2698,53,Male,Phoenix,2022-04-08,110,Boots,Footwear,Brand D,110.0,1,110.0,In-Store
3222,2024-11-06,2502,31,Female,San Diego,2021-02-09,102,Jeans,Clothing,Brand B,75.0,1,75.0,In-Store
478,2024-11-06,2085,21,Male,Phoenix,2021-03-18,109,Shorts,Clothing,Brand E,30.0,1,30.0,In-Store
3766,2024-11-07,2577,35,Male,San Antonio,2022-04-24,104,Jacket,Outerwear,Brand D,120.0,1,120.0,Online
3087,2024-11-07,2475,35,Female,Los Angeles,2023-12-20,115,Blazer,Outerwear,Brand A,130.0,1,130.0,Online
4254,2024-11-07,2653,61,Male,New York,2024-06-07,114,Parka,Outerwear,Brand B,150.0,1,150.0,Online
4529,2024-11-07,2695,49,Female,Houston,2021-09-22,101,T-shirt,Clothing,Brand A,25.0,2,50.0,In-Store
144,2024-11-07,2033,49,Male,New York,2021-03-16,116,Belt,Accessories,Brand A,20.0,1,20.0,Online
1281,2024-11-07,2217,31,Female,San Diego,2022-07-31,113,Coat,Outerwear,Brand D,180.0,1,180.0,In-Store
3644,2024-11-07,2560,23,Female,Los Angeles,2023-12-13,101,T-shirt,Clothing,Brand A,25.0,1,25.0,Online
2552,2024-11-07,2395,36,Male,Los Angeles,2022-07-05,113,Coat,Outerwear,Brand D,180.0,2,360.0,In-Store
3258,2024-11-07,2506,23,Female,New York,2023-05-17,114,Parka,Outerwear,Brand B,150.0,1,150.0,Online
1773,2024-11-07,2291,19,Male,Philadelphia,2023-07-21,109,Shorts,Clothing,Brand E,30.0,2,60.0,Online
1992,2024-11-07,2316,24,Female,Los Angeles,2022-01-02,120,Cap,Accessories,Brand E,15.0,1,15.0,Online
165,2024-11-07,2036,21,Female,San Antonio,2022-11-12,120,Cap,Accessories,Brand E,15.0,2,30.0,Online
4711,2024-11-07,2720,20,Female,Miami,2023-08-06,116,Belt,Accessories,Brand A,20.0,2,40.0,Online
2539,2024-11-07,2392,40,Female,Dallas,2021-01-22,115,Blazer,Outerwear,Brand A,130.0,1,130.0,In-Store
672,2024-11-08,2112,51,Female,Philadelphia,2023-12-08,111,Sandals,Footwear,Brand E,35.0,1,35.0,In-Store
309,2024-11-08,2059,44,Female,Miami,2022-06-17,113,Coat,Outerwear,Brand D,180.0,1,180.0,Online
848,2024-11-08,2146,24,Male,San Antonio,2024-04-28,109,Shorts,Clothing,Brand E,30.0,2,60.0,Online
285,2024-11-08,2052,25,Male,Houston,2021-11-02,110,Boots,Footwear,Brand D,110.0,1,110.0,Online
354,2024-11-08,2070,24,Male,San Antonio,2023-01-13,117,Scarf,Accessories,Brand E,18.0,1,18.0,Online
1588,2024-11-08,2268,25,Male,New York,2024-04-09,105,Hat,Accessories,Brand E,22.5,2,45.0,Online
5210,2024-11-08,2786,25,Male,San Diego,2023-10-29,119,Sunglasses,Accessories,Brand C,45.0,2,90.0,Online
1674,2024-11-08,2277,28,Male,Philadelphia,2023-03-16,109,Shorts,Clothing,Brand E,30.0,2,60.0,Online
3822,2024-11-08,2586,26,Male,Philadelphia,2024-06-22,116,Belt,Accessories,Brand A,20.0,1,20.0,Online
574,2024-11-09,2099,57,Female,Dallas,2024-03-03,111,Sandals,Footwear,Brand E,35.0,2,70.0,In-Store
3645,2024-11-09,2560,23,Female,Los Angeles,2023-12-13,119,Sunglasses,Accessories,Brand C,45.0,3,135.0,Online
2228,2024-11-09,2350,41,Male,Phoenix,2023-08-28,107,Dress,Clothing,Brand B,65.0,1,65.0,In-Store
310,2024-11-09,2059,44,Female,Miami,2022-06-17,114,Parka,Outerwear,Brand B,150.0,1,150.0,Online
2203,2024-11-09,2345,47,Female,Chicago,2024-02-18,102,Jeans,Clothing,Brand B,75.0,1,75.0,Online
3447,2024-11-09,2534,26,Male,San Antonio,2023-01-14,105,Hat,Accessories,Brand E,22.5,1,22.5,Online
3088,2024-11-09,2475,35,Female,Los Angeles,2023-12-20,113,Coat,Outerwear,Brand D,180.0,1,180.0,Online
2849,2024-11-09,2433,50,Male,Los Angeles,2022-03-16,119,Sunglasses,Accessories,Brand C,45.0,2,90.0,Online
1943,2024-11-09,2307,52,Female,Dallas,2022-12-16,106,Shirt,Clothing,Brand A,40.0,1,40.0,In-Store
1010,2024-11-09,2173,37,Female,Chicago,2021-09-15,113,Coat,Outerwear,Brand D,180.0,1,180.0,In-Store
4255,2024-11-09,2653,61,Male,New York,2024-06-07,101,T-shirt,Clothing,Brand A,25.0,1,25.0,In-Store
5220,2024-11-09,2787,42,Female,San Diego,2023-03-19,104,Jacket,Outerwear,Brand D,120.0,2,240.0,In-Store
898,2024-11-09,2155,19,Female,Chicago,2023-01-02,119,Sunglasses,Accessories,Brand C,45.0,1,45.0,In-Store
4058,2024-11-09,2622,35,Male,Philadelphia,2024-06-24,113,Coat,Outerwear,Brand D,180.0,1,180.0,Online
1110,2024-11-09,2188,40,Female,Miami,2021-03-03,115,Blazer,Outerwear,Brand A,130.0,1,130.0,Online
428,2024-11-10,2080,22,Female,Miami,2023-04-28,119,Sunglasses,Accessories,Brand C,45.0,2,90.0,Online
2975,2024-11-10,2453,43,Male,Dallas,2021-11-18,104,Jacket,Outerwear,Brand D,120.0,2,240.0,In-Store
3747,2024-11-10,2573,55,Female,Miami,2021-09-06,105,Hat,Accessories,Brand E,22.5,1,22.5,In-Store
1523,2024-11-10,2255,43,Female,Philadelphia,2021-07-10,115,Blazer,Outerwear,Brand A,130.0,1,130.0,In-Store
4978,2024-11-10,2751,22,Male,Houston,2023-11-01,120,Cap,Accessories,Brand E,15.0,1,15.0,Online
4873,2024-11-10,2737,20,Male,Philadelphia,2023-04-17,109,Shorts,Clothing,Brand E,30.0,3,90.0,Online
3062,2024-11-10,2471,64,Female,Chicago,2023-04-04,111,Sandals,Footwear,Brand E,35.0,1,35.0,In-Store
3427,2024-11-10,2529,24,Female,Philadelphia,2021-07-12,102,Jeans,Clothing,Brand B,75.0,2,150.0,Online
4199,2024-11-10,2646,57,Female,Chicago,2024-03-17,110,Boots,Footwear,Brand D,110.0,1,110.0,In-Store
1743,2024-11-11,2287,23,Male,Phoenix,2024-01-14,101,T-shirt,Clothing,Brand A,25.0,1,25.0,Online
5305,2024-11-11,2798,25,Female,Miami,2021-01-17,109,Shorts,Clothing,Brand E,30.0,1,30.0,Online
633,2024-11-11,2108,25,Male,New York,2022-05-04,102,Jeans,Clothing,Brand B,75.0,2,150.0,Online
5128,2024-11-11,2777,57,Male,Miami,2023-07-31,107,Dress,Clothing,Brand B,65.0,1,65.0,In-Store
2189,2024-11-11,2342,21,Male,Los Angeles,2021-08-07,111,Sandals,Footwear,Brand E,35.0,1,35.0,Online
4993,2024-11-11,2753,23,Male,San Antonio,2023-11-29,111,Sandals,Footwear,Brand E,35.0,2,70.0,In-Store
133,2024-11-12,2031,47,Female,San Diego,2023-08-11,118,Bag,Accessories,Brand B,60.0,1,60.0,Online
5129,2024-11-12,2777,57,Male,Miami,2023-07-31,113,Coat,Outerwear,Brand D,180.0,1,180.0,In-Store
4994,2024-11-12,2753,23,Male,San Antonio,2023-11-29,109,Shorts,Clothing,Brand E,30.0,1,30.0,In-Store
1806,2024-11-12,2294,49,Male,Los Angeles,2021-10-01,117,Scarf,Accessories,Brand E,18.0,1,18.0,Online
2932,2024-11-12,2446,49,Female,Phoenix,2021-09-20,102,Jeans,Clothing,Brand B,75.0,1,75.0,In-Store
3171,2024-11-13,2494,67,Male,Dallas,2023-05-25,114,Parka,Outerwear,Brand B,150.0,1,150.0,In-Store
1290,2024-11-13,2219,37,Female,Los Angeles,2022-10-08,116,Belt,Accessories,Brand A,20.0,1,20.0,Online
4378,2024-11-13,2671,61,Male,Phoenix,2023-08-01,109,Shorts,Clothing,Brand E,30.0,1,30.0,In-Store
5268,2024-11-13,2793,30,Female,San Antonio,2022-10-23,113,Coat,Outerwear,Brand D,180.0,1,180.0,Online
1443,2024-11-13,2244,34,Female,Los Angeles,2023-11-05,115,Blazer,Outerwear,Brand A,130.0,1,130.0,Online
2417,2024-11-13,2371,22,Female,San Diego,2023-02-16,120,Cap,Accessories,Brand E,15.0,1,15.0,Online
3453,2024-11-13,2535,64,Male,Phoenix,2023-11-06,114,Parka,Outerwear,Brand B,150.0,1,150.0,Online
1088,2024-11-13,2184,52,Male,Houston,2023-07-15,102,Jeans,Clothing,Brand B,75.0,1,75.0,In-Store
1498,2024-11-14,2252,62,Female,San Diego,2022-03-10,102,Jeans,Clothing,Brand B,75.0,2,150.0,In-Store
5147,2024-11-14,2779,42,Female,Houston,2023-11-07,107,Dress,Clothing,Brand B,65.0,1,65.0,In-Store
3000,2024-11-14,2458,47,Female,Phoenix,2023-10-13,108,Hoodie,Clothing,Brand C,55.0,3,165.0,In-Store
2797,2024-11-14,2424,20,Female,Chicago,2023-05-31,109,Shorts,Clothing,Brand E,30.0,1,30.0,Online
2190,2024-11-14,2342,21,Male,Los Angeles,2021-08-07,111,Sandals,Footwear,Brand E,35.0,4,140.0,Online
1346,2024-11-14,2226,22,Male,Chicago,2021-10-21,119,Sunglasses,Accessories,Brand C,45.0,2,90.0,Online
860,2024-11-14,2148,33,Male,Houston,2023-12-15,113,Coat,Outerwear,Brand D,180.0,1,180.0,Online
1197,2024-11-14,2203,27,Male,Dallas,2024-01-13,101,T-shirt,Clothing,Brand A,25.0,1,25.0,Online
2091,2024-11-15,2328,33,Male,Miami,2022-09-12,113,Coat,Outerwear,Brand D,180.0,1,180.0,In-Store
593,2024-11-15,2101,41,Female,Phoenix,2021-06-14,113,Coat,Outerwear,Brand D,180.0,1,180.0,In-Store
1462,2024-11-15,2246,56,Female,Houston,2021-08-05,114,Parka,Outerwear,Brand B,150.0,1,150.0,In-Store
4030,2024-11-15,2616,54,Male,Houston,2021-09-04,106,Shirt,Clothing,Brand A,40.0,2,80.0,In-Store
403,2024-11-15,2074,21,Female,San Antonio,2022-08-20,103,Sneakers,Footwear,Brand C,30.0,1,30.0,Online
311,2024-11-16,2059,44,Female,Miami,2022-06-17,114,Parka,Outerwear,Brand B,150.0,2,300.0,Online
28,2024-11-16,2011,22,Female,Chicago,2021-01-18,109,Shorts,Clothing,Brand E,30.0,2,60.0,Online
1807,2024-11-16,2294,49,Male,Los Angeles,2021-10-01,106,Shirt,Clothing,Brand A,40.0,1,40.0,In-Store
4431,2024-11-16,2678,64,Male,San Antonio,2023-12-27,102,Jeans,Clothing,Brand B,75.0,1,75.0,Online
1347,2024-11-16,2226,22,Male,Chicago,2021-10-21,118,Bag,Accessories,Brand B,60.0,1,60.0,Online
4498,2024-11-16,2689,21,Male,San Diego,2024-03-08,116,Belt,Accessories,Brand A,20.0,2,40.0,Online
2270,2024-11-16,2357,26,Female,San Diego,2022-10-11,119,Sunglasses,Accessories,Brand C,45.0,1,45.0,Online
3198,2024-11-16,2499,41,Male,Houston,2022-02-25,101,T-shirt,Clothing,Brand A,25.0,3,75.0,In-Store
52,2024-11-16,2018,49,Male,Houston,2022-07-21,111,Sandals,Footwear,Brand E,35.0,1,35.0,In-Store
2023,2024-11-16,2321,22,Female,Phoenix,2023-06-30,117,Scarf,Accessories,Brand E,18.0,2,36.0,Online
3241,2024-11-16,2504,50,Male,Dallas,2023-10-29,111,Sandals,Footwear,Brand E,35.0,1,35.0,In-Store
1593,2024-11-16,2269,42,Male,San Antonio,2024-03-28,115,Blazer,Outerwear,Brand A,130.0,1,130.0,In-Store
2300,2024-11-16,2361,19,Female,San Antonio,2023-02-27,109,Shorts,Clothing,Brand E,30.0,1,30.0,Online
4637,2024-11-16,2712,21,Male,Dallas,2021-06-23,101,T-shirt,Clothing,Brand A,25.0,3,75.0,In-Store
422,2024-11-17,2079,34,Female,Phoenix,2023-09-07,113,Coat,Outerwear,Brand D,180.0,1,180.0,In-Store
730,2024-11-17,2121,41,Female,Chicago,2022-05-05,114,Parka,Outerwear,Brand B,150.0,1,150.0,In-Store
4197,2024-11-17,2644,24,Female,Philadelphia,2024-02-17,101,T-shirt,Clothing,Brand A,25.0,1,25.0,Online
1456,2024-11-17,2245,23,Female,Chicago,2021-07-05,116,Belt,Accessories,Brand A,20.0,1,20.0,Online
4551,2024-11-17,2699,55,Male,Philadelphia,2023-07-12,119,Sunglasses,Accessories,Brand C,45.0,2,90.0,In-Store
5283,2024-11-17,2795,38,Female,San Antonio,2021-04-25,114,Parka,Outerwear,Brand B,150.0,1,150.0,In-Store
1291,2024-11-17,2219,37,Female,Los Angeles,2022-10-08,116,Belt,Accessories,Brand A,20.0,1,20.0,Online
3354,2024-11-17,2519,47,Male,Houston,2021-06-27,108,Hoodie,Clothing,Brand C,55.0,1,55.0,In-Store
3721,2024-11-17,2568,36,Female,Philadelphia,2022-09-08,113,Coat,Outerwear,Brand D,180.0,1,180.0,In-Store
2870,2024-11-17,2438,47,Male,Miami,2022-05-12,104,Jacket,Outerwear,Brand D,120.0,1,120.0,Online
4142,2024-11-17,2636,46,Female,Dallas,2024-05-06,110,Boots,Footwear,Brand D,110.0,1,110.0,In-Store
3018,2024-11-17,2462,58,Male,New York,2022-10-05,104,Jacket,Outerwear,Brand D,120.0,1,120.0,In-Store
1795,2024-11-17,2292,21,Female,Houston,2022-10-12,107,Dress,Clothing,Brand B,65.0,1,65.0,Online
301,2024-11-18,2058,40,Male,Houston,2024-05-17,109,Shorts,Clothing,Brand E,30.0,2,60.0,In-Store
2734,2024-11-18,2414,21,Male,San Diego,2022-04-11,109,Shorts,Clothing,Brand E,30.0,2,60.0,Online
4140,2024-11-18,2635,52,Female,Philadelphia,2021-11-14,104,Jacket,Outerwear,Brand D,120.0,1,120.0,Online
1348,2024-11-18,2226,22,Male,Chicago,2021-10-21,117,Scarf,Accessories,Brand E,18.0,2,36.0,Online
4089,2024-11-18,2623,24,Male,Philadelphia,2021-12-29,117,Scarf,Accessories,Brand E,18.0,2,36.0,Online
3988,2024-11-18,2611,41,Male,Houston,2023-05-26,113,Coat,Outerwear,Brand D,180.0,1,180.0,Online
3265,2024-11-18,2507,49,Male,Los Angeles,2024-03-08,104,Jacket,Outerwear,Brand D,120.0,1,120.0,In-Store
1267,2024-11-18,2214,47,Female,Phoenix,2023-11-16,102,Jeans,Clothing,Brand B,75.0,1,75.0,Online
4013,2024-11-18,2615,20,Male,New York,2023-05-06,120,Cap,Accessories,Brand E,15.0,1,15.0,Online
1589,2024-11-18,2268,25,Male,New York,2024-04-09,120,Cap,Accessories,Brand E,15.0,2,30.0,Online
1397,2024-11-18,2233,28,Female,New York,2023-03-15,116,Belt,Accessories,Brand A,20.0,2,40.0,In-Store
404,2024-11-18,2074,21,Female,San Antonio,2022-08-20,116,Belt,Accessories,Brand A,20.0,1,20.0,Online
1814,2024-11-18,2295,50,Female,Philadelphia,2021-08-11,113,Coat,Outerwear,Brand D,180.0,1,180.0,In-Store
3620,2024-11-18,2555,35,Male,San Diego,2024-04-27,113,Coat,Outerwear,Brand D,180.0,1,180.0,In-Store
5227,2024-11-18,2788,40,Female,Phoenix,2023-05-07,104,Jacket,Outerwear,Brand D,120.0,1,120.0,In-Store
3846,2024-11-18,2588,36,Female,Los Angeles,2021-11-09,109,Shorts,Clothing,Brand E,30.0,1,30.0,Online
1428,2024-11-19,2240,63,Male,Los Angeles,2024-04-13,116,Belt,Accessories,Brand A,20.0,2,40.0,In-Store
1664,2024-11-19,2276,44,Male,Philadelphia,2024-05-22,113,Coat,Outerwear,Brand D,180.0,1,180.0,In-Store
2780,2024-11-19,2421,19,Male,Phoenix,2022-12-20,120,Cap,Accessories,Brand E,15.0,1,15.0,Online
4834,2024-11-19,2734,55,Male,Phoenix,2022-03-12,106,Shirt,Clothing,Brand A,40.0,1,40.0,In-Store
3463,2024-11-19,2536,51,Male,Miami,2022-07-27,103,Sneakers,Footwear,Brand C,30.0,1,30.0,In-Store
1944,2024-11-19,2307,52,Female,Dallas,2022-12-16,115,Blazer,Outerwear,Brand A,130.0,1,130.0,Online
2976,2024-11-19,2453,43,Male,Dallas,2021-11-18,111,Sandals,Footwear,Brand E,35.0,2,70.0,In-Store
3342,2024-11-20,2518,18,Male,Dallas,2023-05-06,108,Hoodie,Clothing,Brand C,55.0,1,55.0,Online
1744,2024-11-20,2287,23,Male,Phoenix,2024-01-14,119,Sunglasses,Accessories,Brand C,45.0,1,45.0,In-Store
4932,2024-11-20,2745,18,Male,Miami,2022-12-02,120,Cap,Accessories,Brand E,15.0,1,15.0,In-Store
634,2024-11-20,2108,25,Male,New York,2022-05-04,116,Belt,Accessories,Brand A,20.0,1,20.0,Online
1513,2024-11-20,2254,57,Female,Philadelphia,2023-12-28,108,Hoodie,Clothing,Brand C,55.0,1,55.0,In-Store
3767,2024-11-20,2577,35,Male,San Antonio,2022-04-24,114,Parka,Outerwear,Brand B,150.0,3,450.0,In-Store
1661,2024-11-21,2275,53,Male,San Diego,2021-09-28,107,Dress,Clothing,Brand B,65.0,2,130.0,Online
2509,2024-11-21,2389,30,Female,Los Angeles,2022-10-16,113,Coat,Outerwear,Brand D,180.0,1,180.0,In-Store
5269,2024-11-21,2793,30,Female,San Antonio,2022-10-23,113,Coat,Outerwear,Brand D,180.0,1,180.0,Online
94,2024-11-21,2023,22,Female,Chicago,2024-05-15,108,Hoodie,Clothing,Brand C,55.0,1,55.0,Online
3242,2024-11-21,2504,50,Male,Dallas,2023-10-29,115,Blazer,Outerwear,Brand A,130.0,1,130.0,In-Store
2815,2024-11-21,2428,37,Female,San Antonio,2021-09-09,113,Coat,Outerwear,Brand D,180.0,1,180.0,Online
1171,2024-11-21,2196,51,Female,Phoenix,2024-05-20,112,Running Shoes,Footwear,Brand C,85.0,1,85.0,In-Store
1565,2024-11-21,2263,30,Male,San Diego,2021-01-05,114,Parka,Outerwear,Brand B,150.0,1,150.0,In-Store
1422,2024-11-21,2237,41,Female,Philadelphia,2022-06-05,113,Coat,Outerwear,Brand D,180.0,1,180.0,In-Store
9,2024-11-21,2006,51,Female,Houston,2022-02-14,110,Boots,Footwear,Brand D,110.0,1,110.0,In-Store
2841,2024-11-22,2431,42,Female,Phoenix,2021-03-15,115,Blazer,Outerwear,Brand A,130.0,1,130.0,In-Store
1303,2024-11-22,2220,59,Male,Phoenix,2023-09-29,102,Jeans,Clothing,Brand B,75.0,1,75.0,Online
3136,2024-11-22,2485,40,Female,Phoenix,2023-05-21,106,Shirt,Clothing,Brand A,40.0,1,40.0,In-Store
4565,2024-11-22,2700,55,Male,Los Angeles,2023-02-03,105,Hat,Accessories,Brand E,22.5,1,22.5,Online
3223,2024-11-22,2502,31,Female,San Diego,2021-02-09,107,Dress,Clothing,Brand B,65.0,1,65.0,Online
4283,2024-11-22,2656,23,Female,New York,2021-01-22,118,Bag,Accessories,Brand B,60.0,3,180.0,Online
1423,2024-11-22,2238,49,Male,San Diego,2024-05-25,105,Hat,Accessories,Brand E,22.5,1,22.5,In-Store
4106,2024-11-22,2626,21,Male,Chicago,2023-10-05,105,Hat,Accessories,Brand E,22.5,1,22.5,Online
3112,2024-11-23,2482,52,Male,Chicago,2022-03-27,116,Belt,Accessories,Brand A,20.0,1,20.0,In-Store
3692,2024-11-23,2564,22,Male,Phoenix,2023-03-18,109,Shorts,Clothing,Brand E,30.0,2,60.0,Online
1945,2024-11-23,2307,52,Female,Dallas,2022-12-16,109,Shorts,Clothing,Brand E,30.0,1,30.0,In-Store
3082,2024-11-23,2474,48,Male,Philadelphia,2024-06-03,104,Jacket,Outerwear,Brand D,120.0,1,120.0,Online
2742,2024-11-23,2415,21,Female,Phoenix,2023-06-10,106,Shirt,Clothing,Brand A,40.0,1,40.0,Online
5019,2024-11-24,2760,37,Female,Philadelphia,2024-02-07,114,Parka,Outerwear,Brand B,150.0,1,150.0,Online
5082,2024-11-24,2767,41,Male,Chicago,2022-08-05,114,Parka,Outerwear,Brand B,150.0,1,150.0,In-Store
2424,2024-11-24,2373,50,Female,Los Angeles,2021-05-11,102,Jeans,Clothing,Brand B,75.0,1,75.0,In-Store
1073,2024-11-24,2182,50,Female,San Diego,2024-01-29,107,Dress,Clothing,Brand B,65.0,2,130.0,In-Store
3868,2024-11-24,2590,32,Female,Phoenix,2023-03-16,113,Coat,Outerwear,Brand D,180.0,2,360.0,Online
1886,2024-11-24,2298,20,Male,Chicago,2021-07-27,116,Belt,Accessories,Brand A,20.0,2,40.0,Online
870,2024-11-24,2151,34,Male,Los Angeles,2024-01-27,114,Parka,Outerwear,Brand B,150.0,1,150.0,In-Store
1543,2024-11-24,2257,22,Female,Philadelphia,2021-01-31,118,Bag,Accessories,Brand B,60.0,1,60.0,Online
4717,2024-11-24,2721,23,Female,Miami,2024-04-13,117,Scarf,Accessories,Brand E,18.0,1,18.0,Online
29,2024-11-24,2011,22,Female,Chicago,2021-01-18,109,Shorts,Clothing,Brand E,30.0,2,60.0,Online
3928,2024-11-24,2602,63,Female,Phoenix,2021-01-22,107,Dress,Clothing,Brand B,65.0,1,65.0,In-Store
145,2024-11-24,2033,49,Male,New York,2021-03-16,102,Jeans,Clothing,Brand B,75.0,3,225.0,In-Store
772,2024-11-24,2128,19,Male,Chicago,2022-06-21,106,Shirt,Clothing,Brand A,40.0,2,80.0,Online
2148,2024-11-24,2338,42,Female,New York,2023-09-18,102,Jeans,Clothing,Brand B,75.0,2,150.0,In-Store
2121,2024-11-24,2336,49,Female,Los Angeles,2024-05-13,102,Jeans,Clothing,Brand B,75.0,1,75.0,In-Store
1126,2024-11-25,2189,41,Female,San Diego,2023-01-31,115,Blazer,Outerwear,Brand A,130.0,2,260.0,In-Store
3310,2024-11-25,2515,23,Female,San Antonio,2022-03-31,103,Sneakers,Footwear,Brand C,30.0,1,30.0,Online
302,2024-11-25,2058,40,Male,Houston,2024-05-17,110,Boots,Footwear,Brand D,110.0,2,220.0,Online
4877,2024-11-25,2738,26,Female,Phoenix,2024-06-24,112,Running Shoes,Footwear,Brand C,85.0,1,85.0,In-Store
1607,2024-11-25,2270,57,Male,Los Angeles,2021-11-23,102,Jeans,Clothing,Brand B,75.0,1,75.0,In-Store
1074,2024-11-25,2182,50,Female,San Diego,2024-01-29,114,Parka,Outerwear,Brand B,150.0,1,150.0,In-Store
146,2024-11-25,2033,49,Male,New York,2021-03-16,106,Shirt,Clothing,Brand A,40.0,1,40.0,In-Store
2204,2024-11-25,2345,47,Female,Chicago,2024-02-18,102,Jeans,Clothing,Brand B,75.0,1,75.0,In-Store
2092,2024-11-25,2328,33,Male,Miami,2022-09-12,104,Jacket,Outerwear,Brand D,120.0,1,120.0,Online
3001,2024-11-26,2458,47,Female,Phoenix,2023-10-13,106,Shirt,Clothing,Brand A,40.0,1,40.0,In-Store
4291,2024-11-26,2659,45,Male,San Diego,2024-02-21,113,Coat,Outerwear,Brand D,180.0,2,360.0,In-Store
2449,2024-11-26,2376,41,Female,Philadelphia,2023-09-23,108,Hoodie,Clothing,Brand C,55.0,2,110.0,In-Store
3630,2024-11-26,2558,55,Male,Dallas,2023-02-08,118,Bag,Accessories,Brand B,60.0,1,60.0,In-Store
2561,2024-11-26,2396,19,Female,Houston,2022-05-12,118,Bag,Accessories,Brand B,60.0,1,60.0,Online
4424,2024-11-27,2677,40,Male,Los Angeles,2023-06-22,101,T-shirt,Clothing,Brand A,25.0,3,75.0,In-Store
4031,2024-11-27,2616,54,Male,Houston,2021-09-04,113,Coat,Outerwear,Brand D,180.0,1,180.0,Online
448,2024-11-27,2084,43,Female,Los Angeles,2023-09-16,114,Parka,Outerwear,Brand B,150.0,2,300.0,In-Store
1639,2024-11-27,2273,52,Female,San Antonio,2022-12-30,108,Hoodie,Clothing,Brand C,55.0,1,55.0,In-Store
845,2024-11-27,2145,46,Male,Houston,2021-09-09,107,Dress,Clothing,Brand B,65.0,2,130.0,Online
4728,2024-11-28,2723,39,Female,Phoenix,2021-02-27,113,Coat,Outerwear,Brand D,180.0,1,180.0,Online
3950,2024-11-28,2605,51,Male,Miami,2023-10-16,110,Boots,Footwear,Brand D,110.0,1,110.0,In-Store
2478,2024-11-28,2380,69,Male,Los Angeles,2022-12-28,111,Sandals,Footwear,Brand E,35.0,3,105.0,In-Store
4490,2024-11-28,2687,47,Male,San Antonio,2021-04-14,109,Shorts,Clothing,Brand E,30.0,3,90.0,In-Store
1594,2024-11-28,2269,42,Male,San Antonio,2024-03-28,113,Coat,Outerwear,Brand D,180.0,1,180.0,Online
87,2024-11-28,2022,36,Male,Chicago,2021-05-20,113,Coat,Outerwear,Brand D,180.0,1,180.0,Online
4218,2024-11-29,2649,31,Male,Chicago,2023-10-15,114,Parka,Outerwear,Brand B,150.0,1,150.0,In-Store
5083,2024-11-29,2767,41,Male,Chicago,2022-08-05,102,Jeans,Clothing,Brand B,75.0,2,150.0,Online
703,2024-11-29,2115,21,Male,San Diego,2021-04-30,101,T-shirt,Clothing,Brand A,25.0,2,50.0,Online
4090,2024-11-29,2623,24,Male,Philadelphia,2021-12-29,115,Blazer,Outerwear,Brand A,130.0,1,130.0,Online
2139,2024-11-29,2337,23,Male,New York,2023-08-21,103,Sneakers,Footwear,Brand C,30.0,2,60.0,Online
4874,2024-11-29,2737,20,Male,Philadelphia,2023-04-17,106,Shirt,Clothing,Brand A,40.0,2,80.0,Online
831,2024-11-29,2141,38,Male,Los Angeles,2022-11-16,113,Coat,Outerwear,Brand D,180.0,1,180.0,In-Store
2977,2024-11-29,2453,43,Male,Dallas,2021-11-18,107,Dress,Clothing,Brand B,65.0,1,65.0,In-Store
3693,2024-11-29,2564,22,Male,Phoenix,2023-03-18,105,Hat,Accessories,Brand E,22.5,1,22.5,In-Store
4741,2024-11-29,2724,36,Male,Houston,2022-05-27,115,Blazer,Outerwear,Brand A,130.0,1,130.0,In-Store
2871,2024-11-29,2438,47,Male,Miami,2022-05-12,102,Jeans,Clothing,Brand B,75.0,1,75.0,In-Store
1198,2024-11-29,2203,27,Male,Dallas,2024-01-13,119,Sunglasses,Accessories,Brand C,45.0,1,45.0,Online
53,2024-11-29,2018,49,Male,Houston,2022-07-21,111,Sandals,Footwear,Brand E,35.0,1,35.0,In-Store
1193,2024-11-30,2202,40,Female,New York,2022-05-05,103,Sneakers,Footwear,Brand C,30.0,1,30.0,Online
4141,2024-11-30,2635,52,Female,Philadelphia,2021-11-14,101,T-shirt,Clothing,Brand A,25.0,1,25.0,In-Store
5311,2024-11-30,2801,18,Female,Miami,2024-02-22,105,Hat,Accessories,Brand E,22.5,1,22.5,In-Store
3032,2024-11-30,2466,20,Female,Houston,2023-04-27,101,T-shirt,Clothing,Brand A,25.0,2,50.0,Online
2680,2024-11-30,2410,59,Male,Los Angeles,2021-12-24,106,Shirt,Clothing,Brand A,40.0,4,160.0,In-Store
5310,2024-11-30,2800,42,Male,San Antonio,2022-09-23,105,Hat,Accessories,Brand E,22.5,2,45.0,Online
2479,2024-11-30,2380,69,Male,Los Angeles,2022-12-28,104,Jacket,Outerwear,Brand D,120.0,1,120.0,In-Store
2585,2024-12-01,2398,19,Male,San Antonio,2022-10-18,119,Sunglasses,Accessories,Brand C,45.0,1,45.0,Online
1268,2024-12-01,2214,47,Female,Phoenix,2023-11-16,113,Coat,Outerwear,Brand D,180.0,1,180.0,In-Store
2140,2024-12-01,2337,23,Male,New York,2023-08-21,117,Scarf,Accessories,Brand E,18.0,2,36.0,Online
5180,2024-12-01,2783,20,Female,Miami,2021-05-24,113,Coat,Outerwear,Brand D,180.0,2,360.0,Online
2978,2024-12-01,2453,43,Male,Dallas,2021-11-18,111,Sandals,Footwear,Brand E,35.0,1,35.0,In-Store
2238,2024-12-01,2352,34,Male,Miami,2021-03-27,113,Coat,Outerwear,Brand D,180.0,2,360.0,In-Store
2960,2024-12-01,2451,43,Female,San Diego,2022-11-12,114,Parka,Outerwear,Brand B,150.0,2,300.0,In-Store
1923,2024-12-01,2306,35,Male,Chicago,2023-07-12,113,Coat,Outerwear,Brand D,180.0,1,180.0,Online
4157,2024-12-01,2638,36,Male,Philadelphia,2021-06-03,120,Cap,Accessories,Brand E,15.0,1,15.0,In-Store
2716,2024-12-01,2413,54,Female,Houston,2022-01-02,115,Blazer,Outerwear,Brand A,130.0,1,130.0,In-Store
826,2024-12-01,2138,59,Male,Phoenix,2023-04-10,108,Hoodie,Clothing,Brand C,55.0,3,165.0,In-Store
1252,2024-12-01,2212,30,Male,San Antonio,2022-03-13,105,Hat,Accessories,Brand E,22.5,2,45.0,Online
2510,2024-12-01,2389,30,Female,Los Angeles,2022-10-16,113,Coat,Outerwear,Brand D,180.0,1,180.0,In-Store
30,2024-12-01,2011,22,Female,Chicago,2021-01-18,109,Shorts,Clothing,Brand E,30.0,3,90.0,Online
1698,2024-12-02,2279,21,Female,Houston,2021-04-14,109,Shorts,Clothing,Brand E,30.0,1,30.0,Online
5059,2024-12-02,2764,48,Male,San Antonio,2021-05-16,110,Boots,Footwear,Brand D,110.0,1,110.0,Online
4677,2024-12-02,2716,20,Male,New York,2023-03-11,106,Shirt,Clothing,Brand A,40.0,2,80.0,Online
1101,2024-12-02,2187,27,Female,Chicago,2024-05-11,110,Boots,Footwear,Brand D,110.0,1,110.0,Online
773,2024-12-02,2128,19,Male,Chicago,2022-06-21,102,Jeans,Clothing,Brand B,75.0,2,150.0,Online
166,2024-12-02,2036,21,Female,San Antonio,2022-11-12,111,Sandals,Footwear,Brand E,35.0,1,35.0,Online
1172,2024-12-02,2196,51,Female,Phoenix,2024-05-20,112,Running Shoes,Footwear,Brand C,85.0,1,85.0,In-Store
355,2024-12-02,2070,24,Male,San Antonio,2023-01-13,109,Shorts,Clothing,Brand E,30.0,2,60.0,Online
1292,2024-12-02,2219,37,Female,Los Angeles,2022-10-08,104,Jacket,Outerwear,Brand D,120.0,1,120.0,Online
885,2024-12-02,2153,26,Female,Miami,2023-06-15,106,Shirt,Clothing,Brand A,40.0,1,40.0,Online
4979,2024-12-02,2751,22,Male,Houston,2023-11-01,101,T-shirt,Clothing,Brand A,25.0,1,25.0,Online
3413,2024-12-03,2528,27,Female,New York,2022-09-27,109,Shorts,Clothing,Brand E,30.0,1,30.0,Online
147,2024-12-03,2033,49,Male,New York,2021-03-16,105,Hat,Accessories,Brand E,22.5,1,22.5,In-Store
255,2024-12-03,2049,23,Male,Phoenix,2022-07-21,117,Scarf,Accessories,Brand E,18.0,1,18.0,In-Store
3125,2024-12-03,2484,51,Female,Philadelphia,2024-03-22,106,Shirt,Clothing,Brand A,40.0,1,40.0,In-Store
4219,2024-12-03,2649,31,Male,Chicago,2023-10-15,113,Coat,Outerwear,Brand D,180.0,1,180.0,In-Store
2872,2024-12-03,2438,47,Male,Miami,2022-05-12,110,Boots,Footwear,Brand D,110.0,1,110.0,In-Store
682,2024-12-03,2113,53,Male,Dallas,2023-01-22,112,Running Shoes,Footwear,Brand C,85.0,1,85.0,In-Store
1499,2024-12-03,2252,62,Female,San Diego,2022-03-10,107,Dress,Clothing,Brand B,65.0,1,65.0,In-Store
4905,2024-12-03,2741,19,Male,Chicago,2023-04-10,111,Sandals,Footwear,Brand E,35.0,1,35.0,Online
635,2024-12-03,2108,25,Male,New York,2022-05-04,117,Scarf,Accessories,Brand E,18.0,1,18.0,In-Store
4522,2024-12-03,2694,33,Male,Los Angeles,2022-02-27,113,Coat,Outerwear,Brand D,180.0,1,180.0,In-Store
2630,2024-12-03,2406,35,Female,Philadelphia,2022-05-11,114,Parka,Outerwear,Brand B,150.0,1,150.0,In-Store
3137,2024-12-03,2485,40,Female,Phoenix,2023-05-21,114,Parka,Outerwear,Brand B,150.0,1,150.0,In-Store
179,2024-12-04,2037,59,Male,Philadelphia,2021-10-17,114,Parka,Outerwear,Brand B,150.0,1,150.0,In-Store
2141,2024-12-04,2337,23,Male,New York,2023-08-21,119,Sunglasses,Accessories,Brand C,45.0,3,135.0,Online
1977,2024-12-04,2314,48,Male,Houston,2021-05-11,115,Blazer,Outerwear,Brand A,130.0,1,130.0,In-Store
2717,2024-12-04,2413,54,Female,Houston,2022-01-02,107,Dress,Clothing,Brand B,65.0,1,65.0,In-Store
2524,2024-12-04,2391,50,Female,Dallas,2023-01-28,112,Running Shoes,Footwear,Brand C,85.0,1,85.0,In-Store
1217,2024-12-04,2206,29,Female,Miami,2021-04-11,117,Scarf,Accessories,Brand E,18.0,1,18.0,Online
4552,2024-12-04,2699,55,Male,Philadelphia,2023-07-12,108,Hoodie,Clothing,Brand C,55.0,1,55.0,In-Store
2781,2024-12-04,2421,19,Male,Phoenix,2022-12-20,101,T-shirt,Clothing,Brand A,25.0,1,25.0,Online
3138,2024-12-04,2485,40,Female,Phoenix,2023-05-21,115,Blazer,Outerwear,Brand A,130.0,1,130.0,Online
4249,2024-12-04,2652,21,Male,Philadelphia,2022-10-19,105,Hat,Accessories,Brand E,22.5,1,22.5,Online
3972,2024-12-05,2608,18,Male,New York,2022-09-28,105,Hat,Accessories,Brand E,22.5,1,22.5,Online
3121,2024-12-05,2483,21,Male,Phoenix,2021-12-06,107,Dress,Clothing,Brand B,65.0,1,65.0,Online
37,2024-12-05,2013,39,Female,San Diego,2023-07-04,114,Parka,Outerwear,Brand B,150.0,1,150.0,In-Store
575,2024-12-05,2099,57,Female,Dallas,2024-03-03,109,Shorts,Clothing,Brand E,30.0,1,30.0,In-Store
4638,2024-12-05,2712,21,Male,Dallas,2021-06-23,116,Belt,Accessories,Brand A,20.0,2,40.0,Online
2450,2024-12-05,2376,41,Female,Philadelphia,2023-09-23,104,Jacket,Outerwear,Brand D,120.0,1,120.0,In-Store
4927,2024-12-05,2744,26,Male,Philadelphia,2023-03-22,101,T-shirt,Clothing,Brand A,25.0,1,25.0,Online
1887,2024-12-05,2298,20,Male,Chicago,2021-07-27,107,Dress,Clothing,Brand B,65.0,2,130.0,In-Store
4911,2024-12-05,2743,58,Male,Miami,2024-05-19,107,Dress,Clothing,Brand B,65.0,1,65.0,In-Store
2459,2024-12-05,2378,61,Male,New York,2021-09-16,108,Hoodie,Clothing,Brand C,55.0,1,55.0,In-Store
876,2024-12-05,2152,48,Male,Philadelphia,2022-10-17,115,Blazer,Outerwear,Brand A,130.0,1,130.0,Online
2425,2024-12-05,2373,50,Female,Los Angeles,2021-05-11,102,Jeans,Clothing,Brand B,75.0,1,75.0,In-Store
4820,2024-12-05,2732,26,Female,Los Angeles,2021-07-26,112,Running Shoes,Footwear,Brand C,85.0,1,85.0,In-Store
2961,2024-12-06,2451,43,Female,San Diego,2022-11-12,104,Jacket,Outerwear,Brand D,120.0,1,120.0,In-Store
3655,2024-12-06,2561,23,Female,Phoenix,2024-03-08,109,Shorts,Clothing,Brand E,30.0,1,30.0,Online
4974,2024-12-06,2750,20,Female,Los Angeles,2021-07-20,111,Sandals,Footwear,Brand E,35.0,2,70.0,Online
2103,2024-12-06,2331,37,Male,New York,2024-01-13,113,Coat,Outerwear,Brand D,180.0,1,180.0,Online
2093,2024-12-06,2328,33,Male,Miami,2022-09-12,113,Coat,Outerwear,Brand D,180.0,1,180.0,In-Store
594,2024-12-06,2101,41,Female,Phoenix,2021-06-14,113,Coat,Outerwear,Brand D,180.0,1,180.0,Online
2782,2024-12-06,2421,19,Male,Phoenix,2022-12-20,119,Sunglasses,Accessories,Brand C,45.0,1,45.0,Online
1734,2024-12-06,2286,43,Female,Phoenix,2022-03-11,113,Coat,Outerwear,Brand D,180.0,1,180.0,Online
71,2024-12-06,2020,21,Female,San Diego,2023-03-08,101,T-shirt,Clothing,Brand A,25.0,3,75.0,Online
3468,2024-12-06,2537,58,Female,San Diego,2022-04-26,109,Shorts,Clothing,Brand E,30.0,2,60.0,Online
4855,2024-12-06,2736,21,Male,Los Angeles,2021-06-17,109,Shorts,Clothing,Brand E,30.0,3,90.0,Online
256,2024-12-06,2049,23,Male,Phoenix,2022-07-21,101,T-shirt,Clothing,Brand A,25.0,2,50.0,Online
4158,2024-12-06,2638,36,Male,Philadelphia,2021-06-03,110,Boots,Footwear,Brand D,110.0,1,110.0,Online
5130,2024-12-06,2777,57,Male,Miami,2023-07-31,112,Running Shoes,Footwear,Brand C,85.0,2,170.0,In-Store
2933,2024-12-06,2446,49,Female,Phoenix,2021-09-20,113,Coat,Outerwear,Brand D,180.0,1,180.0,In-Store
4406,2024-12-06,2673,19,Male,Houston,2021-12-12,106,Shirt,Clothing,Brand A,40.0,1,40.0,Online
72,2024-12-07,2020,21,Female,San Diego,2023-03-08,103,Sneakers,Footwear,Brand C,30.0,2,60.0,Online
2201,2024-12-07,2344,51,Male,New York,2021-12-18,115,Blazer,Outerwear,Brand A,130.0,1,130.0,Online
10,2024-12-07,2006,51,Female,Houston,2022-02-14,101,T-shirt,Clothing,Brand A,25.0,1,25.0,In-Store
356,2024-12-07,2070,24,Male,San Antonio,2023-01-13,103,Sneakers,Footwear,Brand C,30.0,1,30.0,Online
1924,2024-12-07,2306,35,Male,Chicago,2023-07-12,114,Parka,Outerwear,Brand B,150.0,1,150.0,In-Store
3355,2024-12-07,2519,47,Male,Houston,2021-06-27,107,Dress,Clothing,Brand B,65.0,1,65.0,In-Store
3624,2024-12-07,2557,23,Female,San Diego,2023-03-19,119,Sunglasses,Accessories,Brand C,45.0,2,90.0,Online
2901,2024-12-07,2442,51,Female,Houston,2021-04-06,118,Bag,Accessories,Brand B,60.0,1,60.0,In-Store
2511,2024-12-07,2389,30,Female,Los Angeles,2022-10-16,113,Coat,Outerwear,Brand D,180.0,1,180.0,Online
3836,2024-12-07,2587,46,Female,Philadelphia,2021-05-03,113,Coat,Outerwear,Brand D,180.0,2,360.0,In-Store
3631,2024-12-07,2558,55,Male,Dallas,2023-02-08,107,Dress,Clothing,Brand B,65.0,1,65.0,In-Store
3973,2024-12-07,2608,18,Male,New York,2022-09-28,101,T-shirt,Clothing,Brand A,25.0,2,50.0,Online
1014,2024-12-07,2174,51,Male,Philadelphia,2023-07-28,101,T-shirt,Clothing,Brand A,25.0,1,25.0,Online
2743,2024-12-07,2415,21,Female,Phoenix,2023-06-10,109,Shorts,Clothing,Brand E,30.0,2,60.0,In-Store
4313,2024-12-08,2662,20,Female,Miami,2022-01-21,117,Scarf,Accessories,Brand E,18.0,1,18.0,Online
565,2024-12-08,2097,56,Male,Phoenix,2021-05-03,117,Scarf,Accessories,Brand E,18.0,1,18.0,In-Store
1064,2024-12-08,2180,21,Male,Phoenix,2022-11-08,106,Shirt,Clothing,Brand A,40.0,1,40.0,Online
877,2024-12-08,2152,48,Male,Philadelphia,2022-10-17,107,Dress,Clothing,Brand B,65.0,2,130.0,In-Store
3722,2024-12-08,2568,36,Female,Philadelphia,2022-09-08,113,Coat,Outerwear,Brand D,180.0,1,180.0,In-Store
3009,2024-12-09,2460,56,Female,San Diego,2021-04-05,110,Boots,Footwear,Brand D,110.0,1,110.0,In-Store
1544,2024-12-09,2257,22,Female,Philadelphia,2021-01-31,103,Sneakers,Footwear,Brand C,30.0,1,30.0,Online
4928,2024-12-09,2744,26,Male,Philadelphia,2023-03-22,116,Belt,Accessories,Brand A,20.0,2,40.0,In-Store
1745,2024-12-09,2287,23,Male,Phoenix,2024-01-14,119,Sunglasses,Accessories,Brand C,45.0,2,90.0,Online
1953,2024-12-09,2309,38,Female,Miami,2023-11-21,113,Coat,Outerwear,Brand D,180.0,1,180.0,Online
1210,2024-12-09,2204,47,Male,Miami,2021-09-21,115,Blazer,Outerwear,Brand A,130.0,1,130.0,In-Store
748,2024-12-09,2125,33,Female,San Diego,2023-12-11,117,Scarf,Accessories,Brand E,18.0,1,18.0,Online
5294,2024-12-09,2797,52,Male,Los Angeles,2024-05-29,104,Jacket,Outerwear,Brand D,120.0,1,120.0,In-Store
357,2024-12-10,2070,24,Male,San Antonio,2023-01-13,111,Sandals,Footwear,Brand E,35.0,1,35.0,Online
899,2024-12-10,2155,19,Female,Chicago,2023-01-02,106,Shirt,Clothing,Brand A,40.0,1,40.0,Online
4425,2024-12-10,2677,40,Male,Los Angeles,2023-06-22,102,Jeans,Clothing,Brand B,75.0,1,75.0,In-Store
3869,2024-12-10,2590,32,Female,Phoenix,2023-03-16,115,Blazer,Outerwear,Brand A,130.0,1,130.0,Online
991,2024-12-10,2172,40,Female,Houston,2021-05-15,112,Running Shoes,Footwear,Brand C,85.0,1,85.0,Online
4116,2024-12-10,2630,51,Female,San Antonio,2022-07-05,104,Jacket,Outerwear,Brand D,120.0,1,120.0,In-Store
1253,2024-12-10,2212,30,Male,San Antonio,2022-03-13,109,Shorts,Clothing,Brand E,30.0,1,30.0,In-Store
3593,2024-12-10,2552,45,Male,Houston,2023-01-25,113,Coat,Outerwear,Brand D,180.0,1,180.0,Online
3790,2024-12-10,2581,20,Female,Los Angeles,2022-09-03,101,T-shirt,Clothing,Brand A,25.0,1,25.0,Online
1363,2024-12-10,2228,55,Male,Los Angeles,2023-03-06,104,Jacket,Outerwear,Brand D,120.0,1,120.0,In-Store
3530,2024-12-11,2545,37,Male,New York,2022-07-05,114,Parka,Outerwear,Brand B,150.0,1,150.0,Online
1282,2024-12-11,2217,31,Female,San Diego,2022-07-31,113,Coat,Outerwear,Brand D,180.0,1,180.0,Online
4338,2024-12-11,2666,33,Female,Dallas,2024-05-21,113,Coat,Outerwear,Brand D,180.0,1,180.0,Online
798,2024-12-11,2134,31,Male,Chicago,2021-10-04,119,Sunglasses,Accessories,Brand C,45.0,1,45.0,Online
2072,2024-12-11,2325,18,Male,Miami,2023-06-29,101,T-shirt,Clothing,Brand A,25.0,1,25.0,Online
1500,2024-12-11,2252,62,Female,San Diego,2022-03-10,117,Scarf,Accessories,Brand E,18.0,1,18.0,Online
5293,2024-12-11,2796,52,Female,Houston,2023-10-23,102,Jeans,Clothing,Brand B,75.0,1,75.0,In-Store
2058,2024-12-11,2324,18,Female,Phoenix,2022-02-06,108,Hoodie,Clothing,Brand C,55.0,2,110.0,In-Store
3311,2024-12-11,2515,23,Female,San Antonio,2022-03-31,118,Bag,Accessories,Brand B,60.0,2,120.0,Online
4912,2024-12-11,2743,58,Male,Miami,2024-05-19,112,Running Shoes,Footwear,Brand C,85.0,1,85.0,In-Store
5020,2024-12-11,2760,37,Female,Philadelphia,2024-02-07,113,Coat,Outerwear,Brand D,180.0,1,180.0,In-Store
4200,2024-12-11,2646,57,Female,Chicago,2024-03-17,117,Scarf,Accessories,Brand E,18.0,1,18.0,In-Store
2365,2024-12-12,2367,19,Female,San Diego,2021-06-02,107,Dress,Clothing,Brand B,65.0,2,130.0,Online
5060,2024-12-12,2764,48,Male,San Antonio,2021-05-16,107,Dress,Clothing,Brand B,65.0,1,65.0,In-Store
2460,2024-12-12,2378,61,Male,New York,2021-09-16,107,Dress,Clothing,Brand B,65.0,1,65.0,Online
666,2024-12-12,2111,36,Female,Phoenix,2024-06-28,113,Coat,Outerwear,Brand D,180.0,2,360.0,In-Store
3122,2024-12-12,2483,21,Male,Phoenix,2021-12-06,102,Jeans,Clothing,Brand B,75.0,2,150.0,Online
3814,2024-12-12,2584,55,Male,San Antonio,2021-10-26,110,Boots,Footwear,Brand D,110.0,1,110.0,Online
1273,2024-12-12,2215,54,Female,Chicago,2021-03-26,107,Dress,Clothing,Brand B,65.0,2,130.0,In-Store
5306,2024-12-12,2798,25,Female,Miami,2021-01-17,110,Boots,Footwear,Brand D,110.0,4,440.0,In-Store
1102,2024-12-12,2187,27,Female,Chicago,2024-05-11,103,Sneakers,Footwear,Brand C,30.0,1,30.0,In-Store
5246,2024-12-13,2790,57,Female,Philadelphia,2021-05-04,118,Bag,Accessories,Brand B,60.0,1,60.0,In-Store
4953,2024-12-13,2749,41,Female,New York,2023-12-10,105,Hat,Accessories,Brand E,22.5,1,22.5,In-Store
3312,2024-12-13,2515,23,Female,San Antonio,2022-03-31,102,Jeans,Clothing,Brand B,75.0,1,75.0,Online
673,2024-12-13,2112,51,Female,Philadelphia,2023-12-08,109,Shorts,Clothing,Brand E,30.0,2,60.0,In-Store
1524,2024-12-13,2255,43,Female,Philadelphia,2021-07-10,104,Jacket,Outerwear,Brand D,120.0,1,120.0,Online
4729,2024-12-13,2723,39,Female,Phoenix,2021-02-27,115,Blazer,Outerwear,Brand A,130.0,1,130.0,In-Store
1111,2024-12-13,2188,40,Female,Miami,2021-03-03,113,Coat,Outerwear,Brand D,180.0,1,180.0,In-Store
2749,2024-12-13,2418,28,Male,Miami,2022-03-01,116,Belt,Accessories,Brand A,20.0,2,40.0,Online
1888,2024-12-13,2298,20,Male,Chicago,2021-07-27,107,Dress,Clothing,Brand B,65.0,1,65.0,In-Store
1475,2024-12-13,2248,42,Male,Phoenix,2021-01-28,113,Coat,Outerwear,Brand D,180.0,1,180.0,In-Store
2654,2024-12-13,2407,21,Male,San Antonio,2023-03-15,120,Cap,Accessories,Brand E,15.0,1,15.0,Online
195,2024-12-13,2041,21,Female,Phoenix,2023-08-25,101,T-shirt,Clothing,Brand A,25.0,1,25.0,Online
940,2024-12-14,2162,37,Female,Houston,2021-11-16,104,Jacket,Outerwear,Brand D,120.0,1,120.0,In-Store
31,2024-12-14,2011,22,Female,Chicago,2021-01-18,107,Dress,Clothing,Brand B,65.0,1,65.0,Online
445,2024-12-14,2083,41,Male,New York,2022-12-17,113,Coat,Outerwear,Brand D,180.0,1,180.0,Online
5181,2024-12-14,2783,20,Female,Miami,2021-05-24,101,T-shirt,Clothing,Brand A,25.0,1,25.0,Online
4091,2024-12-14,2623,24,Male,Philadelphia,2021-12-29,118,Bag,Accessories,Brand B,60.0,1,60.0,Online
714,2024-12-14,2117,55,Male,Dallas,2023-04-19,104,Jacket,Outerwear,Brand D,120.0,1,120.0,In-Store
2301,2024-12-14,2361,19,Female,San Antonio,2023-02-27,105,Hat,Accessories,Brand E,22.5,3,67.5,In-Store
5228,2024-12-14,2788,40,Female,Phoenix,2023-05-07,114,Parka,Outerwear,Brand B,150.0,1,150.0,Online
148,2024-12-14,2033,49,Male,New York,2021-03-16,104,Jacket,Outerwear,Brand D,120.0,2,240.0,In-Store
4499,2024-12-14,2689,21,Male,San Diego,2024-03-08,108,Hoodie,Clothing,Brand C,55.0,1,55.0,Online
3656,2024-12-15,2561,23,Female,Phoenix,2024-03-08,106,Shirt,Clothing,Brand A,40.0,1,40.0,Online
2798,2024-12-15,2424,20,Female,Chicago,2023-05-31,108,Hoodie,Clothing,Brand C,55.0,1,55.0,Online
1590,2024-12-15,2268,25,Male,New York,2024-04-09,109,Shorts,Clothing,Brand E,30.0,1,30.0,In-Store
636,2024-12-15,2108,25,Male,New York,2022-05-04,111,Sandals,Footwear,Brand E,35.0,1,35.0,In-Store
4184,2024-12-15,2642,52,Female,San Antonio,2021-03-19,101,T-shirt,Clothing,Brand A,25.0,1,25.0,In-Store
3224,2024-12-15,2502,31,Female,San Diego,2021-02-09,113,Coat,Outerwear,Brand D,180.0,1,180.0,Online
973,2024-12-15,2168,40,Male,Phoenix,2022-02-06,107,Dress,Clothing,Brand B,65.0,1,65.0,In-Store
4339,2024-12-15,2666,33,Female,Dallas,2024-05-21,114,Parka,Outerwear,Brand B,150.0,1,150.0,In-Store
2366,2024-12-15,2367,19,Female,San Diego,2021-06-02,103,Sneakers,Footwear,Brand C,30.0,1,30.0,Online
861,2024-12-16,2148,33,Male,Houston,2023-12-15,113,Coat,Outerwear,Brand D,180.0,1,180.0,In-Store
4426,2024-12-16,2677,40,Male,Los Angeles,2023-06-22,107,Dress,Clothing,Brand B,65.0,1,65.0,In-Store
2700,2024-12-16,2411,45,Male,Chicago,2021-04-28,107,Dress,Clothing,Brand B,65.0,1,65.0,In-Store
886,2024-12-16,2153,26,Female,Miami,2023-06-15,106,Shirt,Clothing,Brand A,40.0,2,80.0,Online
1762,2024-12-16,2289,45,Male,Los Angeles,2021-07-31,115,Blazer,Outerwear,Brand A,130.0,1,130.0,In-Store
3491,2024-12-16,2541,20,Female,Philadelphia,2023-05-06,103,Sneakers,Footwear,Brand C,30.0,1,30.0,In-Store
3492,2024-12-17,2541,20,Female,Philadelphia,2023-05-06,105,Hat,Accessories,Brand E,22.5,2,45.0,Online
808,2024-12-17,2137,32,Male,Philadelphia,2023-10-08,114,Parka,Outerwear,Brand B,150.0,1,150.0,Online
5084,2024-12-17,2767,41,Male,Chicago,2022-08-05,114,Parka,Outerwear,Brand B,150.0,1,150.0,In-Store
2884,2024-12-17,2439,57,Female,Los Angeles,2022-08-13,110,Boots,Footwear,Brand D,110.0,1,110.0,In-Store
1675,2024-12-17,2277,28,Male,Philadelphia,2023-03-16,109,Shorts,Clothing,Brand E,30.0,1,30.0,Online
5131,2024-12-17,2777,57,Male,Miami,2023-07-31,103,Sneakers,Footwear,Brand C,30.0,2,60.0,In-Store
4135,2024-12-17,2634,38,Female,Philadelphia,2021-04-07,118,Bag,Accessories,Brand B,60.0,1,60.0,In-Store
1429,2024-12-17,2240,63,Male,Los Angeles,2024-04-13,109,Shorts,Clothing,Brand E,30.0,1,30.0,In-Store
2024,2024-12-17,2321,22,Female,Phoenix,2023-06-30,107,Dress,Clothing,Brand B,65.0,2,130.0,Online
2586,2024-12-17,2398,19,Male,San Antonio,2022-10-18,102,Jeans,Clothing,Brand B,75.0,2,150.0,Online
5132,2024-12-18,2777,57,Male,Miami,2023-07-31,106,Shirt,Clothing,Brand A,40.0,2,80.0,Online
2829,2024-12-18,2430,51,Female,New York,2021-01-08,102,Jeans,Clothing,Brand B,75.0,1,75.0,In-Store
3544,2024-12-18,2547,25,Female,San Antonio,2023-05-18,103,Sneakers,Footwear,Brand C,30.0,1,30.0,Online
38,2024-12-18,2013,39,Female,San Diego,2023-07-04,113,Coat,Outerwear,Brand D,180.0,1,180.0,Online
4856,2024-12-18,2736,21,Male,Los Angeles,2021-06-17,103,Sneakers,Footwear,Brand C,30.0,1,30.0,Online
4662,2024-12-18,2715,37,Female,New York,2023-08-07,108,Hoodie,Clothing,Brand C,55.0,2,110.0,Online
3113,2024-12-18,2482,52,Male,Chicago,2022-03-27,113,Coat,Outerwear,Brand D,180.0,1,180.0,In-Store
486,2024-12-18,2086,57,Male,Dallas,2023-09-11,101,T-shirt,Clothing,Brand A,25.0,1,25.0,Online
1954,2024-12-18,2309,38,Female,Miami,2023-11-21,114,Parka,Outerwear,Brand B,150.0,1,150.0,In-Store
4803,2024-12-18,2730,22,Male,San Antonio,2024-03-27,120,Cap,Accessories,Brand E,15.0,2,30.0,Online
795,2024-12-18,2133,37,Female,Dallas,2021-08-01,115,Blazer,Outerwear,Brand A,130.0,1,130.0,Online
3760,2024-12-18,2575,47,Female,Chicago,2022-10-27,109,Shorts,Clothing,Brand E,30.0,1,30.0,Online
3259,2024-12-19,2506,23,Female,New York,2023-05-17,101,T-shirt,Clothing,Brand A,25.0,5,125.0,Online
517,2024-12-19,2090,58,Male,San Antonio,2022-07-15,114,Parka,Outerwear,Brand B,150.0,1,150.0,In-Store
2587,2024-12-19,2398,19,Male,San Antonio,2022-10-18,120,Cap,Accessories,Brand E,15.0,2,30.0,Online
4092,2024-12-19,2623,24,Male,Philadelphia,2021-12-29,108,Hoodie,Clothing,Brand C,55.0,2,110.0,Online
4995,2024-12-19,2753,23,Male,San Antonio,2023-11-29,120,Cap,Accessories,Brand E,15.0,2,30.0,Online
3823,2024-12-19,2586,26,Male,Philadelphia,2024-06-22,109,Shorts,Clothing,Brand E,30.0,1,30.0,In-Store
111,2024-12-19,2026,42,Male,San Antonio,2021-07-12,114,Parka,Outerwear,Brand B,150.0,1,150.0,In-Store
2934,2024-12-19,2446,49,Female,Phoenix,2021-09-20,108,Hoodie,Clothing,Brand C,55.0,1,55.0,In-Store
1222,2024-12-19,2207,53,Female,Phoenix,2023-10-28,108,Hoodie,Clothing,Brand C,55.0,3,165.0,Online
3448,2024-12-19,2534,26,Male,San Antonio,2023-01-14,107,Dress,Clothing,Brand B,65.0,1,65.0,Online
487,2024-12-19,2086,57,Male,Dallas,2023-09-11,116,Belt,Accessories,Brand A,20.0,1,20.0,In-Store
1993,2024-12-19,2316,24,Female,Los Angeles,2022-01-02,116,Belt,Accessories,Brand A,20.0,1,20.0,Online
88,2024-12-20,2022,36,Male,Chicago,2021-05-20,104,Jacket,Outerwear,Brand D,120.0,1,120.0,In-Store
3385,2024-12-20,2524,40,Male,Houston,2021-03-25,104,Jacket,Outerwear,Brand D,120.0,1,120.0,Online
3870,2024-12-20,2590,32,Female,Phoenix,2023-03-16,114,Parka,Outerwear,Brand B,150.0,1,150.0,Online
2480,2024-12-20,2380,69,Male,Los Angeles,2022-12-28,107,Dress,Clothing,Brand B,65.0,1,65.0,In-Store
2525,2024-12-20,2391,50,Female,Dallas,2023-01-28,113,Coat,Outerwear,Brand D,180.0,2,360.0,In-Store
665,2024-12-20,2110,45,Female,San Antonio,2021-02-14,101,T-shirt,Clothing,Brand A,25.0,1,25.0,In-Store
3025,2024-12-20,2464,58,Female,Philadelphia,2022-01-10,110,Boots,Footwear,Brand D,110.0,1,110.0,Online
1796,2024-12-20,2292,21,Female,Houston,2022-10-12,106,Shirt,Clothing,Brand A,40.0,2,80.0,Online
3313,2024-12-20,2515,23,Female,San Antonio,2022-03-31,111,Sandals,Footwear,Brand E,35.0,1,35.0,Online
2588,2024-12-20,2398,19,Male,San Antonio,2022-10-18,119,Sunglasses,Accessories,Brand C,45.0,1,45.0,Online
2565,2024-12-20,2397,28,Male,Chicago,2024-01-12,110,Boots,Footwear,Brand D,110.0,2,220.0,Online
576,2024-12-20,2100,40,Male,Miami,2023-01-29,104,Jacket,Outerwear,Brand D,120.0,1,120.0,In-Store
257,2024-12-20,2049,23,Male,Phoenix,2022-07-21,106,Shirt,Clothing,Brand A,40.0,1,40.0,Online
449,2024-12-21,2084,43,Female,Los Angeles,2023-09-16,115,Blazer,Outerwear,Brand A,130.0,1,130.0,In-Store
912,2024-12-21,2158,41,Female,New York,2024-01-03,113,Coat,Outerwear,Brand D,180.0,2,360.0,Online
3678,2024-12-21,2562,20,Male,New York,2021-09-10,106,Shirt,Clothing,Brand A,40.0,1,40.0,Online
4432,2024-12-21,2678,64,Male,San Antonio,2023-12-27,108,Hoodie,Clothing,Brand C,55.0,1,55.0,Online
1349,2024-12-21,2226,22,Male,Chicago,2021-10-21,107,Dress,Clothing,Brand B,65.0,2,130.0,Online
3517,2024-12-21,2544,25,Male,Philadelphia,2023-10-17,107,Dress,Clothing,Brand B,65.0,1,65.0,Online
1402,2024-12-21,2234,36,Female,San Antonio,2022-06-05,113,Coat,Outerwear,Brand D,180.0,2,360.0,Online
2142,2024-12-21,2337,23,Male,New York,2023-08-21,116,Belt,Accessories,Brand A,20.0,1,20.0,In-Store
1797,2024-12-21,2292,21,Female,Houston,2022-10-12,109,Shorts,Clothing,Brand E,30.0,1,30.0,Online
2842,2024-12-21,2431,42,Female,Phoenix,2021-03-15,108,Hoodie,Clothing,Brand C,55.0,2,110.0,In-Store
2701,2024-12-21,2411,45,Male,Chicago,2021-04-28,109,Shorts,Clothing,Brand E,30.0,2,60.0,In-Store
2191,2024-12-21,2342,21,Male,Los Angeles,2021-08-07,105,Hat,Accessories,Brand E,22.5,1,22.5,Online
3322,2024-12-21,2516,35,Female,Miami,2023-01-17,113,Coat,Outerwear,Brand D,180.0,1,180.0,In-Store
3225,2024-12-21,2502,31,Female,San Diego,2021-02-09,114,Parka,Outerwear,Brand B,150.0,2,300.0,Online
2149,2024-12-21,2338,42,Female,New York,2023-09-18,108,Hoodie,Clothing,Brand C,55.0,1,55.0,Online
3731,2024-12-21,2570,39,Female,Philadelphia,2023-06-15,111,Sandals,Footwear,Brand E,35.0,2,70.0,Online
4553,2024-12-22,2699,55,Male,Philadelphia,2023-07-12,101,T-shirt,Clothing,Brand A,25.0,2,50.0,In-Store
1075,2024-12-22,2182,50,Female,San Diego,2024-01-29,113,Coat,Outerwear,Brand D,180.0,2,360.0,In-Store
1525,2024-12-22,2255,43,Female,Philadelphia,2021-07-10,102,Jeans,Clothing,Brand B,75.0,1,75.0,Online
4980,2024-12-22,2751,22,Male,Houston,2023-11-01,120,Cap,Accessories,Brand E,15.0,1,15.0,Online
4804,2024-12-22,2730,22,Male,San Antonio,2024-03-27,101,T-shirt,Clothing,Brand A,25.0,2,50.0,Online
3929,2024-12-22,2602,63,Female,Phoenix,2021-01-22,106,Shirt,Clothing,Brand A,40.0,3,120.0,In-Store
264,2024-12-22,2050,40,Male,San Diego,2023-06-12,115,Blazer,Outerwear,Brand A,130.0,1,130.0,In-Store
3791,2024-12-22,2581,20,Female,Los Angeles,2022-09-03,105,Hat,Accessories,Brand E,22.5,3,67.5,Online
739,2024-12-22,2122,23,Male,San Antonio,2022-08-15,120,Cap,Accessories,Brand E,15.0,3,45.0,Online
5284,2024-12-22,2795,38,Female,San Antonio,2021-04-25,114,Parka,Outerwear,Brand B,150.0,1,150.0,In-Store
4149,2024-12-23,2637,24,Male,Phoenix,2024-02-18,117,Scarf,Accessories,Brand E,18.0,2,36.0,Online
4712,2024-12-23,2720,20,Female,Miami,2023-08-06,103,Sneakers,Footwear,Brand C,30.0,1,30.0,Online
5238,2024-12-23,2789,26,Female,San Antonio,2021-06-04,118,Bag,Accessories,Brand B,60.0,1,60.0,Online
2059,2024-12-23,2324,18,Female,Phoenix,2022-02-06,102,Jeans,Clothing,Brand B,75.0,1,75.0,Online
368,2024-12-23,2071,32,Female,Miami,2022-08-31,105,Hat,Accessories,Brand E,22.5,1,22.5,In-Store
5148,2024-12-23,2779,42,Female,Houston,2023-11-07,106,Shirt,Clothing,Brand A,40.0,2,80.0,In-Store
2451,2024-12-23,2376,41,Female,Philadelphia,2023-09-23,110,Boots,Footwear,Brand D,110.0,2,220.0,In-Store
3850,2024-12-24,2589,40,Male,Houston,2024-05-25,113,Coat,Outerwear,Brand D,180.0,1,180.0,Online
4416,2024-12-24,2675,23,Female,Chicago,2023-07-05,117,Scarf,Accessories,Brand E,18.0,2,36.0,Online
1946,2024-12-24,2307,52,Female,Dallas,2022-12-16,102,Jeans,Clothing,Brand B,75.0,1,75.0,In-Store
637,2024-12-24,2108,25,Male,New York,2022-05-04,103,Sneakers,Footwear,Brand C,30.0,1,30.0,Online
488,2024-12-24,2086,57,Male,Dallas,2023-09-11,114,Parka,Outerwear,Brand B,150.0,2,300.0,In-Store
900,2024-12-24,2155,19,Female,Chicago,2023-01-02,101,T-shirt,Clothing,Brand A,25.0,2,50.0,Online
2329,2024-12-24,2364,33,Female,San Antonio,2023-03-11,117,Scarf,Accessories,Brand E,18.0,1,18.0,In-Store
405,2024-12-24,2074,21,Female,San Antonio,2022-08-20,110,Boots,Footwear,Brand D,110.0,1,110.0,Online
1476,2024-12-24,2248,42,Male,Phoenix,2021-01-28,114,Parka,Outerwear,Brand B,150.0,1,150.0,In-Store
39,2024-12-24,2013,39,Female,San Diego,2023-07-04,114,Parka,Outerwear,Brand B,150.0,1,150.0,In-Store
1199,2024-12-24,2203,27,Male,Dallas,2024-01-13,106,Shirt,Clothing,Brand A,40.0,2,80.0,Online
3123,2024-12-24,2483,21,Male,Phoenix,2021-12-06,106,Shirt,Clothing,Brand A,40.0,1,40.0,Online
2104,2024-12-24,2331,37,Male,New York,2024-01-13,113,Coat,Outerwear,Brand D,180.0,1,180.0,In-Store
3414,2024-12-24,2528,27,Female,New York,2022-09-27,105,Hat,Accessories,Brand E,22.5,1,22.5,Online
4541,2024-12-24,2698,53,Male,Phoenix,2022-04-08,117,Scarf,Accessories,Brand E,18.0,1,18.0,In-Store
2735,2024-12-25,2414,21,Male,San Diego,2022-04-11,108,Hoodie,Clothing,Brand C,55.0,2,110.0,Online
479,2024-12-25,2085,21,Male,Phoenix,2021-03-18,112,Running Shoes,Footwear,Brand C,85.0,1,85.0,Online
3768,2024-12-25,2577,35,Male,San Antonio,2022-04-24,113,Coat,Outerwear,Brand D,180.0,1,180.0,Online
887,2024-12-25,2153,26,Female,Miami,2023-06-15,101,T-shirt,Clothing,Brand A,25.0,1,25.0,Online
312,2024-12-25,2059,44,Female,Miami,2022-06-17,114,Parka,Outerwear,Brand B,150.0,1,150.0,Online
1526,2024-12-25,2255,43,Female,Philadelphia,2021-07-10,113,Coat,Outerwear,Brand D,180.0,1,180.0,Online
3679,2024-12-25,2562,20,Male,New York,2021-09-10,119,Sunglasses,Accessories,Brand C,45.0,1,45.0,Online
4906,2024-12-25,2741,19,Male,Chicago,2023-04-10,120,Cap,Accessories,Brand E,15.0,2,30.0,Online
1312,2024-12-25,2222,42,Male,Dallas,2022-01-17,115,Blazer,Outerwear,Brand A,130.0,1,130.0,Online
723,2024-12-25,2120,58,Female,Phoenix,2022-07-03,110,Boots,Footwear,Brand D,110.0,1,110.0,In-Store
73,2024-12-25,2020,21,Female,San Diego,2023-03-08,120,Cap,Accessories,Brand E,15.0,1,15.0,Online
3266,2024-12-25,2507,49,Male,Los Angeles,2024-03-08,117,Scarf,Accessories,Brand E,18.0,1,18.0,In-Store
2885,2024-12-25,2439,57,Female,Los Angeles,2022-08-13,114,Parka,Outerwear,Brand B,150.0,1,150.0,Online
1514,2024-12-25,2254,57,Female,Philadelphia,2023-12-28,101,T-shirt,Clothing,Brand A,25.0,3,75.0,Online
5141,2024-12-25,2778,40,Female,San Diego,2021-11-02,104,Jacket,Outerwear,Brand D,120.0,1,120.0,In-Store
740,2024-12-25,2123,55,Female,Miami,2024-06-28,115,Blazer,Outerwear,Brand A,130.0,2,260.0,In-Store
1634,2024-12-25,2272,51,Male,San Antonio,2022-04-22,101,T-shirt,Clothing,Brand A,25.0,3,75.0,In-Store
1815,2024-12-25,2295,50,Female,Philadelphia,2021-08-11,103,Sneakers,Footwear,Brand C,30.0,1,30.0,In-Store
2280,2024-12-26,2359,45,Female,San Diego,2022-08-17,114,Parka,Outerwear,Brand B,150.0,1,150.0,Online
4433,2024-12-26,2678,64,Male,San Antonio,2023-12-27,101,T-shirt,Clothing,Brand A,25.0,3,75.0,In-Store
4354,2024-12-26,2668,52,Female,Chicago,2023-08-06,116,Belt,Accessories,Brand A,20.0,1,20.0,In-Store
4536,2024-12-26,2697,23,Male,Los Angeles,2023-03-24,116,Belt,Accessories,Brand A,20.0,3,60.0,Online
2718,2024-12-26,2413,54,Female,Houston,2022-01-02,113,Coat,Outerwear,Brand D,180.0,1,180.0,In-Store
1364,2024-12-26,2228,55,Male,Los Angeles,2023-03-06,106,Shirt,Clothing,Brand A,40.0,1,40.0,Online
5085,2024-12-26,2767,41,Male,Chicago,2022-08-05,115,Blazer,Outerwear,Brand A,130.0,1,130.0,In-Store
89,2024-12-26,2022,36,Male,Chicago,2021-05-20,104,Jacket,Outerwear,Brand D,120.0,1,120.0,In-Store
5149,2024-12-27,2779,42,Female,Houston,2023-11-07,109,Shorts,Clothing,Brand E,30.0,1,30.0,In-Store
3594,2024-12-27,2552,45,Male,Houston,2023-01-25,115,Blazer,Outerwear,Brand A,130.0,1,130.0,In-Store
1798,2024-12-27,2292,21,Female,Houston,2022-10-12,107,Dress,Clothing,Brand B,65.0,1,65.0,Online
4913,2024-12-27,2743,58,Male,Miami,2024-05-19,114,Parka,Outerwear,Brand B,150.0,1,150.0,In-Store
3126,2024-12-27,2484,51,Female,Philadelphia,2024-03-22,109,Shorts,Clothing,Brand E,30.0,1,30.0,In-Store
741,2024-12-27,2123,55,Female,Miami,2024-06-28,115,Blazer,Outerwear,Brand A,130.0,1,130.0,Online
2631,2024-12-27,2406,35,Female,Philadelphia,2022-05-11,113,Coat,Outerwear,Brand D,180.0,1,180.0,In-Store
980,2024-12-27,2170,55,Male,Miami,2023-05-25,107,Dress,Clothing,Brand B,65.0,1,65.0,In-Store
1484,2024-12-27,2251,31,Male,Philadelphia,2023-07-24,104,Jacket,Outerwear,Brand D,120.0,1,120.0,In-Store
4150,2024-12-27,2637,24,Male,Phoenix,2024-02-18,106,Shirt,Clothing,Brand A,40.0,2,80.0,Online
2979,2024-12-27,2453,43,Male,Dallas,2021-11-18,110,Boots,Footwear,Brand D,110.0,1,110.0,In-Store
4315,2024-12-27,2663,31,Female,Houston,2021-12-24,116,Belt,Accessories,Brand A,20.0,1,20.0,Online
3046,2024-12-27,2469,56,Male,San Diego,2021-07-06,115,Blazer,Outerwear,Brand A,130.0,1,130.0,In-Store
2821,2024-12-28,2429,27,Male,Houston,2024-03-07,102,Jeans,Clothing,Brand B,75.0,1,75.0,Online
3260,2024-12-28,2506,23,Female,New York,2023-05-17,105,Hat,Accessories,Brand E,22.5,1,22.5,Online
1608,2024-12-28,2270,57,Male,Los Angeles,2021-11-23,101,T-shirt,Clothing,Brand A,25.0,1,25.0,In-Store
901,2024-12-28,2155,19,Female,Chicago,2023-01-02,102,Jeans,Clothing,Brand B,75.0,2,150.0,Online
2481,2024-12-28,2380,69,Male,Los Angeles,2022-12-28,108,Hoodie,Clothing,Brand C,55.0,1,55.0,In-Store
2736,2024-12-28,2414,21,Male,San Diego,2022-04-11,110,Boots,Footwear,Brand D,110.0,1,110.0,Online
1313,2024-12-28,2222,42,Male,Dallas,2022-01-17,104,Jacket,Outerwear,Brand D,120.0,2,240.0,In-Store
5117,2024-12-28,2775,50,Male,Phoenix,2024-06-18,102,Jeans,Clothing,Brand B,75.0,1,75.0,In-Store
286,2024-12-28,2052,25,Male,Houston,2021-11-02,108,Hoodie,Clothing,Brand C,55.0,2,110.0,In-Store
1763,2024-12-29,2289,45,Male,Los Angeles,2021-07-31,111,Sandals,Footwear,Brand E,35.0,2,70.0,In-Store
3777,2024-12-29,2579,56,Female,Dallas,2022-09-21,114,Parka,Outerwear,Brand B,150.0,2,300.0,In-Store
4857,2024-12-29,2736,21,Male,Los Angeles,2021-06-17,101,T-shirt,Clothing,Brand A,25.0,2,50.0,In-Store
715,2024-12-29,2117,55,Male,Dallas,2023-04-19,114,Parka,Outerwear,Brand B,150.0,1,150.0,In-Store
2783,2024-12-29,2421,19,Male,Phoenix,2022-12-20,108,Hoodie,Clothing,Brand C,55.0,1,55.0,Online
4591,2024-12-29,2703,23,Male,Dallas,2023-09-06,109,Shorts,Clothing,Brand E,30.0,1,30.0,In-Store
3493,2024-12-29,2541,20,Female,Philadelphia,2023-05-06,102,Jeans,Clothing,Brand B,75.0,2,150.0,Online
303,2024-12-29,2058,40,Male,Houston,2024-05-17,109,Shorts,Clothing,Brand E,30.0,1,30.0,In-Store
545,2024-12-29,2095,53,Male,Philadelphia,2021-07-08,116,Belt,Accessories,Brand A,20.0,1,20.0,Online
2702,2024-12-29,2411,45,Male,Chicago,2021-04-28,111,Sandals,Footwear,Brand E,35.0,1,35.0,Online
4198,2024-12-29,2644,24,Female,Philadelphia,2024-02-17,102,Jeans,Clothing,Brand B,75.0,2,150.0,Online
624,2024-12-29,2106,55,Male,Houston,2023-07-17,108,Hoodie,Clothing,Brand C,55.0,1,55.0,In-Store
95,2024-12-29,2023,22,Female,Chicago,2024-05-15,101,T-shirt,Clothing,Brand A,25.0,2,50.0,Online
4566,2024-12-29,2700,55,Male,Los Angeles,2023-02-03,109,Shorts,Clothing,Brand E,30.0,1,30.0,In-Store
2247,2024-12-29,2355,54,Male,New York,2021-03-10,107,Dress,Clothing,Brand B,65.0,2,130.0,In-Store
1545,2024-12-29,2257,22,Female,Philadelphia,2021-01-31,111,Sandals,Footwear,Brand E,35.0,3,105.0,Online
2094,2024-12-30,2328,33,Male,Miami,2022-09-12,113,Coat,Outerwear,Brand D,180.0,1,180.0,Online
1827,2024-12-30,2296,48,Male,Dallas,2021-11-30,111,Sandals,Footwear,Brand E,35.0,1,35.0,Online
3989,2024-12-30,2611,41,Male,Houston,2023-05-26,113,Coat,Outerwear,Brand D,180.0,2,360.0,Online
2499,2024-12-30,2388,47,Female,Los Angeles,2024-05-17,104,Jacket,Outerwear,Brand D,120.0,1,120.0,Online
4786,2024-12-30,2728,20,Female,Houston,2023-03-06,108,Hoodie,Clothing,Brand C,55.0,1,55.0,Online
2248,2024-12-30,2355,54,Male,New York,2021-03-10,115,Blazer,Outerwear,Brand A,130.0,1,130.0,In-Store
2670,2024-12-30,2409,28,Female,Miami,2021-03-20,113,Coat,Outerwear,Brand D,180.0,1,180.0,In-Store
1595,2024-12-30,2269,42,Male,San Antonio,2024-03-28,113,Coat,Outerwear,Brand D,180.0,1,180.0,Online
1628,2024-12-30,2271,26,Male,Philadelphia,2021-09-27,108,Hoodie,Clothing,Brand C,55.0,1,55.0,Online
4332,2024-12-31,2664,27,Male,Phoenix,2021-03-06,118,Bag,Accessories,Brand B,60.0,1,60.0,In-Store
2843,2024-12-31,2431,42,Female,Phoenix,2021-03-15,106,Shirt,Clothing,Brand A,40.0,2,80.0,Online
1856,2024-12-31,2297,23,Female,Dallas,2021-05-17,102,Jeans,Clothing,Brand B,75.0,1,75.0,Online
4996,2024-12-31,2753,23,Male,San Antonio,2023-11-29,120,Cap,Accessories,Brand E,15.0,1,15.0,Online
716,2024-12-31,2117,55,Male,Dallas,2023-04-19,115,Blazer,Outerwear,Brand A,130.0,2,260.0,In-Store
1283,2024-12-31,2217,31,Female,San Diego,2022-07-31,115,Blazer,Outerwear,Brand A,130.0,1,130.0,Online
566,2024-12-31,2097,56,Male,Phoenix,2021-05-03,110,Boots,Footwear,Brand D,110.0,1,110.0,In-Store
3890,2024-12-31,2595,36,Female,New York,2022-05-04,115,Blazer,Outerwear,Brand A,130.0,1,130.0,In-Store
1746,2024-12-31,2287,23,Male,Phoenix,2024-01-14,101,T-shirt,Clothing,Brand A,25.0,1,25.0,Online
1640,2024-12-31,2273,52,Female,San Antonio,2022-12-30,118,Bag,Accessories,Brand B,60.0,1,60.0,In-Store
4093,2024-12-31,2623,24,Male,Philadelphia,2021-12-29,106,Shirt,Clothing,Brand A,40.0,2,80.0,Online
2367,2024-12-31,2367,19,Female,San Diego,2021-06-02,103,Sneakers,Footwear,Brand C,30.0,1,30.0,Online
480,2024-12-31,2085,21,Male,Phoenix,2021-03-18,107,Dress,Clothing,Brand B,65.0,2,130.0,In-Store
3374,2024-12-31,2523,35,Female,San Antonio,2021-08-03,113,Coat,Outerwear,Brand D,180.0,1,180.0,Online
1200,2024-12-31,2203,27,Male,Dallas,2024-01-13,108,Hoodie,Clothing,Brand C,55.0,3,165.0,Online
4592,2024-12-31,2703,23,Male,Dallas,2023-09-06,117,Scarf,Accessories,Brand E,18.0,2,36.0,In-Store
4032,2024-12-31,2616,54,Male,Houston,2021-09-04,101,T-shirt,Clothing,Brand A,25.0,1,25.0,In-Store
1477,2024-12-31,2248,42,Male,Phoenix,2021-01-28,104,Jacket,Outerwear,Brand D,120.0,1,120.0,Online
3978,2024-12-31,2610,27,Male,Phoenix,2023-02-13,116,Belt,Accessories,Brand A,20.0,2,40.0,Online
3851,2024-12-31,2589,40,Male,Houston,2024-05-25,113,Coat,Outerwear,Brand D,180.0,1,180.0,In-Store
