Sale_ID,Product_ID,Customer_ID,Date,Quantity,Sale_Price,Channel
1,101,2001,2023-01-15,2,50.0,Online
2,102,2002,2023-01-16,1,75.0,In-Store
3,103,2001,2023-01-17,3,30.0,Online
4,104,2003,2023-01-18,1,120.0,In-Store
5,105,2004,2023-01-19,2,45.0,Online
6,115,2006,2023-10-09,4,520.0,In-Store
7,109,2006,2023-10-18,2,60.0,Online
8,111,2006,2024-10-08,2,70.0,Online
9,110,2006,2024-11-21,1,110.0,In-Store
10,101,2006,2024-12-07,1,25.0,In-Store
11,113,2008,2024-01-17,1,180.0,Online
12,113,2008,2024-07-16,1,180.0,Online
13,118,2009,2024-04-17,1,60.0,In-Store
14,105,2009,2024-04-20,1,22.5,In-Store
15,113,2010,2023-12-20,1,180.0,In-Store
16,106,2010,2024-04-15,1,40.0,In-Store
17,106,2011,2023-01-17,2,80.0,In-Store
18,108,2011,2023-02-09,1,55.0,Online
19,107,2011,2023-04-24,1,65.0,Online
20,105,2011,2023-08-19,1,22.5,Online
21,120,2011,2023-10-12,3,45.0,Online
22,111,2011,2023-11-23,2,70.0,Online
23,106,2011,2023-12-11,2,80.0,Online
24,101,2011,2024-06-16,2,50.0,Online
25,101,2011,2024-06-26,4,100.0,Online
26,120,2011,2024-08-24,2,30.0,Online
27,111,2011,2024-10-09,2,70.0,In-Store
28,109,2011,2024-11-16,2,60.0,Online
29,109,2011,2024-11-24,2,60.0,Online
30,109,2011,2024-12-01,3,90.0,Online
31,107,2011,2024-12-14,1,65.0,Online
32,101,2012,2024-10-31,3,75.0,Online
33,113,2013,2023-11-26,1,180.0,In-Store
34,113,2013,2023-12-22,1,180.0,In-Store
35,114,2013,2024-06-24,2,300.0,Online
36,114,2013,2024-09-04,1,150.0,In-Store
37,114,2013,2024-12-05,1,150.0,In-Store
38,113,2013,2024-12-18,1,180.0,Online
39,114,2013,2024-12-24,1,150.0,In-Store
40,113,2014,2023-05-24,1,180.0,Online
41,104,2014,2023-06-06,1,120.0,In-Store
42,114,2014,2023-08-11,1,150.0,Online
43,104,2014,2024-01-22,1,120.0,Online
44,113,2014,2024-02-23,1,180.0,In-Store
45,119,2014,2024-04-24,1,45.0,In-Store
46,113,2014,2024-10-18,1,180.0,Online
47,116,2017,2023-09-28,2,40.0,Online
48,113,2018,2023-04-03,1,180.0,Online
49,109,2018,2023-08-23,1,30.0,In-Store
50,109,2018,2024-02-01,1,30.0,In-Store
51,106,2018,2024-10-23,2,80.0,In-Store
52,111,2018,2024-11-16,1,35.0,In-Store
53,111,2018,2024-11-29,1,35.0,In-Store
54,105,2019,2024-04-15,1,22.5,Online
55,117,2020,2023-03-16,1,18.0,Online
56,109,2020,2023-03-18,1,30.0,In-Store
57,116,2020,2023-04-03,1,20.0,In-Store
58,101,2020,2023-06-05,2,50.0,In-Store
59,117,2020,2023-08-06,2,36.0,Online
60,109,2020,2023-08-09,1,30.0,Online
61,106,2020,2023-09-05,2,80.0,Online
62,116,2020,2024-01-01,2,40.0,Online
63,118,2020,2024-04-19,1,60.0,Online
64,116,2020,2024-05-11,1,20.0,Online
65,117,2020,2024-05-15,1,18.0,Online
66,103,2020,2024-05-16,1,30.0,Online
67,107,2020,2024-05-20,3,195.0,In-Store
68,109,2020,2024-06-21,1,30.0,Online
69,111,2020,2024-08-08,4,140.0,Online
70,107,2020,2024-10-19,1,65.0,Online
71,101,2020,2024-12-06,3,75.0,Online
72,103,2020,2024-12-07,2,60.0,Online
73,120,2020,2024-12-25,1,15.0,Online
74,117,2021,2023-09-16,1,18.0,Online
75,117,2021,2023-09-20,2,36.0,Online
76,108,2021,2024-04-16,2,110.0,In-Store
77,119,2021,2024-06-15,1,45.0,In-Store
78,106,2021,2024-07-25,1,40.0,Online
79,105,2021,2024-10-23,1,22.5,Online
80,113,2022,2023-03-15,1,180.0,Online
81,113,2022,2023-04-24,1,180.0,In-Store
82,113,2022,2023-04-28,1,180.0,Online
83,113,2022,2023-06-20,1,180.0,Online
84,113,2022,2024-04-18,1,180.0,In-Store
85,113,2022,2024-04-19,1,180.0,Online
86,108,2022,2024-07-09,1,55.0,In-Store
87,113,2022,2024-11-28,1,180.0,Online
88,104,2022,2024-12-20,1,120.0,In-Store
89,104,2022,2024-12-26,1,120.0,In-Store
90,120,2023,2024-05-22,2,30.0,Online
91,117,2023,2024-06-13,2,36.0,Online
92,103,2023,2024-08-11,1,30.0,Online
93,118,2023,2024-09-16,1,60.0,Online
94,108,2023,2024-11-21,1,55.0,Online
95,101,2023,2024-12-29,2,50.0,Online
96,104,2024,2023-07-18,1,120.0,Online
97,116,2024,2023-12-07,1,20.0,Online
98,108,2024,2023-12-27,1,55.0,In-Store
99,106,2024,2024-01-31,1,40.0,In-Store
100,106,2024,2024-03-23,1,40.0,In-Store
101,106,2024,2024-06-15,1,40.0,In-Store
102,101,2024,2024-07-28,2,50.0,In-Store
103,114,2024,2024-09-01,1,150.0,In-Store
104,107,2024,2024-09-29,1,65.0,In-Store
105,113,2026,2023-03-23,1,180.0,In-Store
106,114,2026,2023-06-13,2,300.0,In-Store
107,115,2026,2023-11-11,1,130.0,Online
108,113,2026,2024-04-18,1,180.0,Online
109,102,2026,2024-05-08,1,75.0,In-Store
110,113,2026,2024-09-30,1,180.0,Online
111,114,2026,2024-12-19,1,150.0,In-Store
112,108,2027,2023-08-22,1,55.0,Online
113,119,2027,2023-12-28,1,45.0,Online
114,105,2027,2024-04-08,1,22.5,In-Store
115,108,2027,2024-10-23,1,55.0,Online
116,113,2028,2023-05-16,1,180.0,Online
117,115,2028,2023-07-27,1,130.0,In-Store
118,114,2028,2023-10-19,1,150.0,Online
119,113,2028,2023-11-05,1,180.0,In-Store
120,104,2028,2023-12-10,1,120.0,Online
121,110,2028,2024-05-07,1,110.0,In-Store
122,110,2028,2024-10-11,2,220.0,Online
123,105,2029,2023-04-27,1,22.5,Online
124,107,2029,2023-12-26,2,130.0,Online
125,117,2029,2024-01-03,1,18.0,In-Store
126,111,2029,2024-01-13,1,35.0,Online
127,106,2029,2024-06-29,1,40.0,Online
128,119,2030,2023-12-04,1,45.0,Online
129,105,2030,2024-01-07,1,22.5,Online
130,105,2031,2023-12-18,1,22.5,Online
131,102,2031,2024-06-05,1,75.0,Online
132,117,2031,2024-09-15,1,18.0,In-Store
133,118,2031,2024-11-12,1,60.0,Online
134,113,2032,2023-06-01,1,180.0,In-Store
135,108,2033,2023-03-23,1,55.0,In-Store
136,104,2033,2023-04-10,1,120.0,In-Store
137,110,2033,2023-06-15,1,110.0,In-Store
138,113,2033,2023-07-29,2,360.0,In-Store
139,106,2033,2023-09-06,2,80.0,In-Store
140,108,2033,2024-08-04,2,110.0,In-Store
141,102,2033,2024-08-28,1,75.0,In-Store
142,107,2033,2024-09-04,2,130.0,Online
143,110,2033,2024-10-24,1,110.0,In-Store
144,116,2033,2024-11-07,1,20.0,Online
145,102,2033,2024-11-24,3,225.0,In-Store
146,106,2033,2024-11-25,1,40.0,In-Store
147,105,2033,2024-12-03,1,22.5,In-Store
148,104,2033,2024-12-14,2,240.0,In-Store
149,117,2034,2024-06-06,1,18.0,Online
150,109,2034,2024-08-01,3,90.0,In-Store
151,111,2036,2023-02-25,3,105.0,Online
152,109,2036,2023-02-27,1,30.0,Online
153,118,2036,2023-03-03,1,60.0,Online
154,102,2036,2023-04-03,2,150.0,Online
155,105,2036,2023-06-16,1,22.5,Online
156,101,2036,2023-06-19,1,25.0,Online
157,106,2036,2023-07-10,1,40.0,Online
158,106,2036,2023-11-23,1,40.0,Online
159,109,2036,2024-03-03,1,30.0,Online
160,110,2036,2024-05-17,1,110.0,Online
161,112,2036,2024-07-01,2,170.0,Online
162,106,2036,2024-10-13,1,40.0,Online
163,119,2036,2024-10-24,1,45.0,Online
164,111,2036,2024-11-06,1,35.0,Online
165,120,2036,2024-11-07,2,30.0,Online
166,111,2036,2024-12-02,1,35.0,Online
167,110,2037,2023-02-19,1,110.0,Online
168,101,2037,2023-04-19,1,25.0,Online
169,109,2037,2023-05-03,1,30.0,In-Store
170,101,2037,2023-06-20,1,25.0,In-Store
171,102,2037,2023-06-23,1,75.0,Online
172,104,2037,2023-07-05,1,120.0,In-Store
173,110,2037,2023-09-04,1,110.0,In-Store
174,112,2037,2024-01-14,1,85.0,In-Store
175,101,2037,2024-02-16,1,25.0,In-Store
176,120,2037,2024-05-28,1,15.0,In-Store
177,111,2037,2024-09-01,2,70.0,In-Store
178,120,2037,2024-10-21,1,15.0,In-Store
179,114,2037,2024-12-04,1,150.0,In-Store
180,106,2038,2023-01-26,1,40.0,Online
181,117,2038,2023-02-04,1,18.0,Online
182,101,2038,2023-03-01,2,50.0,In-Store
183,102,2038,2023-03-31,1,75.0,In-Store
184,103,2038,2023-04-03,3,90.0,Online
185,117,2038,2023-04-21,1,18.0,Online
186,113,2040,2023-06-26,1,180.0,Online
187,113,2040,2023-11-30,1,180.0,Online
188,104,2040,2024-03-09,1,120.0,Online
189,114,2040,2024-04-15,1,150.0,In-Store
190,105,2041,2023-09-17,2,45.0,Online
191,116,2041,2023-09-21,1,20.0,Online
192,117,2041,2023-11-05,1,18.0,Online
193,103,2041,2024-05-10,2,60.0,Online
194,110,2041,2024-06-28,2,220.0,Online
195,101,2041,2024-12-13,1,25.0,Online
196,105,2042,2023-03-14,3,67.5,Online
197,119,2042,2023-04-20,2,90.0,Online
198,111,2042,2023-06-13,1,35.0,Online
199,116,2042,2023-07-02,1,20.0,Online
200,102,2042,2023-08-01,2,150.0,Online
201,101,2042,2023-10-11,4,100.0,Online
202,101,2042,2024-01-14,2,50.0,Online
203,101,2043,2023-01-14,2,50.0,Online
204,108,2043,2023-02-12,2,110.0,Online
205,112,2043,2023-02-16,1,85.0,Online
206,111,2044,2023-01-01,3,105.0,Online
207,108,2044,2023-01-11,1,55.0,In-Store
208,111,2044,2023-02-16,2,70.0,In-Store
209,109,2044,2023-03-09,2,60.0,Online
210,117,2044,2023-03-30,1,18.0,Online
211,103,2044,2023-04-24,1,30.0,Online
212,109,2044,2023-06-10,3,90.0,Online
213,109,2044,2023-07-13,1,30.0,Online
214,107,2044,2023-08-11,1,65.0,Online
215,117,2044,2023-09-07,1,18.0,Online
216,112,2044,2023-10-15,1,85.0,Online
217,106,2044,2023-10-23,2,80.0,Online
218,108,2044,2023-10-28,1,55.0,Online
219,120,2044,2023-12-06,1,15.0,Online
220,116,2044,2024-01-20,3,60.0,Online
221,103,2044,2024-01-29,1,30.0,Online
222,103,2044,2024-02-20,1,30.0,Online
223,110,2044,2024-05-17,1,110.0,Online
224,114,2045,2023-03-31,1,150.0,In-Store
225,115,2045,2024-03-13,1,130.0,In-Store
226,113,2045,2024-05-17,1,180.0,In-Store
227,114,2045,2024-06-21,1,150.0,In-Store
228,114,2045,2024-09-24,1,150.0,Online
229,113,2045,2024-11-05,1,180.0,Online
230,113,2046,2024-03-17,1,180.0,In-Store
231,113,2046,2024-05-20,1,180.0,In-Store
232,114,2046,2024-08-06,2,300.0,Online
233,114,2046,2024-10-02,1,150.0,Online
234,114,2047,2023-10-30,1,150.0,In-Store
235,113,2047,2024-06-03,1,180.0,Online
236,113,2047,2024-10-22,1,180.0,Online
237,113,2047,2024-10-29,2,360.0,In-Store
238,105,2049,2023-03-25,1,22.5,Online
239,101,2049,2023-04-17,2,50.0,Online
240,119,2049,2023-05-15,3,135.0,Online
241,119,2049,2023-08-28,2,90.0,Online
242,105,2049,2023-10-10,1,22.5,Online
243,101,2049,2023-10-14,1,25.0,Online
244,109,2049,2023-11-04,1,30.0,Online
245,108,2049,2023-11-25,1,55.0,Online
246,105,2049,2023-12-04,1,22.5,Online
247,116,2049,2024-03-14,2,40.0,Online
248,117,2049,2024-04-18,1,18.0,In-Store
249,109,2049,2024-05-30,2,60.0,In-Store
250,117,2049,2024-07-10,1,18.0,Online
251,101,2049,2024-08-19,2,50.0,Online
252,108,2049,2024-09-17,2,110.0,In-Store
253,111,2049,2024-09-25,1,35.0,Online
254,106,2049,2024-10-01,2,80.0,Online
255,117,2049,2024-12-03,1,18.0,In-Store
256,101,2049,2024-12-06,2,50.0,Online
257,106,2049,2024-12-20,1,40.0,Online
258,109,2050,2023-06-28,2,60.0,Online
259,109,2050,2023-11-09,1,30.0,In-Store
260,113,2050,2023-12-13,1,180.0,Online
261,102,2050,2023-12-19,1,75.0,In-Store
262,102,2050,2024-06-22,2,150.0,Online
263,109,2050,2024-07-11,1,30.0,In-Store
264,115,2050,2024-12-22,1,130.0,In-Store
265,104,2051,2023-02-17,2,240.0,In-Store
266,113,2051,2023-06-09,1,180.0,In-Store
267,113,2051,2023-07-25,1,180.0,Online
268,115,2051,2023-09-12,1,130.0,In-Store
269,113,2051,2023-12-15,2,360.0,In-Store
270,115,2051,2024-06-14,1,130.0,In-Store
271,113,2051,2024-06-16,1,180.0,Online
272,109,2052,2023-01-02,2,60.0,Online
273,103,2052,2023-01-06,1,30.0,Online
274,101,2052,2023-02-08,1,25.0,Online
275,112,2052,2023-03-31,2,170.0,Online
276,101,2052,2023-05-31,4,100.0,Online
277,120,2052,2023-06-01,2,30.0,Online
278,106,2052,2023-11-05,1,40.0,Online
279,111,2052,2023-11-25,1,35.0,Online
280,103,2052,2024-03-18,3,90.0,Online
281,105,2052,2024-03-26,2,45.0,In-Store
282,120,2052,2024-05-19,3,45.0,Online
283,105,2052,2024-10-07,3,67.5,Online
284,116,2052,2024-10-17,1,20.0,Online
285,110,2052,2024-11-08,1,110.0,Online
286,108,2052,2024-12-28,2,110.0,In-Store
287,104,2054,2023-08-16,1,120.0,In-Store
288,114,2054,2023-10-07,1,150.0,Online
289,101,2054,2023-10-19,1,25.0,Online
290,115,2054,2023-11-18,1,130.0,Online
291,114,2054,2024-01-22,1,150.0,Online
292,113,2054,2024-03-10,1,180.0,Online
293,113,2054,2024-03-23,1,180.0,In-Store
294,115,2054,2024-04-28,1,130.0,In-Store
295,113,2054,2024-06-14,1,180.0,Online
296,108,2055,2023-12-09,1,55.0,Online
297,108,2055,2024-01-01,1,55.0,Online
298,116,2055,2024-04-09,2,40.0,Online
299,107,2058,2024-08-04,1,65.0,Online
300,118,2058,2024-10-21,1,60.0,In-Store
301,109,2058,2024-11-18,2,60.0,In-Store
302,110,2058,2024-11-25,2,220.0,Online
303,109,2058,2024-12-29,1,30.0,In-Store
304,113,2059,2023-01-21,2,360.0,In-Store
305,113,2059,2023-10-13,1,180.0,Online
306,113,2059,2023-11-22,1,180.0,In-Store
307,113,2059,2024-03-23,1,180.0,Online
308,113,2059,2024-08-21,1,180.0,In-Store
309,113,2059,2024-11-08,1,180.0,Online
310,114,2059,2024-11-09,1,150.0,Online
311,114,2059,2024-11-16,2,300.0,Online
312,114,2059,2024-12-25,1,150.0,Online
313,114,2061,2023-05-01,1,150.0,Online
314,104,2061,2023-09-15,1,120.0,In-Store
315,113,2061,2023-12-05,1,180.0,In-Store
316,115,2061,2024-06-24,2,260.0,In-Store
317,120,2062,2023-01-11,1,15.0,In-Store
318,109,2062,2023-12-22,1,30.0,Online
319,114,2064,2023-03-24,1,150.0,Online
320,106,2065,2023-12-20,1,40.0,In-Store
321,120,2066,2023-04-27,1,15.0,In-Store
322,118,2067,2023-03-09,2,120.0,In-Store
323,107,2067,2023-04-04,1,65.0,In-Store
324,115,2068,2023-04-27,1,130.0,Online
325,113,2068,2023-07-28,2,360.0,In-Store
326,114,2068,2023-09-22,1,150.0,In-Store
327,113,2068,2023-11-03,1,180.0,In-Store
328,104,2068,2024-07-15,2,240.0,In-Store
329,108,2069,2023-11-22,2,110.0,Online
330,107,2069,2023-12-12,2,130.0,Online
331,116,2069,2023-12-24,2,40.0,Online
332,101,2069,2023-12-27,1,25.0,Online
333,102,2069,2024-01-31,3,225.0,Online
334,116,2069,2024-02-28,2,40.0,Online
335,107,2069,2024-04-14,1,65.0,Online
336,120,2069,2024-04-24,3,45.0,Online
337,111,2069,2024-05-24,1,35.0,Online
338,112,2069,2024-07-15,3,255.0,Online
339,107,2069,2024-08-10,1,65.0,Online
340,103,2069,2024-08-25,1,30.0,Online
341,118,2070,2023-03-15,1,60.0,Online
342,105,2070,2023-04-24,4,90.0,In-Store
343,101,2070,2023-05-19,3,75.0,In-Store
344,109,2070,2023-06-25,1,30.0,Online
345,111,2070,2023-08-23,2,70.0,Online
346,107,2070,2023-10-01,2,130.0,Online
347,102,2070,2023-11-05,2,150.0,Online
348,103,2070,2023-11-25,1,30.0,Online
349,120,2070,2024-07-04,2,30.0,Online
350,109,2070,2024-07-25,2,60.0,Online
351,112,2070,2024-09-09,1,85.0,Online
352,109,2070,2024-09-14,1,30.0,Online
353,118,2070,2024-10-30,1,60.0,Online
354,117,2070,2024-11-08,1,18.0,Online
355,109,2070,2024-12-02,2,60.0,Online
356,103,2070,2024-12-07,1,30.0,Online
357,111,2070,2024-12-10,1,35.0,Online
358,114,2071,2023-04-17,1,150.0,Online
359,107,2071,2023-05-09,1,65.0,In-Store
360,113,2071,2023-05-12,2,360.0,In-Store
361,113,2071,2023-08-19,1,180.0,In-Store
362,113,2071,2023-10-21,1,180.0,In-Store
363,113,2071,2023-11-08,1,180.0,In-Store
364,115,2071,2024-01-26,1,130.0,In-Store
365,113,2071,2024-05-21,1,180.0,Online
366,114,2071,2024-06-28,1,150.0,In-Store
367,113,2071,2024-07-22,1,180.0,Online
368,105,2071,2024-12-23,1,22.5,In-Store
369,109,2072,2023-04-22,1,30.0,Online
370,119,2072,2023-07-03,1,45.0,Online
371,108,2072,2023-08-25,1,55.0,Online
372,101,2072,2023-10-06,1,25.0,Online
373,119,2072,2023-11-20,3,135.0,Online
374,117,2072,2023-11-27,1,18.0,Online
375,117,2072,2024-03-01,2,36.0,Online
376,109,2072,2024-03-21,1,30.0,Online
377,118,2072,2024-04-02,1,60.0,Online
378,105,2072,2024-05-01,3,67.5,In-Store
379,101,2072,2024-11-04,3,75.0,Online
380,106,2073,2023-09-08,1,40.0,In-Store
381,106,2073,2023-11-28,1,40.0,In-Store
382,103,2073,2023-11-29,1,30.0,In-Store
383,114,2073,2024-05-28,1,150.0,In-Store
384,110,2073,2024-07-22,1,110.0,In-Store
385,107,2074,2023-01-17,1,65.0,Online
386,101,2074,2023-04-22,1,25.0,Online
387,106,2074,2023-05-02,2,80.0,Online
388,111,2074,2023-06-13,2,70.0,Online
389,117,2074,2023-07-04,3,54.0,Online
390,109,2074,2023-09-16,1,30.0,In-Store
391,118,2074,2023-10-14,1,60.0,Online
392,108,2074,2023-10-15,1,55.0,Online
393,112,2074,2023-11-08,1,85.0,Online
394,106,2074,2023-12-14,1,40.0,In-Store
395,106,2074,2024-03-01,1,40.0,Online
396,111,2074,2024-04-15,2,70.0,In-Store
397,119,2074,2024-05-13,2,90.0,Online
398,108,2074,2024-05-27,3,165.0,Online
399,119,2074,2024-06-17,3,135.0,Online
400,105,2074,2024-07-08,1,22.5,Online
401,105,2074,2024-10-02,1,22.5,In-Store
402,120,2074,2024-11-01,1,15.0,Online
403,103,2074,2024-11-15,1,30.0,Online
404,116,2074,2024-11-18,1,20.0,Online
405,110,2074,2024-12-24,1,110.0,Online
406,104,2075,2023-01-16,1,120.0,In-Store
407,113,2075,2023-04-23,1,180.0,Online
408,113,2075,2023-06-09,2,360.0,Online
409,113,2075,2023-09-26,1,180.0,In-Store
410,112,2075,2023-12-12,1,85.0,In-Store
411,115,2075,2023-12-17,1,130.0,In-Store
412,114,2075,2024-04-02,1,150.0,In-Store
413,106,2075,2024-09-17,1,40.0,In-Store
414,113,2075,2024-09-22,1,180.0,In-Store
415,112,2076,2023-05-02,1,85.0,In-Store
416,115,2077,2023-07-11,2,260.0,In-Store
417,114,2077,2023-09-07,1,150.0,In-Store
418,113,2077,2023-12-20,1,180.0,Online
419,114,2077,2024-02-28,2,300.0,Online
420,120,2078,2023-03-25,2,30.0,Online
421,114,2079,2024-07-13,1,150.0,In-Store
422,113,2079,2024-11-17,1,180.0,In-Store
423,101,2080,2023-09-21,2,50.0,Online
424,116,2080,2023-09-22,2,40.0,Online
425,103,2080,2023-12-06,1,30.0,Online
426,116,2080,2024-04-18,3,60.0,Online
427,120,2080,2024-06-24,3,45.0,Online
428,119,2080,2024-11-10,2,90.0,Online
429,120,2081,2023-11-06,2,30.0,In-Store
430,105,2081,2024-01-12,1,22.5,Online
431,106,2081,2024-07-11,1,40.0,Online
432,111,2082,2023-05-23,1,35.0,Online
433,103,2082,2023-05-29,4,120.0,Online
434,116,2082,2023-05-30,2,40.0,Online
435,103,2082,2023-06-16,1,30.0,In-Store
436,112,2082,2023-10-14,1,85.0,Online
437,120,2082,2023-11-07,2,30.0,Online
438,108,2082,2024-02-10,1,55.0,Online
439,115,2083,2023-02-17,1,130.0,Online
440,113,2083,2023-03-04,1,180.0,Online
441,101,2083,2023-07-04,2,50.0,In-Store
442,114,2083,2023-08-21,1,150.0,In-Store
443,113,2083,2023-11-29,1,180.0,In-Store
444,113,2083,2024-04-17,1,180.0,Online
445,113,2083,2024-12-14,1,180.0,Online
446,114,2084,2023-10-03,1,150.0,In-Store
447,113,2084,2024-03-15,1,180.0,In-Store
448,114,2084,2024-11-27,2,300.0,In-Store
449,115,2084,2024-12-21,1,130.0,In-Store
450,116,2085,2023-01-04,2,40.0,Online
451,107,2085,2023-01-18,2,130.0,Online
452,119,2085,2023-01-30,2,90.0,In-Store
453,103,2085,2023-02-23,1,30.0,Online
454,119,2085,2023-03-17,1,45.0,In-Store
455,109,2085,2023-04-10,1,30.0,Online
456,108,2085,2023-05-09,1,55.0,In-Store
457,119,2085,2023-05-14,1,45.0,In-Store
458,101,2085,2023-05-30,2,50.0,Online
459,106,2085,2023-06-15,2,80.0,Online
460,111,2085,2023-07-12,1,35.0,Online
461,116,2085,2023-09-20,1,20.0,Online
462,109,2085,2023-10-03,1,30.0,In-Store
463,111,2085,2023-11-18,2,70.0,Online
464,106,2085,2023-11-24,2,80.0,Online
465,116,2085,2023-12-04,1,20.0,Online
466,108,2085,2024-01-05,1,55.0,Online
467,117,2085,2024-01-16,1,18.0,In-Store
468,109,2085,2024-03-13,2,60.0,Online
469,117,2085,2024-05-01,1,18.0,In-Store
470,106,2085,2024-05-06,1,40.0,Online
471,118,2085,2024-05-15,2,120.0,Online
472,109,2085,2024-05-24,2,60.0,Online
473,120,2085,2024-08-14,1,15.0,Online
474,105,2085,2024-08-24,1,22.5,Online
475,102,2085,2024-09-30,4,300.0,Online
476,112,2085,2024-10-17,4,340.0,Online
477,117,2085,2024-10-30,2,36.0,Online
478,109,2085,2024-11-06,1,30.0,In-Store
479,112,2085,2024-12-25,1,85.0,Online
480,107,2085,2024-12-31,2,130.0,In-Store
481,114,2086,2024-05-23,1,150.0,In-Store
482,101,2086,2024-08-03,1,25.0,Online
483,109,2086,2024-08-04,3,90.0,In-Store
484,115,2086,2024-08-05,1,130.0,In-Store
485,101,2086,2024-08-15,1,25.0,In-Store
486,101,2086,2024-12-18,1,25.0,Online
487,116,2086,2024-12-19,1,20.0,In-Store
488,114,2086,2024-12-24,2,300.0,In-Store
489,117,2088,2023-01-04,1,18.0,Online
490,109,2088,2023-03-10,1,30.0,Online
491,108,2088,2023-04-19,2,110.0,Online
492,103,2088,2023-06-28,1,30.0,Online
493,119,2088,2023-07-13,1,45.0,In-Store
494,120,2088,2023-11-07,3,45.0,Online
495,102,2088,2023-12-08,3,225.0,In-Store
496,109,2088,2024-02-11,1,30.0,Online
497,111,2088,2024-04-06,1,35.0,Online
498,103,2088,2024-05-25,1,30.0,In-Store
499,110,2088,2024-11-01,1,110.0,Online
500,114,2089,2023-06-21,1,150.0,Online
501,114,2089,2023-07-02,1,150.0,In-Store
502,114,2089,2023-11-04,2,300.0,Online
503,105,2090,2023-04-04,1,22.5,In-Store
504,108,2090,2023-05-04,2,110.0,In-Store
505,119,2090,2023-05-09,1,45.0,In-Store
506,108,2090,2023-07-20,2,110.0,In-Store
507,107,2090,2023-07-26,1,65.0,Online
508,106,2090,2023-08-05,2,80.0,In-Store
509,106,2090,2023-08-11,1,40.0,In-Store
510,112,2090,2024-01-11,2,170.0,In-Store
511,108,2090,2024-02-18,1,55.0,Online
512,119,2090,2024-02-22,1,45.0,Online
513,115,2090,2024-04-03,2,260.0,In-Store
514,102,2090,2024-04-23,1,75.0,In-Store
515,104,2090,2024-05-30,1,120.0,In-Store
516,112,2090,2024-09-02,1,85.0,Online
517,114,2090,2024-12-19,1,150.0,In-Store
518,113,2091,2023-03-18,1,180.0,In-Store
519,113,2091,2023-10-01,1,180.0,In-Store
520,113,2091,2023-11-25,1,180.0,Online
521,113,2091,2024-05-25,1,180.0,In-Store
522,115,2091,2024-06-17,1,130.0,Online
523,115,2091,2024-09-11,1,130.0,Online
524,110,2092,2023-10-17,1,110.0,Online
525,107,2092,2023-11-03,1,65.0,Online
526,118,2092,2023-11-21,2,120.0,In-Store
527,111,2092,2023-12-01,1,35.0,In-Store
528,111,2092,2024-01-11,2,70.0,In-Store
529,107,2092,2024-03-12,1,65.0,In-Store
530,113,2092,2024-04-08,1,180.0,In-Store
531,105,2092,2024-05-14,2,45.0,In-Store
532,109,2092,2024-08-11,1,30.0,In-Store
533,106,2092,2024-08-25,2,80.0,In-Store
534,109,2092,2024-10-26,2,60.0,Online
535,108,2093,2024-06-04,3,165.0,Online
536,108,2093,2024-06-07,2,110.0,Online
537,116,2093,2024-06-30,1,20.0,Online
538,109,2093,2024-07-08,2,60.0,In-Store
539,116,2094,2023-04-04,1,20.0,In-Store
540,117,2094,2023-06-12,1,18.0,In-Store
541,112,2094,2023-07-20,1,85.0,Online
542,106,2095,2023-05-25,1,40.0,Online
543,118,2095,2023-10-04,2,120.0,Online
544,101,2095,2024-06-26,1,25.0,Online
545,116,2095,2024-12-29,1,20.0,Online
546,109,2096,2023-12-22,2,60.0,Online
547,119,2096,2024-03-08,1,45.0,In-Store
548,106,2097,2023-03-10,1,40.0,In-Store
549,114,2097,2023-03-21,1,150.0,Online
550,108,2097,2023-05-06,1,55.0,In-Store
551,110,2097,2023-06-22,1,110.0,In-Store
552,110,2097,2023-06-30,1,110.0,In-Store
553,110,2097,2023-08-03,1,110.0,In-Store
554,105,2097,2023-11-12,1,22.5,Online
555,106,2097,2023-12-03,1,40.0,Online
556,106,2097,2024-01-06,1,40.0,In-Store
557,104,2097,2024-01-09,1,120.0,In-Store
558,102,2097,2024-03-17,1,75.0,In-Store
559,106,2097,2024-03-30,2,80.0,In-Store
560,109,2097,2024-05-08,1,30.0,In-Store
561,105,2097,2024-06-06,1,22.5,Online
562,107,2097,2024-07-06,2,130.0,In-Store
563,108,2097,2024-07-28,1,55.0,In-Store
564,110,2097,2024-10-31,1,110.0,In-Store
565,117,2097,2024-12-08,1,18.0,In-Store
566,110,2097,2024-12-31,1,110.0,In-Store
567,114,2098,2024-07-24,1,150.0,In-Store
568,113,2099,2024-03-14,2,360.0,In-Store
569,107,2099,2024-05-22,1,65.0,In-Store
570,104,2099,2024-05-27,2,240.0,In-Store
571,107,2099,2024-07-06,1,65.0,In-Store
572,107,2099,2024-07-16,2,130.0,In-Store
573,110,2099,2024-08-26,2,220.0,In-Store
574,111,2099,2024-11-09,2,70.0,In-Store
575,109,2099,2024-12-05,1,30.0,In-Store
576,104,2100,2024-12-20,1,120.0,In-Store
577,114,2101,2023-01-29,1,150.0,In-Store
578,115,2101,2023-04-02,1,130.0,Online
579,113,2101,2023-04-22,1,180.0,In-Store
580,113,2101,2023-05-10,1,180.0,Online
581,114,2101,2023-05-26,1,150.0,In-Store
582,114,2101,2023-06-12,1,150.0,Online
583,113,2101,2023-06-15,1,180.0,Online
584,114,2101,2023-06-23,1,150.0,In-Store
585,113,2101,2023-06-29,1,180.0,Online
586,114,2101,2023-07-30,1,150.0,In-Store
587,113,2101,2023-09-02,1,180.0,In-Store
588,113,2101,2023-12-14,2,360.0,In-Store
589,115,2101,2024-02-27,2,260.0,Online
590,113,2101,2024-09-03,1,180.0,In-Store
591,113,2101,2024-09-13,2,360.0,Online
592,113,2101,2024-09-26,1,180.0,In-Store
593,113,2101,2024-11-15,1,180.0,In-Store
594,113,2101,2024-12-06,1,180.0,Online
595,120,2102,2023-01-23,1,15.0,Online
596,101,2102,2023-01-29,1,25.0,In-Store
597,107,2102,2023-04-24,3,195.0,In-Store
598,106,2102,2023-05-03,1,40.0,Online
599,119,2102,2023-09-09,1,45.0,Online
600,106,2102,2023-09-13,1,40.0,Online
601,110,2102,2023-12-23,2,220.0,Online
602,102,2102,2023-12-26,1,75.0,Online
603,120,2102,2024-01-01,3,45.0,Online
604,109,2102,2024-02-11,1,30.0,Online
605,116,2102,2024-03-15,2,40.0,Online
606,101,2102,2024-07-23,2,50.0,Online
607,110,2102,2024-09-29,1,110.0,Online
608,108,2103,2024-08-14,2,110.0,In-Store
609,113,2104,2023-05-07,1,180.0,In-Store
610,113,2104,2023-09-30,1,180.0,Online
611,110,2104,2024-09-23,1,110.0,Online
612,101,2105,2023-01-17,1,25.0,Online
613,101,2105,2023-02-25,1,25.0,Online
614,103,2105,2023-04-24,1,30.0,Online
615,116,2105,2023-06-03,2,40.0,Online
616,117,2105,2023-06-25,2,36.0,Online
617,119,2105,2023-09-22,3,135.0,Online
618,120,2105,2023-09-25,1,15.0,In-Store
619,116,2105,2023-11-15,2,40.0,Online
620,109,2105,2023-12-29,2,60.0,Online
621,117,2105,2024-01-18,4,72.0,In-Store
622,111,2106,2023-11-03,1,35.0,In-Store
623,102,2106,2024-07-30,1,75.0,Online
624,108,2106,2024-12-29,1,55.0,In-Store
625,109,2107,2023-03-31,1,30.0,In-Store
626,117,2108,2023-02-20,3,54.0,Online
627,105,2108,2023-07-27,2,45.0,In-Store
628,120,2108,2023-08-30,1,15.0,Online
629,120,2108,2023-12-02,2,30.0,Online
630,106,2108,2023-12-29,2,80.0,Online
631,106,2108,2024-05-03,2,80.0,Online
632,120,2108,2024-11-01,2,30.0,Online
633,102,2108,2024-11-11,2,150.0,Online
634,116,2108,2024-11-20,1,20.0,Online
635,117,2108,2024-12-03,1,18.0,In-Store
636,111,2108,2024-12-15,1,35.0,In-Store
637,103,2108,2024-12-24,1,30.0,Online
638,111,2109,2023-01-02,1,35.0,Online
639,106,2109,2023-04-14,2,80.0,Online
640,120,2109,2023-04-26,1,15.0,Online
641,117,2109,2023-05-23,2,36.0,Online
642,120,2109,2023-07-13,2,30.0,Online
643,107,2109,2024-02-18,3,195.0,Online
644,106,2109,2024-04-25,1,40.0,Online
645,116,2109,2024-07-06,3,60.0,Online
646,106,2109,2024-07-21,1,40.0,Online
647,101,2109,2024-08-08,2,50.0,Online
648,120,2109,2024-09-10,1,15.0,In-Store
649,101,2109,2024-10-25,2,50.0,Online
650,114,2110,2023-04-24,1,150.0,In-Store
651,116,2110,2023-06-03,1,20.0,In-Store
652,108,2110,2023-07-11,2,110.0,In-Store
653,103,2110,2023-07-28,1,30.0,In-Store
654,112,2110,2023-09-01,2,170.0,In-Store
655,103,2110,2023-10-29,1,30.0,In-Store
656,101,2110,2023-11-08,1,25.0,In-Store
657,107,2110,2023-12-04,2,130.0,In-Store
658,113,2110,2023-12-30,1,180.0,In-Store
659,107,2110,2024-02-07,1,65.0,In-Store
660,101,2110,2024-02-20,1,25.0,In-Store
661,101,2110,2024-03-07,1,25.0,Online
662,113,2110,2024-05-24,1,180.0,In-Store
663,108,2110,2024-08-21,1,55.0,In-Store
664,107,2110,2024-10-20,1,65.0,In-Store
665,101,2110,2024-12-20,1,25.0,In-Store
666,113,2111,2024-12-12,2,360.0,In-Store
667,115,2112,2024-02-18,1,130.0,In-Store
668,108,2112,2024-03-29,1,55.0,In-Store
669,102,2112,2024-08-20,1,75.0,Online
670,102,2112,2024-09-29,2,150.0,In-Store
671,116,2112,2024-10-06,1,20.0,Online
672,111,2112,2024-11-08,1,35.0,In-Store
673,109,2112,2024-12-13,2,60.0,In-Store
674,104,2113,2023-03-21,1,120.0,In-Store
675,113,2113,2023-04-22,1,180.0,In-Store
676,110,2113,2023-06-05,1,110.0,In-Store
677,108,2113,2023-11-13,1,55.0,In-Store
678,116,2113,2024-01-31,3,60.0,In-Store
679,115,2113,2024-03-19,1,130.0,In-Store
680,108,2113,2024-05-08,1,55.0,In-Store
681,120,2113,2024-08-03,1,15.0,In-Store
682,112,2113,2024-12-03,1,85.0,In-Store
683,106,2114,2023-03-15,2,80.0,In-Store
684,106,2114,2023-08-18,1,40.0,Online
685,101,2114,2023-09-26,1,25.0,Online
686,101,2114,2023-12-28,1,25.0,In-Store
687,103,2115,2023-03-03,1,30.0,In-Store
688,106,2115,2023-03-14,1,40.0,Online
689,111,2115,2023-03-23,2,70.0,In-Store
690,105,2115,2023-04-04,2,45.0,Online
691,116,2115,2023-06-10,1,20.0,Online
692,103,2115,2023-06-11,1,30.0,Online
693,101,2115,2023-07-25,2,50.0,Online
694,102,2115,2023-07-27,3,225.0,In-Store
695,102,2115,2023-08-28,1,75.0,Online
696,120,2115,2023-09-07,1,15.0,Online
697,106,2115,2023-12-29,2,80.0,Online
698,116,2115,2024-03-25,2,40.0,In-Store
699,107,2115,2024-04-30,1,65.0,Online
700,108,2115,2024-05-20,2,110.0,Online
701,105,2115,2024-07-21,2,45.0,Online
702,103,2115,2024-10-21,1,30.0,Online
703,101,2115,2024-11-29,2,50.0,Online
704,118,2117,2023-04-20,1,60.0,Online
705,110,2117,2023-05-05,1,110.0,In-Store
706,107,2117,2023-05-11,1,65.0,In-Store
707,101,2117,2023-06-12,1,25.0,In-Store
708,106,2117,2024-02-12,3,120.0,In-Store
709,103,2117,2024-03-22,1,30.0,In-Store
710,116,2117,2024-09-14,2,40.0,In-Store
711,119,2117,2024-09-15,1,45.0,In-Store
712,112,2117,2024-09-20,1,85.0,In-Store
713,115,2117,2024-09-23,2,260.0,In-Store
714,104,2117,2024-12-14,1,120.0,In-Store
715,114,2117,2024-12-29,1,150.0,In-Store
716,115,2117,2024-12-31,2,260.0,In-Store
717,109,2118,2023-05-29,1,30.0,In-Store
718,119,2118,2024-04-13,1,45.0,Online
719,108,2120,2023-04-03,1,55.0,In-Store
720,111,2120,2023-08-30,1,35.0,Online
721,106,2120,2023-11-20,2,80.0,In-Store
722,109,2120,2024-09-09,2,60.0,In-Store
723,110,2120,2024-12-25,1,110.0,In-Store
724,113,2121,2023-01-21,1,180.0,In-Store
725,114,2121,2023-07-06,1,150.0,Online
726,114,2121,2023-09-25,1,150.0,Online
727,115,2121,2024-04-11,1,130.0,Online
728,104,2121,2024-04-29,1,120.0,Online
729,115,2121,2024-04-30,1,130.0,Online
730,114,2121,2024-11-17,1,150.0,In-Store
731,107,2122,2023-02-27,1,65.0,Online
732,116,2122,2023-03-13,1,20.0,Online
733,102,2122,2023-05-27,1,75.0,Online
734,108,2122,2023-06-30,1,55.0,Online
735,117,2122,2023-11-29,1,18.0,In-Store
736,117,2122,2023-12-26,1,18.0,Online
737,107,2122,2024-05-27,1,65.0,Online
738,109,2122,2024-07-25,1,30.0,Online
739,120,2122,2024-12-22,3,45.0,Online
740,115,2123,2024-12-25,2,260.0,In-Store
741,115,2123,2024-12-27,1,130.0,Online
742,105,2124,2023-01-31,1,22.5,In-Store
743,114,2124,2023-04-16,1,150.0,In-Store
744,110,2124,2023-05-28,1,110.0,In-Store
745,111,2124,2023-06-16,1,35.0,In-Store
746,110,2124,2023-09-17,1,110.0,Online
747,120,2125,2024-08-15,1,15.0,Online
748,117,2125,2024-12-09,1,18.0,Online
749,113,2126,2023-02-04,1,180.0,Online
750,109,2126,2023-02-14,1,30.0,In-Store
751,103,2126,2023-02-17,2,60.0,In-Store
752,109,2127,2023-03-07,2,60.0,In-Store
753,101,2127,2023-03-31,1,25.0,In-Store
754,106,2127,2024-05-07,1,40.0,In-Store
755,108,2127,2024-10-12,1,55.0,In-Store
756,119,2127,2024-11-05,1,45.0,In-Store
757,106,2128,2023-03-28,1,40.0,In-Store
758,106,2128,2023-06-29,1,40.0,Online
759,116,2128,2023-07-29,1,20.0,Online
760,116,2128,2023-09-12,2,40.0,Online
761,101,2128,2024-01-03,1,25.0,Online
762,116,2128,2024-04-03,1,20.0,Online
763,116,2128,2024-04-09,1,20.0,Online
764,106,2128,2024-04-15,2,80.0,Online
765,117,2128,2024-06-29,1,18.0,Online
766,106,2128,2024-08-27,3,120.0,Online
767,106,2128,2024-08-31,3,120.0,Online
768,116,2128,2024-09-06,1,20.0,Online
769,106,2128,2024-09-19,1,40.0,Online
770,109,2128,2024-10-02,1,30.0,Online
771,103,2128,2024-10-27,1,30.0,Online
772,106,2128,2024-11-24,2,80.0,Online
773,102,2128,2024-12-02,2,150.0,Online
774,107,2129,2023-10-28,2,130.0,In-Store
775,103,2129,2023-12-23,2,60.0,In-Store
776,113,2129,2024-11-06,1,180.0,In-Store
777,105,2130,2024-06-24,2,45.0,Online
778,118,2130,2024-07-24,1,60.0,Online
779,115,2131,2023-01-20,1,130.0,In-Store
780,107,2131,2023-06-19,2,130.0,In-Store
781,104,2131,2023-07-31,1,120.0,In-Store
782,117,2131,2023-11-03,1,18.0,In-Store
783,114,2131,2023-12-12,1,150.0,In-Store
784,102,2131,2024-03-30,2,150.0,Online
785,101,2131,2024-07-04,2,50.0,In-Store
786,102,2131,2024-08-30,1,75.0,Online
787,109,2132,2023-01-30,1,30.0,In-Store
788,114,2132,2023-06-18,1,150.0,In-Store
789,118,2132,2023-11-14,1,60.0,In-Store
790,107,2132,2023-12-25,1,65.0,In-Store
791,115,2132,2024-02-13,1,130.0,In-Store
792,110,2132,2024-02-23,1,110.0,In-Store
793,113,2133,2023-01-06,1,180.0,Online
794,113,2133,2023-05-28,1,180.0,Online
795,115,2133,2024-12-18,1,130.0,Online
796,101,2134,2023-10-15,1,25.0,In-Store
797,116,2134,2024-11-05,1,20.0,Online
798,119,2134,2024-12-11,1,45.0,Online
799,105,2135,2024-06-29,1,22.5,Online
800,116,2135,2024-08-03,1,20.0,In-Store
801,106,2137,2023-10-20,2,80.0,In-Store
802,113,2137,2023-12-21,2,360.0,In-Store
803,115,2137,2024-01-24,1,130.0,Online
804,113,2137,2024-02-05,1,180.0,Online
805,113,2137,2024-06-17,1,180.0,Online
806,115,2137,2024-08-03,1,130.0,In-Store
807,113,2137,2024-11-05,1,180.0,In-Store
808,114,2137,2024-12-17,1,150.0,Online
809,102,2138,2023-05-27,1,75.0,In-Store
810,114,2138,2023-06-13,1,150.0,In-Store
811,114,2138,2023-10-11,1,150.0,In-Store
812,114,2138,2023-10-12,1,150.0,Online
813,114,2138,2023-11-05,1,150.0,In-Store
814,110,2138,2023-11-12,2,220.0,In-Store
815,107,2138,2024-01-15,1,65.0,In-Store
816,103,2138,2024-01-16,1,30.0,In-Store
817,102,2138,2024-02-03,2,150.0,In-Store
818,112,2138,2024-02-24,2,170.0,In-Store
819,116,2138,2024-03-11,1,20.0,In-Store
820,112,2138,2024-05-08,1,85.0,In-Store
821,119,2138,2024-06-11,1,45.0,In-Store
822,116,2138,2024-07-03,1,20.0,In-Store
823,115,2138,2024-08-11,1,130.0,In-Store
824,102,2138,2024-09-14,1,75.0,In-Store
825,115,2138,2024-10-08,1,130.0,In-Store
826,108,2138,2024-12-01,3,165.0,In-Store
827,120,2139,2023-01-18,1,15.0,Online
828,102,2139,2023-05-04,1,75.0,In-Store
829,118,2140,2023-02-19,1,60.0,In-Store
830,114,2141,2023-08-28,1,150.0,In-Store
831,113,2141,2024-11-29,1,180.0,In-Store
832,120,2142,2023-07-21,2,30.0,Online
833,109,2142,2024-01-29,1,30.0,Online
834,112,2145,2023-05-01,1,85.0,In-Store
835,112,2145,2023-09-13,1,85.0,In-Store
836,107,2145,2023-11-17,2,130.0,In-Store
837,116,2145,2024-03-07,1,20.0,In-Store
838,119,2145,2024-03-26,1,45.0,In-Store
839,102,2145,2024-05-01,2,150.0,In-Store
840,101,2145,2024-05-27,1,25.0,Online
841,104,2145,2024-06-18,1,120.0,In-Store
842,108,2145,2024-07-08,1,55.0,In-Store
843,108,2145,2024-07-29,1,55.0,In-Store
844,103,2145,2024-08-02,1,30.0,In-Store
845,107,2145,2024-11-27,2,130.0,Online
846,120,2146,2024-09-06,1,15.0,Online
847,106,2146,2024-11-03,1,40.0,Online
848,109,2146,2024-11-08,2,60.0,Online
849,112,2147,2023-05-03,1,85.0,Online
850,106,2147,2023-05-11,3,120.0,Online
851,106,2147,2023-10-23,1,40.0,In-Store
852,117,2147,2023-12-31,1,18.0,Online
853,105,2147,2024-02-03,1,22.5,Online
854,111,2147,2024-02-05,1,35.0,Online
855,116,2147,2024-02-10,1,20.0,In-Store
856,120,2147,2024-05-14,3,45.0,Online
857,105,2147,2024-06-22,1,22.5,Online
858,108,2147,2024-07-11,3,165.0,Online
859,104,2148,2024-10-29,1,120.0,Online
860,113,2148,2024-11-14,1,180.0,Online
861,113,2148,2024-12-16,1,180.0,In-Store
862,102,2149,2023-03-15,1,75.0,Online
863,117,2149,2023-04-26,1,18.0,In-Store
864,101,2149,2023-05-05,1,25.0,Online
865,120,2150,2024-08-29,1,15.0,In-Store
866,117,2150,2024-09-29,2,36.0,Online
867,112,2150,2024-10-28,1,85.0,Online
868,113,2151,2024-07-22,1,180.0,Online
869,113,2151,2024-09-20,1,180.0,In-Store
870,114,2151,2024-11-24,1,150.0,In-Store
871,107,2152,2023-01-26,1,65.0,In-Store
872,101,2152,2023-08-01,2,50.0,In-Store
873,105,2152,2024-02-15,1,22.5,In-Store
874,106,2152,2024-03-30,1,40.0,In-Store
875,113,2152,2024-07-17,1,180.0,In-Store
876,115,2152,2024-12-05,1,130.0,Online
877,107,2152,2024-12-08,2,130.0,In-Store
878,116,2153,2024-03-21,2,40.0,In-Store
879,103,2153,2024-03-28,1,30.0,Online
880,103,2153,2024-04-17,2,60.0,Online
881,117,2153,2024-05-02,3,54.0,Online
882,109,2153,2024-05-20,3,90.0,Online
883,101,2153,2024-05-27,1,25.0,In-Store
884,107,2153,2024-09-06,3,195.0,Online
885,106,2153,2024-12-02,1,40.0,Online
886,106,2153,2024-12-16,2,80.0,Online
887,101,2153,2024-12-25,1,25.0,Online
888,101,2154,2023-04-01,1,25.0,In-Store
889,113,2154,2023-04-15,2,360.0,Online
890,113,2154,2023-04-22,1,180.0,Online
891,112,2154,2023-08-06,1,85.0,Online
892,102,2154,2023-11-03,2,150.0,In-Store
893,101,2155,2023-05-27,3,75.0,In-Store
894,101,2155,2023-11-14,2,50.0,Online
895,106,2155,2024-09-03,1,40.0,Online
896,108,2155,2024-09-20,1,55.0,Online
897,116,2155,2024-10-26,2,40.0,Online
898,119,2155,2024-11-09,1,45.0,In-Store
899,106,2155,2024-12-10,1,40.0,Online
900,101,2155,2024-12-24,2,50.0,Online
901,102,2155,2024-12-28,2,150.0,Online
902,107,2156,2023-01-24,3,195.0,Online
903,102,2156,2023-06-15,2,150.0,In-Store
904,119,2157,2023-02-11,1,45.0,In-Store
905,108,2157,2023-07-12,1,55.0,In-Store
906,105,2157,2023-11-13,2,45.0,Online
907,107,2157,2024-01-21,1,65.0,In-Store
908,113,2158,2024-03-28,2,360.0,In-Store
909,113,2158,2024-09-11,1,180.0,In-Store
910,113,2158,2024-10-19,1,180.0,In-Store
911,114,2158,2024-11-03,1,150.0,In-Store
912,113,2158,2024-12-21,2,360.0,Online
913,105,2159,2023-11-29,1,22.5,Online
914,110,2160,2023-02-12,1,110.0,Online
915,106,2160,2023-09-13,1,40.0,In-Store
916,110,2160,2023-10-12,1,110.0,Online
917,115,2160,2024-01-27,1,130.0,In-Store
918,115,2160,2024-02-16,3,390.0,In-Store
919,115,2161,2023-03-28,1,130.0,In-Store
920,113,2161,2023-07-27,1,180.0,Online
921,113,2161,2023-08-05,1,180.0,In-Store
922,114,2161,2023-09-02,1,150.0,Online
923,114,2161,2023-11-16,1,150.0,In-Store
924,113,2161,2023-11-27,1,180.0,Online
925,113,2161,2023-12-04,1,180.0,In-Store
926,113,2161,2023-12-20,1,180.0,Online
927,105,2161,2024-01-27,1,22.5,Online
928,104,2161,2024-02-22,1,120.0,In-Store
929,113,2161,2024-04-07,1,180.0,Online
930,114,2161,2024-04-29,1,150.0,In-Store
931,113,2161,2024-07-27,1,180.0,In-Store
932,113,2161,2024-08-25,1,180.0,In-Store
933,104,2161,2024-09-16,1,120.0,In-Store
934,113,2162,2023-02-07,2,360.0,In-Store
935,110,2162,2023-03-17,1,110.0,Online
936,113,2162,2023-04-28,1,180.0,Online
937,114,2162,2023-07-23,1,150.0,In-Store
938,113,2162,2023-09-20,1,180.0,In-Store
939,113,2162,2024-07-11,2,360.0,Online
940,104,2162,2024-12-14,1,120.0,In-Store
941,114,2163,2023-05-16,1,150.0,In-Store
942,113,2163,2024-04-16,2,360.0,Online
943,119,2163,2024-05-20,1,45.0,In-Store
944,113,2163,2024-07-28,1,180.0,In-Store
945,113,2163,2024-09-20,1,180.0,Online
946,114,2163,2024-10-27,1,150.0,In-Store
947,115,2164,2023-03-03,2,260.0,In-Store
948,106,2164,2023-10-24,1,40.0,Online
949,111,2164,2023-11-16,1,35.0,In-Store
950,115,2164,2024-07-20,2,260.0,In-Store
951,119,2165,2024-07-15,2,90.0,Online
952,118,2166,2023-05-04,2,120.0,Online
953,108,2166,2024-05-26,2,110.0,Online
954,102,2167,2023-01-04,1,75.0,Online
955,101,2167,2023-02-10,1,25.0,Online
956,117,2167,2023-02-21,1,18.0,In-Store
957,106,2167,2023-05-09,1,40.0,Online
958,108,2167,2023-06-08,2,110.0,Online
959,117,2167,2023-06-13,2,36.0,Online
960,109,2167,2023-08-11,2,60.0,Online
961,111,2167,2023-08-16,1,35.0,Online
962,112,2167,2023-11-06,1,85.0,Online
963,109,2167,2023-12-22,2,60.0,Online
964,109,2168,2023-02-16,1,30.0,In-Store
965,108,2168,2023-07-31,1,55.0,In-Store
966,113,2168,2023-09-10,1,180.0,Online
967,102,2168,2023-11-05,1,75.0,In-Store
968,104,2168,2023-12-25,2,240.0,In-Store
969,104,2168,2023-12-28,1,120.0,Online
970,101,2168,2024-04-09,1,25.0,Online
971,115,2168,2024-08-13,1,130.0,In-Store
972,114,2168,2024-10-18,1,150.0,In-Store
973,107,2168,2024-12-15,1,65.0,In-Store
974,113,2169,2023-03-06,1,180.0,In-Store
975,112,2169,2023-08-13,1,85.0,Online
976,106,2170,2023-06-08,1,40.0,In-Store
977,115,2170,2023-12-21,1,130.0,In-Store
978,114,2170,2024-03-21,2,300.0,In-Store
979,104,2170,2024-04-16,1,120.0,In-Store
980,107,2170,2024-12-27,1,65.0,In-Store
981,107,2171,2023-07-22,2,130.0,Online
982,102,2171,2023-11-02,1,75.0,Online
983,109,2171,2023-12-29,1,30.0,Online
984,117,2171,2024-02-03,1,18.0,Online
985,117,2171,2024-02-08,1,18.0,Online
986,116,2172,2023-01-21,2,40.0,Online
987,120,2172,2023-07-19,1,15.0,In-Store
988,103,2172,2023-12-18,1,30.0,Online
989,107,2172,2024-05-18,1,65.0,In-Store
990,109,2172,2024-06-16,2,60.0,In-Store
991,112,2172,2024-12-10,1,85.0,Online
992,113,2173,2023-01-08,1,180.0,In-Store
993,113,2173,2023-01-13,2,360.0,In-Store
994,113,2173,2023-01-19,1,180.0,Online
995,113,2173,2023-04-10,1,180.0,Online
996,113,2173,2023-05-11,1,180.0,Online
997,113,2173,2023-05-19,1,180.0,In-Store
998,115,2173,2023-07-21,1,130.0,In-Store
999,113,2173,2023-08-22,1,180.0,Online
1000,113,2173,2023-09-03,1,180.0,Online
1001,110,2173,2023-10-04,1,110.0,Online
1002,113,2173,2023-11-22,1,180.0,Online
1003,114,2173,2023-12-31,1,150.0,Online
1004,114,2173,2024-02-17,1,150.0,Online
1005,115,2173,2024-03-15,2,260.0,Online
1006,116,2173,2024-05-02,1,20.0,In-Store
1007,113,2173,2024-07-21,1,180.0,In-Store
1008,115,2173,2024-08-25,1,130.0,Online
1009,113,2173,2024-09-21,1,180.0,In-Store
1010,113,2173,2024-11-09,1,180.0,In-Store
1011,101,2174,2023-08-10,2,50.0,In-Store
1012,117,2174,2023-10-26,1,18.0,In-Store
1013,115,2174,2024-09-05,1,130.0,In-Store
1014,101,2174,2024-12-07,1,25.0,Online
1015,111,2175,2023-03-24,1,35.0,In-Store
1016,119,2175,2023-04-11,1,45.0,Online
1017,101,2175,2023-05-19,1,25.0,Online
1018,109,2175,2023-05-30,1,30.0,Online
1019,108,2175,2023-09-15,2,110.0,Online
1020,120,2175,2023-09-28,1,15.0,In-Store
1021,106,2175,2023-10-22,2,80.0,Online
1022,106,2175,2023-10-30,2,80.0,Online
1023,109,2175,2023-11-05,1,30.0,In-Store
1024,120,2175,2023-11-15,1,15.0,In-Store
1025,119,2175,2023-12-02,1,45.0,Online
1026,108,2175,2024-01-23,2,110.0,Online
1027,106,2175,2024-03-17,1,40.0,Online
1028,104,2176,2023-07-31,1,120.0,Online
1029,113,2176,2023-11-13,1,180.0,In-Store
1030,113,2176,2024-04-24,1,180.0,In-Store
1031,114,2176,2024-05-03,1,150.0,Online
1032,113,2176,2024-05-06,1,180.0,In-Store
1033,113,2176,2024-09-29,2,360.0,In-Store
1034,107,2177,2023-02-04,2,130.0,In-Store
1035,103,2177,2023-09-08,1,30.0,In-Store
1036,105,2177,2023-10-08,1,22.5,In-Store
1037,106,2177,2023-12-14,1,40.0,In-Store
1038,115,2177,2024-01-07,1,130.0,Online
1039,102,2177,2024-02-03,1,75.0,In-Store
1040,101,2177,2024-03-28,3,75.0,In-Store
1041,109,2177,2024-06-12,2,60.0,In-Store
1042,115,2177,2024-07-16,1,130.0,In-Store
1043,107,2177,2024-09-16,2,130.0,In-Store
1044,102,2177,2024-09-27,2,150.0,Online
1045,109,2177,2024-10-08,1,30.0,In-Store
1046,102,2177,2024-10-21,1,75.0,In-Store
1047,107,2178,2023-07-12,2,130.0,In-Store
1048,109,2178,2023-11-01,1,30.0,In-Store
1049,108,2178,2023-11-29,1,55.0,Online
1050,101,2178,2023-12-13,1,25.0,In-Store
1051,107,2178,2024-03-08,1,65.0,In-Store
1052,109,2178,2024-04-03,1,30.0,In-Store
1053,107,2178,2024-09-05,1,65.0,In-Store
1054,108,2180,2023-02-27,2,110.0,Online
1055,109,2180,2023-03-06,1,30.0,Online
1056,119,2180,2023-04-01,1,45.0,In-Store
1057,105,2180,2023-05-01,1,22.5,Online
1058,119,2180,2023-06-01,1,45.0,Online
1059,117,2180,2023-10-22,1,18.0,In-Store
1060,101,2180,2023-12-27,1,25.0,Online
1061,101,2180,2023-12-30,1,25.0,Online
1062,102,2180,2024-03-30,1,75.0,Online
1063,117,2180,2024-06-25,1,18.0,Online
1064,106,2180,2024-12-08,1,40.0,Online
1065,113,2181,2023-05-14,1,180.0,Online
1066,113,2181,2023-09-17,1,180.0,In-Store
1067,112,2181,2024-05-12,1,85.0,In-Store
1068,115,2181,2024-07-09,1,130.0,Online
1069,104,2181,2024-08-09,1,120.0,Online
1070,107,2182,2024-06-06,1,65.0,In-Store
1071,109,2182,2024-06-21,1,30.0,In-Store
1072,103,2182,2024-07-23,1,30.0,In-Store
1073,107,2182,2024-11-24,2,130.0,In-Store
1074,114,2182,2024-11-25,1,150.0,In-Store
1075,113,2182,2024-12-22,2,360.0,In-Store
1076,109,2183,2023-01-19,1,30.0,In-Store
1077,114,2183,2023-02-21,1,150.0,In-Store
1078,101,2183,2023-06-05,1,25.0,In-Store
1079,101,2183,2023-07-17,1,25.0,In-Store
1080,106,2183,2023-08-24,1,40.0,In-Store
1081,110,2183,2023-10-10,2,220.0,In-Store
1082,114,2183,2023-10-13,1,150.0,In-Store
1083,104,2183,2023-10-27,1,120.0,In-Store
1084,108,2183,2023-11-16,2,110.0,In-Store
1085,120,2184,2023-12-10,1,15.0,In-Store
1086,111,2184,2024-02-19,4,140.0,In-Store
1087,108,2184,2024-10-06,1,55.0,In-Store
1088,102,2184,2024-11-13,1,75.0,In-Store
1089,113,2185,2023-01-01,1,180.0,In-Store
1090,114,2185,2023-04-19,1,150.0,In-Store
1091,113,2185,2023-04-24,1,180.0,Online
1092,113,2185,2023-11-07,1,180.0,Online
1093,117,2186,2023-06-21,1,18.0,Online
1094,112,2186,2023-11-19,1,85.0,In-Store
1095,117,2186,2024-01-01,1,18.0,Online
1096,117,2187,2024-05-30,2,36.0,Online
1097,107,2187,2024-06-27,1,65.0,Online
1098,103,2187,2024-07-30,2,60.0,Online
1099,106,2187,2024-08-20,1,40.0,Online
1100,101,2187,2024-09-13,1,25.0,Online
1101,110,2187,2024-12-02,1,110.0,Online
1102,103,2187,2024-12-12,1,30.0,In-Store
1103,102,2188,2023-01-14,1,75.0,Online
1104,113,2188,2023-05-13,1,180.0,Online
1105,113,2188,2023-09-21,1,180.0,Online
1106,113,2188,2023-12-07,1,180.0,In-Store
1107,104,2188,2024-03-11,1,120.0,Online
1108,114,2188,2024-03-12,1,150.0,Online
1109,113,2188,2024-05-07,1,180.0,Online
1110,115,2188,2024-11-09,1,130.0,Online
1111,113,2188,2024-12-13,1,180.0,In-Store
1112,104,2189,2023-02-26,1,120.0,In-Store
1113,114,2189,2023-03-17,1,150.0,In-Store
1114,114,2189,2023-04-13,1,150.0,In-Store
1115,114,2189,2023-05-31,1,150.0,Online
1116,113,2189,2023-11-06,1,180.0,In-Store
1117,113,2189,2023-11-08,2,360.0,Online
1118,114,2189,2023-11-21,2,300.0,In-Store
1119,114,2189,2023-12-01,1,150.0,Online
1120,114,2189,2024-02-20,1,150.0,In-Store
1121,113,2189,2024-06-12,1,180.0,Online
1122,114,2189,2024-06-14,1,150.0,Online
1123,113,2189,2024-07-30,1,180.0,In-Store
1124,113,2189,2024-09-03,1,180.0,In-Store
1125,113,2189,2024-10-22,2,360.0,Online
1126,115,2189,2024-11-25,2,260.0,In-Store
1127,111,2191,2023-04-10,1,35.0,Online
1128,116,2192,2023-07-17,3,60.0,Online
1129,101,2192,2023-08-02,2,50.0,Online
1130,116,2192,2023-09-05,3,60.0,Online
1131,101,2192,2023-09-17,1,25.0,Online
1132,112,2192,2023-11-14,1,85.0,Online
1133,108,2192,2023-11-19,2,110.0,Online
1134,109,2192,2023-12-10,1,30.0,Online
1135,106,2192,2023-12-22,1,40.0,In-Store
1136,108,2192,2023-12-25,1,55.0,Online
1137,105,2192,2023-12-29,2,45.0,Online
1138,109,2192,2024-01-03,2,60.0,Online
1139,119,2192,2024-01-13,2,90.0,Online
1140,120,2192,2024-01-22,2,30.0,Online
1141,101,2192,2024-02-03,1,25.0,Online
1142,105,2192,2024-02-14,3,67.5,Online
1143,102,2192,2024-03-11,2,150.0,Online
1144,116,2192,2024-03-30,1,20.0,Online
1145,112,2192,2024-04-06,2,170.0,Online
1146,103,2192,2024-04-27,1,30.0,Online
1147,120,2192,2024-05-18,1,15.0,Online
1148,110,2192,2024-05-21,1,110.0,Online
1149,117,2192,2024-05-25,2,36.0,Online
1150,109,2192,2024-06-03,3,90.0,Online
1151,108,2192,2024-06-05,2,110.0,Online
1152,106,2193,2023-04-22,1,40.0,In-Store
1153,107,2193,2024-04-06,1,65.0,In-Store
1154,102,2193,2024-04-30,1,75.0,In-Store
1155,111,2193,2024-05-10,1,35.0,In-Store
1156,114,2193,2024-05-14,2,300.0,Online
1157,108,2193,2024-08-16,1,55.0,Online
1158,113,2193,2024-08-18,2,360.0,In-Store
1159,114,2194,2023-03-03,1,150.0,Online
1160,107,2194,2023-07-14,1,65.0,In-Store
1161,102,2194,2023-07-27,2,150.0,In-Store
1162,101,2194,2023-11-19,1,25.0,In-Store
1163,111,2194,2024-01-01,1,35.0,In-Store
1164,109,2194,2024-02-17,1,30.0,In-Store
1165,114,2195,2023-01-19,1,150.0,Online
1166,113,2195,2023-01-28,1,180.0,In-Store
1167,113,2195,2023-07-16,1,180.0,In-Store
1168,108,2196,2024-06-03,2,110.0,Online
1169,108,2196,2024-06-10,2,110.0,In-Store
1170,115,2196,2024-09-01,1,130.0,In-Store
1171,112,2196,2024-11-21,1,85.0,In-Store
1172,112,2196,2024-12-02,1,85.0,In-Store
1173,120,2197,2024-07-21,2,30.0,Online
1174,107,2197,2024-10-15,1,65.0,Online
1175,117,2198,2023-05-20,1,18.0,Online
1176,117,2198,2023-11-05,1,18.0,In-Store
1177,109,2198,2023-11-18,2,60.0,Online
1178,117,2198,2023-12-22,2,36.0,Online
1179,111,2198,2023-12-27,1,35.0,In-Store
1180,110,2199,2024-07-26,1,110.0,In-Store
1181,110,2200,2023-06-17,1,110.0,Online
1182,113,2200,2024-04-30,1,180.0,Online
1183,113,2200,2024-09-01,1,180.0,Online
1184,112,2201,2024-03-16,1,85.0,In-Store
1185,113,2201,2024-04-16,1,180.0,In-Store
1186,113,2201,2024-07-05,1,180.0,In-Store
1187,109,2202,2023-03-15,1,30.0,Online
1188,114,2202,2023-06-03,2,300.0,Online
1189,113,2202,2023-07-21,1,180.0,In-Store
1190,113,2202,2023-09-28,1,180.0,In-Store
1191,102,2202,2023-11-25,1,75.0,In-Store
1192,107,2202,2024-02-11,1,65.0,Online
1193,103,2202,2024-11-30,1,30.0,Online
1194,105,2203,2024-01-24,2,45.0,Online
1195,111,2203,2024-06-26,2,70.0,Online
1196,101,2203,2024-09-15,1,25.0,Online
1197,101,2203,2024-11-14,1,25.0,Online
1198,119,2203,2024-11-29,1,45.0,Online
1199,106,2203,2024-12-24,2,80.0,Online
1200,108,2203,2024-12-31,3,165.0,Online
1201,117,2204,2023-05-12,3,54.0,Online
1202,109,2204,2023-06-21,1,30.0,In-Store
1203,109,2204,2023-11-16,1,30.0,In-Store
1204,109,2204,2023-12-11,1,30.0,In-Store
1205,108,2204,2023-12-22,1,55.0,In-Store
1206,117,2204,2024-01-23,1,18.0,In-Store
1207,119,2204,2024-03-24,1,45.0,In-Store
1208,113,2204,2024-08-29,2,360.0,In-Store
1209,106,2204,2024-09-28,3,120.0,Online
1210,115,2204,2024-12-09,1,130.0,In-Store
1211,114,2205,2023-12-31,1,150.0,Online
1212,110,2205,2024-04-01,1,110.0,In-Store
1213,104,2205,2024-04-28,1,120.0,Online
1214,102,2206,2023-07-07,1,75.0,Online
1215,118,2206,2024-05-19,1,60.0,Online
1216,111,2206,2024-06-21,3,105.0,In-Store
1217,117,2206,2024-12-04,1,18.0,Online
1218,104,2207,2023-11-30,1,120.0,In-Store
1219,117,2207,2024-03-12,2,36.0,In-Store
1220,101,2207,2024-05-28,1,25.0,In-Store
1221,109,2207,2024-05-30,1,30.0,In-Store
1222,108,2207,2024-12-19,3,165.0,Online
1223,120,2208,2023-06-17,1,15.0,Online
1224,110,2208,2023-12-23,1,110.0,In-Store
1225,113,2209,2023-02-17,1,180.0,In-Store
1226,113,2209,2023-09-05,1,180.0,In-Store
1227,115,2209,2023-09-21,1,130.0,In-Store
1228,113,2209,2023-09-29,1,180.0,Online
1229,113,2209,2023-10-08,1,180.0,In-Store
1230,113,2209,2023-11-07,1,180.0,In-Store
1231,115,2209,2023-12-27,2,260.0,Online
1232,113,2209,2024-01-18,1,180.0,In-Store
1233,109,2209,2024-02-03,1,30.0,In-Store
1234,114,2209,2024-07-20,1,150.0,Online
1235,104,2209,2024-11-02,1,120.0,Online
1236,117,2210,2023-04-21,1,18.0,In-Store
1237,117,2212,2023-02-09,1,18.0,Online
1238,101,2212,2023-04-04,1,25.0,Online
1239,109,2212,2023-04-08,1,30.0,Online
1240,117,2212,2023-04-26,3,54.0,In-Store
1241,103,2212,2023-05-06,2,60.0,Online
1242,117,2212,2023-06-03,1,18.0,Online
1243,111,2212,2024-02-26,2,70.0,Online
1244,105,2212,2024-06-15,2,45.0,In-Store
1245,105,2212,2024-07-09,2,45.0,Online
1246,105,2212,2024-07-16,2,45.0,Online
1247,103,2212,2024-07-19,1,30.0,Online
1248,103,2212,2024-08-31,1,30.0,Online
1249,112,2212,2024-09-20,2,170.0,Online
1250,109,2212,2024-09-23,2,60.0,Online
1251,107,2212,2024-09-27,1,65.0,Online
1252,105,2212,2024-12-01,2,45.0,Online
1253,109,2212,2024-12-10,1,30.0,In-Store
1254,102,2213,2023-01-20,1,75.0,In-Store
1255,102,2213,2023-02-16,2,150.0,In-Store
1256,104,2213,2023-03-14,1,120.0,In-Store
1257,101,2213,2023-12-24,1,25.0,In-Store
1258,114,2213,2024-06-10,1,150.0,In-Store
1259,109,2214,2023-11-24,1,30.0,In-Store
1260,108,2214,2023-12-10,2,110.0,In-Store
1261,107,2214,2023-12-17,1,65.0,Online
1262,102,2214,2023-12-20,1,75.0,In-Store
1263,101,2214,2024-01-07,1,25.0,Online
1264,107,2214,2024-04-20,1,65.0,In-Store
1265,113,2214,2024-09-19,2,360.0,In-Store
1266,115,2214,2024-09-30,3,390.0,In-Store
1267,102,2214,2024-11-18,1,75.0,Online
1268,113,2214,2024-12-01,1,180.0,In-Store
1269,109,2215,2023-09-17,1,30.0,In-Store
1270,119,2215,2023-12-20,1,45.0,In-Store
1271,102,2215,2024-06-28,1,75.0,In-Store
1272,102,2215,2024-09-15,1,75.0,Online
1273,107,2215,2024-12-12,2,130.0,In-Store
1274,101,2216,2023-06-29,1,25.0,Online
1275,113,2217,2023-02-25,1,180.0,In-Store
1276,113,2217,2023-05-31,1,180.0,Online
1277,114,2217,2023-07-22,1,150.0,In-Store
1278,113,2217,2023-07-27,1,180.0,Online
1279,104,2217,2023-10-07,1,120.0,In-Store
1280,112,2217,2024-10-30,1,85.0,In-Store
1281,113,2217,2024-11-07,1,180.0,In-Store
1282,113,2217,2024-12-11,1,180.0,Online
1283,115,2217,2024-12-31,1,130.0,Online
1284,101,2218,2023-03-23,1,25.0,Online
1285,117,2218,2024-04-08,1,18.0,Online
1286,119,2218,2024-04-15,1,45.0,Online
1287,101,2218,2024-08-02,1,25.0,In-Store
1288,105,2219,2023-04-20,1,22.5,In-Store
1289,119,2219,2023-07-26,1,45.0,Online
1290,116,2219,2024-11-13,1,20.0,Online
1291,116,2219,2024-11-17,1,20.0,Online
1292,104,2219,2024-12-02,1,120.0,Online
1293,110,2220,2023-10-19,1,110.0,In-Store
1294,104,2220,2023-11-05,1,120.0,In-Store
1295,103,2220,2023-11-13,2,60.0,In-Store
1296,102,2220,2023-11-16,1,75.0,In-Store
1297,107,2220,2023-12-05,2,130.0,In-Store
1298,102,2220,2024-03-05,2,150.0,In-Store
1299,109,2220,2024-04-08,1,30.0,In-Store
1300,109,2220,2024-05-08,1,30.0,In-Store
1301,101,2220,2024-06-03,1,25.0,In-Store
1302,119,2220,2024-10-07,1,45.0,In-Store
1303,102,2220,2024-11-22,1,75.0,Online
1304,120,2221,2023-06-27,2,30.0,Online
1305,108,2221,2023-11-13,1,55.0,Online
1306,113,2222,2023-12-23,1,180.0,Online
1307,113,2222,2024-01-27,1,180.0,Online
1308,113,2222,2024-04-20,1,180.0,In-Store
1309,115,2222,2024-05-02,1,130.0,In-Store
1310,113,2222,2024-07-06,1,180.0,In-Store
1311,114,2222,2024-07-16,1,150.0,Online
1312,115,2222,2024-12-25,1,130.0,Online
1313,104,2222,2024-12-28,2,240.0,In-Store
1314,114,2223,2023-01-31,1,150.0,Online
1315,113,2223,2023-02-16,1,180.0,Online
1316,113,2223,2023-02-19,2,360.0,Online
1317,114,2223,2023-04-13,1,150.0,Online
1318,113,2223,2023-05-07,2,360.0,In-Store
1319,113,2223,2023-05-30,1,180.0,Online
1320,114,2223,2023-06-08,1,150.0,Online
1321,113,2223,2023-08-27,1,180.0,In-Store
1322,113,2223,2023-10-19,1,180.0,In-Store
1323,113,2223,2023-11-07,1,180.0,Online
1324,114,2223,2024-04-29,2,300.0,Online
1325,114,2223,2024-05-17,1,150.0,Online
1326,114,2223,2024-06-15,2,300.0,In-Store
1327,110,2223,2024-10-26,1,110.0,Online
1328,116,2224,2023-03-06,1,20.0,Online
1329,117,2224,2023-05-14,1,18.0,In-Store
1330,105,2224,2023-10-03,1,22.5,Online
1331,112,2224,2024-05-10,2,170.0,Online
1332,105,2225,2023-06-18,2,45.0,Online
1333,103,2225,2023-09-01,1,30.0,In-Store
1334,103,2226,2023-04-10,2,60.0,Online
1335,106,2226,2023-06-15,1,40.0,Online
1336,120,2226,2023-09-21,2,30.0,In-Store
1337,101,2226,2023-11-17,2,50.0,Online
1338,102,2226,2023-12-03,3,225.0,Online
1339,116,2226,2023-12-15,2,40.0,Online
1340,111,2226,2024-01-19,3,105.0,Online
1341,102,2226,2024-02-12,2,150.0,Online
1342,101,2226,2024-03-27,1,25.0,Online
1343,106,2226,2024-06-23,1,40.0,Online
1344,117,2226,2024-07-23,1,18.0,In-Store
1345,116,2226,2024-08-02,2,40.0,Online
1346,119,2226,2024-11-14,2,90.0,Online
1347,118,2226,2024-11-16,1,60.0,Online
1348,117,2226,2024-11-18,2,36.0,Online
1349,107,2226,2024-12-21,2,130.0,Online
1350,102,2227,2023-08-22,1,75.0,Online
1351,111,2228,2023-06-09,1,35.0,In-Store
1352,113,2228,2023-10-07,1,180.0,In-Store
1353,108,2228,2023-10-24,2,110.0,In-Store
1354,102,2228,2024-04-26,1,75.0,Online
1355,117,2228,2024-05-08,1,18.0,In-Store
1356,114,2228,2024-06-24,1,150.0,In-Store
1357,114,2228,2024-07-27,1,150.0,In-Store
1358,114,2228,2024-07-28,3,450.0,In-Store
1359,114,2228,2024-08-12,1,150.0,In-Store
1360,113,2228,2024-08-16,2,360.0,In-Store
1361,115,2228,2024-08-27,1,130.0,In-Store
1362,102,2228,2024-11-02,1,75.0,In-Store
1363,104,2228,2024-12-10,1,120.0,In-Store
1364,106,2228,2024-12-26,1,40.0,Online
1365,118,2229,2024-03-01,1,60.0,In-Store
1366,106,2229,2024-04-04,1,40.0,Online
1367,114,2230,2023-05-25,1,150.0,In-Store
1368,113,2230,2023-05-31,1,180.0,Online
1369,102,2230,2024-03-14,1,75.0,Online
1370,107,2231,2023-04-19,1,65.0,Online
1371,106,2231,2023-05-04,2,80.0,Online
1372,106,2231,2023-09-17,2,80.0,Online
1373,108,2231,2023-12-23,2,110.0,Online
1374,111,2231,2024-03-25,1,35.0,In-Store
1375,101,2231,2024-06-05,1,25.0,In-Store
1376,115,2232,2023-03-16,1,130.0,In-Store
1377,107,2232,2023-03-22,1,65.0,In-Store
1378,102,2232,2023-07-16,1,75.0,In-Store
1379,115,2232,2023-07-27,1,130.0,In-Store
1380,110,2232,2023-09-09,1,110.0,In-Store
1381,103,2232,2023-12-05,1,30.0,In-Store
1382,102,2232,2023-12-17,1,75.0,Online
1383,107,2232,2024-01-17,2,130.0,In-Store
1384,104,2232,2024-01-29,3,360.0,In-Store
1385,115,2232,2024-02-02,1,130.0,In-Store
1386,120,2232,2024-03-11,1,15.0,In-Store
1387,120,2232,2024-04-13,2,30.0,In-Store
1388,115,2232,2024-07-27,1,130.0,In-Store
1389,112,2232,2024-08-15,1,85.0,In-Store
1390,107,2232,2024-08-22,1,65.0,In-Store
1391,101,2232,2024-09-07,1,25.0,In-Store
1392,102,2232,2024-10-28,1,75.0,In-Store
1393,105,2233,2023-09-11,1,22.5,Online
1394,102,2233,2024-03-29,2,150.0,Online
1395,116,2233,2024-07-15,2,40.0,In-Store
1396,105,2233,2024-08-16,1,22.5,Online
1397,116,2233,2024-11-18,2,40.0,In-Store
1398,113,2234,2023-01-08,1,180.0,Online
1399,115,2234,2023-03-24,1,130.0,Online
1400,107,2234,2023-10-10,1,65.0,Online
1401,103,2234,2024-07-06,1,30.0,Online
1402,113,2234,2024-12-21,2,360.0,Online
1403,110,2235,2024-08-18,1,110.0,In-Store
1404,110,2235,2024-09-17,1,110.0,In-Store
1405,104,2236,2023-01-05,2,240.0,Online
1406,107,2236,2023-03-14,1,65.0,Online
1407,106,2236,2023-03-27,1,40.0,Online
1408,109,2236,2023-06-13,1,30.0,Online
1409,103,2236,2023-07-29,2,60.0,Online
1410,117,2236,2023-09-03,1,18.0,Online
1411,120,2236,2023-09-23,1,15.0,In-Store
1412,117,2236,2023-11-14,3,54.0,Online
1413,105,2236,2023-11-19,1,22.5,In-Store
1414,108,2236,2023-12-20,1,55.0,Online
1415,102,2236,2024-03-04,2,150.0,Online
1416,106,2236,2024-04-20,2,80.0,Online
1417,108,2236,2024-06-14,2,110.0,In-Store
1418,109,2236,2024-08-02,1,30.0,Online
1419,107,2236,2024-08-05,1,65.0,Online
1420,113,2237,2023-08-11,1,180.0,Online
1421,113,2237,2023-12-27,1,180.0,In-Store
1422,113,2237,2024-11-21,1,180.0,In-Store
1423,105,2238,2024-11-22,1,22.5,In-Store
1424,113,2239,2024-03-04,1,180.0,In-Store
1425,113,2239,2024-07-31,1,180.0,Online
1426,101,2240,2024-06-21,1,25.0,In-Store
1427,102,2240,2024-07-01,1,75.0,In-Store
1428,116,2240,2024-11-19,2,40.0,In-Store
1429,109,2240,2024-12-17,1,30.0,In-Store
1430,101,2241,2024-05-30,1,25.0,Online
1431,103,2242,2023-05-31,2,60.0,Online
1432,120,2243,2023-01-07,3,45.0,In-Store
1433,117,2243,2023-03-04,1,18.0,Online
1434,111,2243,2023-05-17,1,35.0,Online
1435,119,2243,2023-08-27,1,45.0,Online
1436,111,2243,2024-08-09,2,70.0,Online
1437,116,2243,2024-10-11,3,60.0,Online
1438,106,2244,2023-12-07,1,40.0,Online
1439,113,2244,2024-02-24,1,180.0,In-Store
1440,113,2244,2024-03-23,1,180.0,In-Store
1441,113,2244,2024-06-18,1,180.0,Online
1442,114,2244,2024-09-12,1,150.0,Online
1443,115,2244,2024-11-13,1,130.0,Online
1444,101,2245,2023-02-08,1,25.0,Online
1445,116,2245,2023-02-12,3,60.0,Online
1446,112,2245,2023-03-27,1,85.0,Online
1447,105,2245,2023-05-07,1,22.5,Online
1448,102,2245,2023-09-05,1,75.0,Online
1449,109,2245,2023-10-11,1,30.0,Online
1450,116,2245,2023-10-16,1,20.0,In-Store
1451,109,2245,2023-12-01,2,60.0,Online
1452,117,2245,2023-12-10,1,18.0,In-Store
1453,103,2245,2024-02-10,1,30.0,In-Store
1454,117,2245,2024-03-06,1,18.0,Online
1455,110,2245,2024-08-26,1,110.0,Online
1456,116,2245,2024-11-17,1,20.0,Online
1457,111,2246,2024-03-11,1,35.0,Online
1458,103,2246,2024-06-08,1,30.0,In-Store
1459,102,2246,2024-07-15,2,150.0,In-Store
1460,107,2246,2024-07-31,2,130.0,In-Store
1461,102,2246,2024-09-26,1,75.0,In-Store
1462,114,2246,2024-11-15,1,150.0,In-Store
1463,111,2247,2023-01-20,1,35.0,Online
1464,107,2247,2023-01-21,2,130.0,In-Store
1465,102,2247,2023-07-27,2,150.0,Online
1466,107,2247,2024-01-10,1,65.0,In-Store
1467,113,2247,2024-01-30,1,180.0,In-Store
1468,105,2247,2024-02-27,1,22.5,In-Store
1469,114,2247,2024-03-24,1,150.0,In-Store
1470,113,2248,2023-06-14,1,180.0,Online
1471,115,2248,2023-10-24,2,260.0,In-Store
1472,113,2248,2023-11-29,1,180.0,Online
1473,114,2248,2024-08-02,1,150.0,In-Store
1474,113,2248,2024-09-08,1,180.0,In-Store
1475,113,2248,2024-12-13,1,180.0,In-Store
1476,114,2248,2024-12-24,1,150.0,In-Store
1477,104,2248,2024-12-31,1,120.0,Online
1478,110,2250,2023-05-01,2,220.0,Online
1479,103,2250,2023-05-09,2,60.0,Online
1480,113,2251,2023-08-03,1,180.0,Online
1481,113,2251,2023-08-14,1,180.0,In-Store
1482,115,2251,2023-12-23,1,130.0,Online
1483,113,2251,2024-08-11,1,180.0,Online
1484,104,2251,2024-12-27,1,120.0,In-Store
1485,114,2252,2023-03-13,1,150.0,In-Store
1486,106,2252,2023-03-18,1,40.0,In-Store
1487,107,2252,2023-05-28,1,65.0,In-Store
1488,101,2252,2023-07-18,1,25.0,In-Store
1489,101,2252,2023-07-25,2,50.0,In-Store
1490,109,2252,2023-09-26,1,30.0,In-Store
1491,109,2252,2023-11-06,2,60.0,Online
1492,120,2252,2023-12-20,1,15.0,In-Store
1493,108,2252,2024-02-14,1,55.0,In-Store
1494,113,2252,2024-05-01,1,180.0,In-Store
1495,115,2252,2024-06-06,1,130.0,In-Store
1496,107,2252,2024-10-13,2,130.0,In-Store
1497,120,2252,2024-10-27,1,15.0,In-Store
1498,102,2252,2024-11-14,2,150.0,In-Store
1499,107,2252,2024-12-03,1,65.0,In-Store
1500,117,2252,2024-12-11,1,18.0,Online
1501,105,2253,2023-06-28,1,22.5,In-Store
1502,119,2253,2023-11-25,2,90.0,In-Store
1503,101,2253,2023-12-15,1,25.0,Online
1504,118,2253,2023-12-26,1,60.0,Online
1505,106,2253,2024-02-13,1,40.0,Online
1506,114,2254,2024-01-13,1,150.0,In-Store
1507,113,2254,2024-04-08,1,180.0,Online
1508,106,2254,2024-04-30,1,40.0,In-Store
1509,103,2254,2024-06-23,3,90.0,In-Store
1510,107,2254,2024-07-02,1,65.0,In-Store
1511,108,2254,2024-08-19,1,55.0,In-Store
1512,110,2254,2024-08-23,1,110.0,In-Store
1513,108,2254,2024-11-20,1,55.0,In-Store
1514,101,2254,2024-12-25,3,75.0,Online
1515,114,2255,2023-05-31,2,300.0,Online
1516,104,2255,2023-06-12,1,120.0,In-Store
1517,113,2255,2023-10-02,1,180.0,In-Store
1518,113,2255,2023-11-10,1,180.0,In-Store
1519,113,2255,2023-11-17,1,180.0,In-Store
1520,113,2255,2023-11-26,1,180.0,In-Store
1521,115,2255,2023-12-11,1,130.0,Online
1522,114,2255,2024-08-17,1,150.0,Online
1523,115,2255,2024-11-10,1,130.0,In-Store
1524,104,2255,2024-12-13,1,120.0,Online
1525,102,2255,2024-12-22,1,75.0,Online
1526,113,2255,2024-12-25,1,180.0,Online
1527,103,2256,2023-09-13,1,30.0,Online
1528,116,2257,2023-06-17,1,20.0,Online
1529,101,2257,2023-07-01,2,50.0,Online
1530,103,2257,2023-07-02,2,60.0,Online
1531,116,2257,2023-07-03,1,20.0,Online
1532,106,2257,2023-07-08,1,40.0,Online
1533,119,2257,2023-08-01,1,45.0,Online
1534,107,2257,2023-10-17,2,130.0,Online
1535,120,2257,2023-10-25,1,15.0,Online
1536,111,2257,2023-11-09,1,35.0,Online
1537,109,2257,2023-11-14,1,30.0,Online
1538,101,2257,2023-12-10,3,75.0,Online
1539,111,2257,2024-01-03,2,70.0,Online
1540,106,2257,2024-03-02,1,40.0,Online
1541,117,2257,2024-10-09,1,18.0,In-Store
1542,108,2257,2024-10-19,1,55.0,In-Store
1543,118,2257,2024-11-24,1,60.0,Online
1544,103,2257,2024-12-09,1,30.0,Online
1545,111,2257,2024-12-29,3,105.0,Online
1546,113,2258,2023-03-01,1,180.0,Online
1547,113,2258,2023-04-16,1,180.0,Online
1548,113,2258,2023-05-01,1,180.0,Online
1549,113,2258,2023-08-08,1,180.0,Online
1550,113,2258,2023-09-13,1,180.0,In-Store
1551,113,2258,2023-09-14,1,180.0,In-Store
1552,114,2258,2024-03-18,2,300.0,Online
1553,114,2258,2024-04-12,1,150.0,In-Store
1554,107,2258,2024-06-22,1,65.0,In-Store
1555,113,2258,2024-07-14,1,180.0,In-Store
1556,113,2258,2024-09-13,1,180.0,Online
1557,115,2260,2024-07-27,1,130.0,In-Store
1558,113,2260,2024-10-25,1,180.0,In-Store
1559,109,2261,2023-12-29,1,30.0,Online
1560,113,2262,2023-12-29,1,180.0,In-Store
1561,113,2263,2023-05-18,2,360.0,Online
1562,114,2263,2023-07-30,1,150.0,In-Store
1563,114,2263,2023-10-13,1,150.0,In-Store
1564,113,2263,2024-07-25,1,180.0,In-Store
1565,114,2263,2024-11-21,1,150.0,In-Store
1566,101,2264,2023-04-14,2,50.0,In-Store
1567,112,2265,2023-05-28,1,85.0,In-Store
1568,114,2265,2023-09-05,1,150.0,Online
1569,114,2265,2023-09-21,1,150.0,Online
1570,114,2265,2023-11-13,1,150.0,Online
1571,113,2265,2023-11-16,1,180.0,In-Store
1572,113,2265,2024-03-24,1,180.0,Online
1573,102,2265,2024-07-20,1,75.0,Online
1574,115,2265,2024-08-25,1,130.0,Online
1575,113,2265,2024-09-17,1,180.0,In-Store
1576,113,2266,2024-08-24,1,180.0,Online
1577,106,2267,2023-03-02,1,40.0,In-Store
1578,104,2267,2023-04-27,1,120.0,In-Store
1579,102,2267,2023-10-27,3,225.0,In-Store
1580,107,2267,2023-12-22,1,65.0,In-Store
1581,101,2267,2024-01-12,1,25.0,In-Store
1582,104,2267,2024-03-04,1,120.0,In-Store
1583,106,2267,2024-10-02,1,40.0,Online
1584,105,2268,2024-05-01,2,45.0,Online
1585,106,2268,2024-05-06,3,120.0,In-Store
1586,120,2268,2024-09-18,1,15.0,Online
1587,120,2268,2024-09-23,1,15.0,Online
1588,105,2268,2024-11-08,2,45.0,Online
1589,120,2268,2024-11-18,2,30.0,Online
1590,109,2268,2024-12-15,1,30.0,In-Store
1591,113,2269,2024-07-20,1,180.0,Online
1592,113,2269,2024-07-30,1,180.0,Online
1593,115,2269,2024-11-16,1,130.0,In-Store
1594,113,2269,2024-11-28,1,180.0,Online
1595,113,2269,2024-12-30,1,180.0,Online
1596,109,2270,2023-01-06,1,30.0,Online
1597,104,2270,2023-03-05,1,120.0,In-Store
1598,106,2270,2023-04-21,1,40.0,Online
1599,106,2270,2023-05-14,1,40.0,In-Store
1600,109,2270,2023-10-15,1,30.0,Online
1601,112,2270,2023-11-13,1,85.0,In-Store
1602,108,2270,2023-11-25,1,55.0,In-Store
1603,106,2270,2023-12-24,2,80.0,In-Store
1604,107,2270,2024-01-15,1,65.0,In-Store
1605,109,2270,2024-04-09,1,30.0,In-Store
1606,104,2270,2024-05-03,2,240.0,Online
1607,102,2270,2024-11-25,1,75.0,In-Store
1608,101,2270,2024-12-28,1,25.0,In-Store
1609,120,2271,2023-02-12,1,15.0,Online
1610,119,2271,2023-04-22,3,135.0,In-Store
1611,105,2271,2023-06-02,1,22.5,Online
1612,109,2271,2023-08-19,2,60.0,Online
1613,111,2271,2023-09-30,1,35.0,Online
1614,118,2271,2023-10-26,1,60.0,Online
1615,101,2271,2023-12-09,4,100.0,Online
1616,107,2271,2023-12-21,2,130.0,In-Store
1617,116,2271,2024-02-03,3,60.0,Online
1618,102,2271,2024-03-21,2,150.0,Online
1619,108,2271,2024-06-13,1,55.0,Online
1620,106,2271,2024-07-11,2,80.0,Online
1621,101,2271,2024-07-12,2,50.0,Online
1622,101,2271,2024-07-26,1,25.0,Online
1623,111,2271,2024-08-12,1,35.0,Online
1624,111,2271,2024-08-23,1,35.0,Online
1625,107,2271,2024-09-28,2,130.0,Online
1626,105,2271,2024-10-08,3,67.5,Online
1627,117,2271,2024-11-05,2,36.0,Online
1628,108,2271,2024-12-30,1,55.0,Online
1629,102,2272,2023-05-06,2,150.0,In-Store
1630,106,2272,2023-05-24,1,40.0,In-Store
1631,107,2272,2023-12-01,1,65.0,In-Store
1632,115,2272,2024-05-12,1,130.0,Online
1633,103,2272,2024-06-05,2,60.0,In-Store
1634,101,2272,2024-12-25,3,75.0,In-Store
1635,103,2273,2023-10-05,1,30.0,In-Store
1636,119,2273,2023-11-18,1,45.0,In-Store
1637,112,2273,2024-02-03,1,85.0,In-Store
1638,110,2273,2024-07-16,1,110.0,Online
1639,108,2273,2024-11-27,1,55.0,In-Store
1640,118,2273,2024-12-31,1,60.0,In-Store
1641,116,2274,2023-05-27,1,20.0,In-Store
1642,111,2274,2024-02-04,1,35.0,Online
1643,112,2274,2024-05-14,2,170.0,In-Store
1644,115,2275,2023-03-17,1,130.0,In-Store
1645,104,2275,2023-04-28,1,120.0,In-Store
1646,113,2275,2023-05-03,2,360.0,In-Store
1647,107,2275,2023-08-31,2,130.0,In-Store
1648,115,2275,2023-10-12,1,130.0,In-Store
1649,120,2275,2023-11-10,1,15.0,In-Store
1650,116,2275,2023-11-22,1,20.0,In-Store
1651,106,2275,2023-12-08,1,40.0,In-Store
1652,114,2275,2023-12-13,2,300.0,In-Store
1653,110,2275,2024-02-29,1,110.0,Online
1654,109,2275,2024-03-11,2,60.0,In-Store
1655,108,2275,2024-03-15,1,55.0,In-Store
1656,101,2275,2024-04-08,1,25.0,In-Store
1657,107,2275,2024-07-13,1,65.0,In-Store
1658,102,2275,2024-09-08,1,75.0,In-Store
1659,107,2275,2024-09-21,1,65.0,Online
1660,106,2275,2024-10-25,1,40.0,In-Store
1661,107,2275,2024-11-21,2,130.0,Online
1662,109,2276,2024-06-24,1,30.0,In-Store
1663,120,2276,2024-08-06,2,30.0,In-Store
1664,113,2276,2024-11-19,1,180.0,In-Store
1665,107,2277,2023-07-21,2,130.0,Online
1666,101,2277,2023-12-27,2,50.0,Online
1667,107,2277,2024-02-09,1,65.0,Online
1668,111,2277,2024-02-16,3,105.0,Online
1669,118,2277,2024-03-09,4,240.0,Online
1670,109,2277,2024-05-24,2,60.0,Online
1671,120,2277,2024-05-25,1,15.0,Online
1672,116,2277,2024-07-04,2,40.0,Online
1673,106,2277,2024-09-23,1,40.0,Online
1674,109,2277,2024-11-08,2,60.0,Online
1675,109,2277,2024-12-17,1,30.0,Online
1676,104,2278,2023-02-08,1,120.0,Online
1677,114,2278,2023-02-16,1,150.0,In-Store
1678,110,2278,2023-05-29,1,110.0,Online
1679,114,2278,2023-06-28,1,150.0,Online
1680,113,2278,2023-08-26,1,180.0,In-Store
1681,113,2278,2023-10-27,1,180.0,Online
1682,104,2278,2023-11-24,1,120.0,Online
1683,114,2278,2023-12-14,2,300.0,In-Store
1684,113,2278,2024-01-04,1,180.0,In-Store
1685,106,2278,2024-03-18,1,40.0,In-Store
1686,114,2278,2024-04-25,1,150.0,In-Store
1687,119,2279,2023-04-15,2,90.0,Online
1688,117,2279,2023-05-20,2,36.0,Online
1689,109,2279,2023-07-09,1,30.0,Online
1690,102,2279,2023-07-11,2,150.0,Online
1691,109,2279,2023-07-30,1,30.0,Online
1692,117,2279,2023-11-22,4,72.0,Online
1693,102,2279,2024-01-20,1,75.0,In-Store
1694,104,2279,2024-03-20,2,240.0,Online
1695,111,2279,2024-07-24,1,35.0,Online
1696,109,2279,2024-07-25,2,60.0,Online
1697,119,2279,2024-08-09,1,45.0,Online
1698,109,2279,2024-12-02,1,30.0,Online
1699,101,2280,2023-01-12,2,50.0,Online
1700,118,2280,2023-02-05,2,120.0,Online
1701,106,2280,2023-04-13,1,40.0,Online
1702,108,2280,2023-04-27,1,55.0,Online
1703,111,2282,2023-01-13,3,105.0,Online
1704,107,2282,2023-04-26,1,65.0,Online
1705,103,2282,2023-05-18,1,30.0,Online
1706,106,2282,2023-07-29,2,80.0,Online
1707,118,2282,2023-08-10,2,120.0,Online
1708,102,2282,2023-09-10,1,75.0,Online
1709,101,2282,2023-09-26,3,75.0,Online
1710,103,2282,2023-10-07,1,30.0,Online
1711,112,2283,2023-10-25,2,170.0,Online
1712,115,2283,2023-11-11,1,130.0,In-Store
1713,115,2283,2023-11-30,1,130.0,Online
1714,118,2283,2023-12-04,1,60.0,In-Store
1715,110,2283,2023-12-13,2,220.0,Online
1716,109,2283,2023-12-14,1,30.0,In-Store
1717,101,2283,2023-12-15,2,50.0,Online
1718,112,2283,2023-12-22,1,85.0,Online
1719,106,2283,2023-12-27,1,40.0,In-Store
1720,105,2283,2024-01-20,2,45.0,In-Store
1721,103,2283,2024-02-17,1,30.0,In-Store
1722,114,2284,2023-05-29,1,150.0,Online
1723,114,2284,2023-12-10,1,150.0,In-Store
1724,116,2285,2023-10-27,1,20.0,Online
1725,106,2285,2024-04-20,1,40.0,In-Store
1726,116,2285,2024-07-01,1,20.0,In-Store
1727,104,2286,2023-01-05,2,240.0,Online
1728,113,2286,2023-06-05,1,180.0,In-Store
1729,115,2286,2023-08-10,1,130.0,In-Store
1730,113,2286,2023-08-26,1,180.0,Online
1731,115,2286,2024-04-05,1,130.0,In-Store
1732,113,2286,2024-06-27,1,180.0,Online
1733,113,2286,2024-11-01,1,180.0,In-Store
1734,113,2286,2024-12-06,1,180.0,Online
1735,120,2287,2024-02-03,1,15.0,Online
1736,108,2287,2024-02-15,1,55.0,Online
1737,107,2287,2024-02-23,1,65.0,Online
1738,107,2287,2024-03-01,1,65.0,Online
1739,108,2287,2024-05-23,1,55.0,Online
1740,101,2287,2024-06-09,1,25.0,Online
1741,111,2287,2024-07-29,1,35.0,Online
1742,103,2287,2024-10-18,1,30.0,Online
1743,101,2287,2024-11-11,1,25.0,Online
1744,119,2287,2024-11-20,1,45.0,In-Store
1745,119,2287,2024-12-09,2,90.0,Online
1746,101,2287,2024-12-31,1,25.0,Online
1747,113,2288,2023-07-24,1,180.0,Online
1748,104,2288,2023-10-14,1,120.0,Online
1749,104,2288,2023-11-02,1,120.0,In-Store
1750,114,2289,2023-01-17,1,150.0,In-Store
1751,114,2289,2023-01-28,3,450.0,In-Store
1752,114,2289,2023-05-07,2,300.0,In-Store
1753,107,2289,2023-05-09,2,130.0,In-Store
1754,101,2289,2023-05-24,1,25.0,Online
1755,112,2289,2023-08-02,1,85.0,In-Store
1756,106,2289,2023-11-08,1,40.0,In-Store
1757,106,2289,2023-12-13,1,40.0,In-Store
1758,107,2289,2023-12-17,2,130.0,In-Store
1759,102,2289,2024-05-02,1,75.0,In-Store
1760,114,2289,2024-07-20,1,150.0,In-Store
1761,118,2289,2024-07-29,1,60.0,In-Store
1762,115,2289,2024-12-16,1,130.0,In-Store
1763,111,2289,2024-12-29,2,70.0,In-Store
1764,104,2291,2023-09-09,1,120.0,Online
1765,109,2291,2023-10-16,3,90.0,In-Store
1766,109,2291,2023-10-28,2,60.0,In-Store
1767,111,2291,2024-01-21,1,35.0,Online
1768,106,2291,2024-03-14,1,40.0,Online
1769,105,2291,2024-04-06,2,45.0,Online
1770,116,2291,2024-05-17,1,20.0,Online
1771,120,2291,2024-10-16,2,30.0,Online
1772,108,2291,2024-10-30,2,110.0,Online
1773,109,2291,2024-11-07,2,60.0,Online
1774,106,2292,2023-02-01,1,40.0,Online
1775,116,2292,2023-02-27,1,20.0,Online
1776,108,2292,2023-03-05,2,110.0,Online
1777,108,2292,2023-03-10,1,55.0,Online
1778,120,2292,2023-04-24,2,30.0,Online
1779,103,2292,2023-06-23,2,60.0,Online
1780,117,2292,2023-06-24,1,18.0,Online
1781,101,2292,2023-09-14,1,25.0,Online
1782,119,2292,2023-10-05,3,135.0,Online
1783,101,2292,2023-10-22,2,50.0,Online
1784,103,2292,2023-11-11,2,60.0,Online
1785,105,2292,2024-02-01,2,45.0,Online
1786,108,2292,2024-02-04,1,55.0,Online
1787,108,2292,2024-02-25,1,55.0,Online
1788,108,2292,2024-05-23,1,55.0,In-Store
1789,105,2292,2024-06-04,1,22.5,Online
1790,117,2292,2024-06-13,1,18.0,Online
1791,116,2292,2024-07-22,1,20.0,Online
1792,111,2292,2024-09-08,1,35.0,Online
1793,109,2292,2024-10-17,1,30.0,Online
1794,111,2292,2024-10-18,1,35.0,Online
1795,107,2292,2024-11-17,1,65.0,Online
1796,106,2292,2024-12-20,2,80.0,Online
1797,109,2292,2024-12-21,1,30.0,Online
1798,107,2292,2024-12-27,1,65.0,Online
1799,101,2293,2023-02-12,2,50.0,In-Store
1800,103,2293,2023-03-31,1,30.0,In-Store
1801,103,2293,2023-05-09,1,30.0,In-Store
1802,102,2293,2023-06-19,1,75.0,In-Store
1803,113,2293,2024-06-07,1,180.0,In-Store
1804,110,2293,2024-06-22,1,110.0,In-Store
1805,120,2294,2024-08-02,3,45.0,Online
1806,117,2294,2024-11-12,1,18.0,Online
1807,106,2294,2024-11-16,1,40.0,In-Store
1808,119,2295,2023-01-23,1,45.0,Online
1809,107,2295,2023-07-01,2,130.0,In-Store
1810,112,2295,2023-09-03,1,85.0,In-Store
1811,113,2295,2023-11-25,3,540.0,Online
1812,119,2295,2023-12-12,1,45.0,In-Store
1813,114,2295,2024-07-20,1,150.0,In-Store
1814,113,2295,2024-11-18,1,180.0,In-Store
1815,103,2295,2024-12-25,1,30.0,In-Store
1816,106,2296,2023-04-28,1,40.0,In-Store
1817,102,2296,2023-07-13,1,75.0,In-Store
1818,115,2296,2023-08-28,1,130.0,In-Store
1819,102,2296,2023-10-17,1,75.0,In-Store
1820,102,2296,2023-12-08,3,225.0,In-Store
1821,109,2296,2023-12-25,1,30.0,In-Store
1822,106,2296,2023-12-29,1,40.0,In-Store
1823,101,2296,2023-12-30,1,25.0,In-Store
1824,101,2296,2024-02-03,1,25.0,In-Store
1825,107,2296,2024-04-11,1,65.0,In-Store
1826,106,2296,2024-05-22,1,40.0,In-Store
1827,111,2296,2024-12-30,1,35.0,Online
1828,109,2297,2023-05-02,1,30.0,Online
1829,108,2297,2023-05-08,1,55.0,Online
1830,120,2297,2023-05-30,1,15.0,Online
1831,116,2297,2023-06-17,2,40.0,In-Store
1832,111,2297,2023-08-26,1,35.0,Online
1833,117,2297,2023-09-10,1,18.0,Online
1834,119,2297,2023-11-12,2,90.0,Online
1835,111,2297,2023-11-14,1,35.0,Online
1836,105,2297,2023-11-17,3,67.5,In-Store
1837,103,2297,2023-11-22,2,60.0,Online
1838,117,2297,2023-12-24,1,18.0,Online
1839,107,2297,2023-12-26,2,130.0,Online
1840,101,2297,2023-12-27,1,25.0,Online
1841,109,2297,2023-12-30,3,90.0,In-Store
1842,116,2297,2024-01-21,3,60.0,Online
1843,117,2297,2024-02-20,2,36.0,Online
1844,103,2297,2024-03-21,2,60.0,Online
1845,101,2297,2024-05-07,1,25.0,Online
1846,119,2297,2024-05-11,1,45.0,Online
1847,116,2297,2024-06-24,1,20.0,Online
1848,117,2297,2024-07-02,3,54.0,Online
1849,117,2297,2024-07-05,1,18.0,Online
1850,106,2297,2024-07-16,1,40.0,Online
1851,120,2297,2024-08-18,1,15.0,Online
1852,120,2297,2024-09-12,2,30.0,Online
1853,108,2297,2024-09-16,2,110.0,Online
1854,108,2297,2024-11-01,1,55.0,Online
1855,101,2297,2024-11-03,2,50.0,Online
1856,102,2297,2024-12-31,1,75.0,Online
1857,103,2298,2023-01-24,1,30.0,In-Store
1858,108,2298,2023-02-19,1,55.0,In-Store
1859,105,2298,2023-03-25,1,22.5,Online
1860,106,2298,2023-03-29,2,80.0,In-Store
1861,119,2298,2023-04-15,1,45.0,Online
1862,106,2298,2023-04-24,2,80.0,In-Store
1863,120,2298,2023-05-03,3,45.0,Online
1864,117,2298,2023-05-04,3,54.0,Online
1865,120,2298,2023-07-15,1,15.0,Online
1866,108,2298,2023-08-22,2,110.0,Online
1867,120,2298,2023-09-22,3,45.0,Online
1868,103,2298,2023-12-06,1,30.0,Online
1869,107,2298,2023-12-15,1,65.0,Online
1870,103,2298,2023-12-22,1,30.0,Online
1871,116,2298,2024-01-06,2,40.0,Online
1872,109,2298,2024-01-20,1,30.0,Online
1873,117,2298,2024-02-10,3,54.0,Online
1874,101,2298,2024-04-13,4,100.0,Online
1875,106,2298,2024-05-13,1,40.0,Online
1876,107,2298,2024-05-20,1,65.0,Online
1877,101,2298,2024-06-10,2,50.0,Online
1878,111,2298,2024-06-30,1,35.0,Online
1879,106,2298,2024-07-06,1,40.0,Online
1880,109,2298,2024-07-11,1,30.0,Online
1881,111,2298,2024-07-20,2,70.0,Online
1882,101,2298,2024-08-04,1,25.0,Online
1883,101,2298,2024-08-09,1,25.0,Online
1884,116,2298,2024-08-31,1,20.0,Online
1885,116,2298,2024-11-05,2,40.0,Online
1886,116,2298,2024-11-24,2,40.0,Online
1887,107,2298,2024-12-05,2,130.0,In-Store
1888,107,2298,2024-12-13,1,65.0,In-Store
1889,101,2299,2023-12-20,1,25.0,Online
1890,113,2300,2024-02-26,1,180.0,Online
1891,103,2301,2023-08-31,2,60.0,Online
1892,120,2301,2023-09-06,1,15.0,Online
1893,111,2301,2023-10-02,1,35.0,Online
1894,106,2301,2023-11-09,2,80.0,Online
1895,101,2301,2023-11-12,4,100.0,Online
1896,120,2301,2023-12-20,2,30.0,Online
1897,120,2301,2024-04-03,1,15.0,In-Store
1898,107,2303,2023-08-25,1,65.0,Online
1899,102,2303,2023-11-04,2,150.0,Online
1900,113,2305,2023-04-14,1,180.0,In-Store
1901,102,2305,2023-04-18,1,75.0,In-Store
1902,104,2305,2023-05-15,2,240.0,In-Store
1903,102,2305,2023-08-01,1,75.0,In-Store
1904,102,2305,2023-08-28,2,150.0,In-Store
1905,119,2305,2023-09-22,1,45.0,In-Store
1906,113,2305,2023-10-16,1,180.0,In-Store
1907,118,2305,2023-12-28,1,60.0,Online
1908,109,2305,2024-03-04,1,30.0,In-Store
1909,102,2305,2024-03-08,1,75.0,In-Store
1910,102,2305,2024-05-17,2,150.0,In-Store
1911,118,2305,2024-08-07,2,120.0,Online
1912,107,2305,2024-08-31,1,65.0,In-Store
1913,110,2305,2024-09-21,1,110.0,In-Store
1914,114,2305,2024-10-23,1,150.0,In-Store
1915,113,2306,2023-07-28,1,180.0,In-Store
1916,113,2306,2023-09-30,1,180.0,In-Store
1917,110,2306,2023-12-11,1,110.0,Online
1918,113,2306,2024-02-08,1,180.0,Online
1919,114,2306,2024-04-30,1,150.0,In-Store
1920,104,2306,2024-06-10,1,120.0,In-Store
1921,113,2306,2024-07-08,1,180.0,Online
1922,114,2306,2024-10-29,1,150.0,In-Store
1923,113,2306,2024-12-01,1,180.0,Online
1924,114,2306,2024-12-07,1,150.0,In-Store
1925,114,2307,2023-01-02,2,300.0,In-Store
1926,109,2307,2023-01-31,1,30.0,Online
1927,113,2307,2023-03-02,2,360.0,In-Store
1928,113,2307,2023-03-20,1,180.0,In-Store
1929,107,2307,2023-03-31,1,65.0,In-Store
1930,110,2307,2023-06-20,1,110.0,Online
1931,115,2307,2023-07-09,1,130.0,In-Store
1932,108,2307,2023-07-23,2,110.0,In-Store
1933,101,2307,2023-08-17,1,25.0,In-Store
1934,107,2307,2023-08-29,1,65.0,In-Store
1935,110,2307,2023-12-03,1,110.0,In-Store
1936,108,2307,2023-12-06,2,110.0,In-Store
1937,112,2307,2024-02-02,2,170.0,Online
1938,108,2307,2024-02-17,1,55.0,In-Store
1939,118,2307,2024-04-06,1,60.0,In-Store
1940,102,2307,2024-05-12,1,75.0,In-Store
1941,101,2307,2024-07-17,2,50.0,In-Store
1942,113,2307,2024-10-22,1,180.0,Online
1943,106,2307,2024-11-09,1,40.0,In-Store
1944,115,2307,2024-11-19,1,130.0,Online
1945,109,2307,2024-11-23,1,30.0,In-Store
1946,102,2307,2024-12-24,1,75.0,In-Store
1947,119,2308,2024-09-06,1,45.0,Online
1948,117,2308,2024-11-06,1,18.0,Online
1949,113,2309,2023-11-30,1,180.0,In-Store
1950,114,2309,2024-01-23,1,150.0,In-Store
1951,113,2309,2024-03-22,1,180.0,In-Store
1952,114,2309,2024-07-16,1,150.0,In-Store
1953,113,2309,2024-12-09,1,180.0,Online
1954,114,2309,2024-12-18,1,150.0,In-Store
1955,120,2310,2023-05-08,1,15.0,In-Store
1956,119,2310,2023-06-15,1,45.0,In-Store
1957,105,2310,2023-10-26,1,22.5,Online
1958,120,2310,2024-10-12,1,15.0,In-Store
1959,103,2311,2023-05-15,1,30.0,In-Store
1960,111,2312,2023-03-17,1,35.0,In-Store
1961,108,2312,2023-11-12,1,55.0,Online
1962,120,2313,2023-11-23,2,30.0,Online
1963,117,2313,2024-02-20,2,36.0,Online
1964,101,2313,2024-05-12,1,25.0,Online
1965,114,2314,2023-04-25,1,150.0,In-Store
1966,109,2314,2023-06-02,1,30.0,In-Store
1967,107,2314,2023-06-15,1,65.0,In-Store
1968,101,2314,2023-08-14,1,25.0,In-Store
1969,109,2314,2023-10-07,2,60.0,In-Store
1970,109,2314,2023-12-09,1,30.0,In-Store
1971,115,2314,2023-12-19,1,130.0,Online
1972,110,2314,2024-05-23,1,110.0,In-Store
1973,106,2314,2024-05-24,1,40.0,In-Store
1974,103,2314,2024-05-28,1,30.0,In-Store
1975,114,2314,2024-07-03,2,300.0,In-Store
1976,106,2314,2024-08-25,1,40.0,In-Store
1977,115,2314,2024-12-04,1,130.0,In-Store
1978,108,2315,2023-08-26,1,55.0,In-Store
1979,108,2315,2023-09-04,1,55.0,In-Store
1980,103,2316,2023-01-05,1,30.0,Online
1981,105,2316,2023-03-16,2,45.0,Online
1982,107,2316,2023-03-26,3,195.0,Online
1983,118,2316,2023-04-05,1,60.0,Online
1984,117,2316,2023-04-17,1,18.0,Online
1985,111,2316,2023-07-18,2,70.0,Online
1986,103,2316,2023-12-06,2,60.0,Online
1987,106,2316,2023-12-24,1,40.0,In-Store
1988,120,2316,2024-01-15,1,15.0,Online
1989,120,2316,2024-05-20,1,15.0,Online
1990,101,2316,2024-06-10,1,25.0,Online
1991,105,2316,2024-10-20,2,45.0,Online
1992,120,2316,2024-11-07,1,15.0,Online
1993,116,2316,2024-12-19,1,20.0,Online
1994,113,2318,2023-05-16,1,180.0,In-Store
1995,114,2318,2023-05-30,1,150.0,Online
1996,113,2318,2023-06-03,1,180.0,In-Store
1997,113,2318,2023-06-24,1,180.0,In-Store
1998,101,2319,2023-11-23,2,50.0,Online
1999,117,2319,2023-12-10,1,18.0,Online
2000,111,2319,2023-12-11,2,70.0,Online
2001,103,2319,2023-12-26,2,60.0,Online
2002,108,2319,2024-01-04,2,110.0,Online
2003,117,2319,2024-04-11,2,36.0,Online
2004,113,2320,2023-03-02,1,180.0,In-Store
2005,109,2320,2023-04-13,1,30.0,In-Store
2006,113,2320,2023-04-14,1,180.0,In-Store
2007,102,2320,2023-05-09,2,150.0,In-Store
2008,101,2320,2023-07-11,1,25.0,In-Store
2009,111,2320,2023-07-31,1,35.0,In-Store
2010,107,2320,2023-09-05,2,130.0,Online
2011,112,2320,2023-11-06,1,85.0,In-Store
2012,109,2321,2023-09-13,1,30.0,Online
2013,101,2321,2023-11-12,2,50.0,Online
2014,120,2321,2023-11-24,1,15.0,Online
2015,116,2321,2023-12-04,2,40.0,Online
2016,108,2321,2023-12-21,2,110.0,Online
2017,107,2321,2023-12-23,1,65.0,Online
2018,120,2321,2024-02-25,2,30.0,Online
2019,106,2321,2024-03-09,5,200.0,Online
2020,101,2321,2024-05-19,1,25.0,Online
2021,116,2321,2024-06-30,1,20.0,Online
2022,117,2321,2024-08-30,2,36.0,Online
2023,117,2321,2024-11-16,2,36.0,Online
2024,107,2321,2024-12-17,2,130.0,Online
2025,103,2322,2023-06-12,1,30.0,Online
2026,120,2322,2023-10-28,2,30.0,Online
2027,116,2322,2023-11-27,2,40.0,Online
2028,108,2322,2023-12-21,1,55.0,Online
2029,109,2322,2024-02-06,1,30.0,Online
2030,101,2322,2024-03-17,2,50.0,Online
2031,103,2322,2024-08-21,4,120.0,Online
2032,120,2324,2023-02-15,1,15.0,Online
2033,101,2324,2023-02-19,2,50.0,Online
2034,101,2324,2023-03-04,1,25.0,In-Store
2035,105,2324,2023-03-08,2,45.0,Online
2036,107,2324,2023-03-10,2,130.0,Online
2037,105,2324,2023-03-19,1,22.5,Online
2038,110,2324,2023-04-18,3,330.0,Online
2039,117,2324,2023-07-15,3,54.0,Online
2040,109,2324,2023-09-01,1,30.0,In-Store
2041,101,2324,2023-09-02,1,25.0,Online
2042,120,2324,2023-09-04,1,15.0,Online
2043,117,2324,2023-09-15,1,18.0,Online
2044,101,2324,2023-10-03,1,25.0,In-Store
2045,107,2324,2023-11-09,2,130.0,Online
2046,120,2324,2023-11-11,1,15.0,Online
2047,116,2324,2023-11-16,1,20.0,Online
2048,103,2324,2023-11-26,2,60.0,Online
2049,120,2324,2024-01-13,2,30.0,In-Store
2050,108,2324,2024-01-14,1,55.0,Online
2051,108,2324,2024-02-13,1,55.0,Online
2052,108,2324,2024-05-08,3,165.0,Online
2053,116,2324,2024-05-18,1,20.0,Online
2054,101,2324,2024-06-21,4,100.0,Online
2055,101,2324,2024-08-12,1,25.0,In-Store
2056,117,2324,2024-09-13,2,36.0,In-Store
2057,120,2324,2024-10-23,2,30.0,Online
2058,108,2324,2024-12-11,2,110.0,In-Store
2059,102,2324,2024-12-23,1,75.0,Online
2060,106,2325,2023-07-25,3,120.0,Online
2061,109,2325,2023-08-04,1,30.0,Online
2062,106,2325,2023-09-19,1,40.0,Online
2063,109,2325,2023-10-01,1,30.0,In-Store
2064,119,2325,2024-01-30,1,45.0,Online
2065,109,2325,2024-02-07,1,30.0,Online
2066,110,2325,2024-04-20,2,220.0,Online
2067,108,2325,2024-06-25,1,55.0,Online
2068,108,2325,2024-06-27,2,110.0,Online
2069,120,2325,2024-07-06,3,45.0,Online
2070,111,2325,2024-09-07,1,35.0,Online
2071,101,2325,2024-09-13,2,50.0,Online
2072,101,2325,2024-12-11,1,25.0,Online
2073,107,2326,2023-12-07,1,65.0,In-Store
2074,115,2326,2023-12-12,2,260.0,Online
2075,111,2327,2023-02-28,2,70.0,In-Store
2076,120,2327,2023-03-02,1,15.0,In-Store
2077,111,2327,2023-03-16,4,140.0,Online
2078,120,2327,2023-04-18,2,30.0,Online
2079,118,2327,2023-11-01,1,60.0,Online
2080,116,2327,2023-11-04,1,20.0,Online
2081,114,2328,2023-03-14,1,150.0,Online
2082,113,2328,2023-03-22,1,180.0,In-Store
2083,114,2328,2023-07-01,1,150.0,In-Store
2084,113,2328,2023-08-10,1,180.0,Online
2085,114,2328,2023-08-29,1,150.0,Online
2086,113,2328,2023-09-19,1,180.0,Online
2087,113,2328,2023-11-06,1,180.0,Online
2088,113,2328,2024-03-05,1,180.0,In-Store
2089,114,2328,2024-05-04,1,150.0,In-Store
2090,104,2328,2024-06-12,1,120.0,Online
2091,113,2328,2024-11-15,1,180.0,In-Store
2092,104,2328,2024-11-25,1,120.0,Online
2093,113,2328,2024-12-06,1,180.0,In-Store
2094,113,2328,2024-12-30,1,180.0,Online
2095,120,2329,2023-09-04,1,15.0,Online
2096,101,2329,2023-11-03,1,25.0,Online
2097,109,2329,2023-11-23,1,30.0,Online
2098,119,2329,2023-12-13,2,90.0,Online
2099,108,2329,2024-03-19,2,110.0,Online
2100,105,2329,2024-06-10,2,45.0,Online
2101,119,2330,2023-09-12,1,45.0,Online
2102,101,2330,2024-02-16,1,25.0,In-Store
2103,113,2331,2024-12-06,1,180.0,Online
2104,113,2331,2024-12-24,1,180.0,In-Store
2105,109,2332,2023-12-11,2,60.0,Online
2106,112,2333,2024-04-28,1,85.0,Online
2107,106,2333,2024-07-05,2,80.0,In-Store
2108,102,2334,2023-02-24,1,75.0,In-Store
2109,108,2334,2023-03-24,1,55.0,In-Store
2110,108,2334,2023-04-29,2,110.0,In-Store
2111,102,2334,2023-07-04,1,75.0,In-Store
2112,113,2334,2023-08-27,1,180.0,In-Store
2113,113,2334,2023-11-06,1,180.0,In-Store
2114,112,2334,2023-12-02,1,85.0,Online
2115,113,2334,2024-03-02,1,180.0,In-Store
2116,114,2334,2024-06-27,2,300.0,In-Store
2117,119,2334,2024-10-10,1,45.0,In-Store
2118,108,2334,2024-10-12,2,110.0,In-Store
2119,119,2335,2024-01-04,1,45.0,Online
2120,115,2336,2024-10-31,2,260.0,In-Store
2121,102,2336,2024-11-24,1,75.0,In-Store
2122,105,2337,2023-10-09,2,45.0,Online
2123,105,2337,2023-10-15,2,45.0,In-Store
2124,119,2337,2023-12-28,1,45.0,Online
2125,120,2337,2024-01-12,1,15.0,Online
2126,103,2337,2024-01-16,2,60.0,Online
2127,109,2337,2024-01-24,2,60.0,Online
2128,105,2337,2024-03-30,1,22.5,Online
2129,103,2337,2024-04-24,1,30.0,Online
2130,103,2337,2024-05-07,2,60.0,Online
2131,111,2337,2024-06-20,3,105.0,Online
2132,117,2337,2024-06-28,2,36.0,Online
2133,119,2337,2024-07-01,1,45.0,Online
2134,111,2337,2024-07-13,2,70.0,Online
2135,111,2337,2024-07-20,1,35.0,Online
2136,117,2337,2024-09-25,3,54.0,Online
2137,102,2337,2024-10-15,1,75.0,Online
2138,120,2337,2024-10-28,1,15.0,Online
2139,103,2337,2024-11-29,2,60.0,Online
2140,117,2337,2024-12-01,2,36.0,Online
2141,119,2337,2024-12-04,3,135.0,Online
2142,116,2337,2024-12-21,1,20.0,In-Store
2143,112,2338,2023-11-12,1,85.0,In-Store
2144,102,2338,2023-11-27,2,150.0,In-Store
2145,117,2338,2024-03-01,2,36.0,In-Store
2146,110,2338,2024-04-12,1,110.0,In-Store
2147,108,2338,2024-10-25,1,55.0,In-Store
2148,102,2338,2024-11-24,2,150.0,In-Store
2149,108,2338,2024-12-21,1,55.0,Online
2150,109,2339,2024-06-08,2,60.0,In-Store
2151,119,2339,2024-06-19,1,45.0,Online
2152,101,2340,2023-01-20,2,50.0,Online
2153,116,2340,2023-02-07,1,20.0,Online
2154,103,2340,2023-04-11,1,30.0,In-Store
2155,119,2340,2023-04-19,1,45.0,Online
2156,116,2340,2023-05-18,2,40.0,Online
2157,105,2340,2023-07-18,2,45.0,Online
2158,107,2340,2023-09-08,1,65.0,Online
2159,111,2340,2024-04-29,3,105.0,In-Store
2160,105,2340,2024-05-02,2,45.0,In-Store
2161,105,2340,2024-05-04,1,22.5,Online
2162,108,2340,2024-05-07,1,55.0,Online
2163,120,2340,2024-05-09,1,15.0,Online
2164,111,2341,2023-03-26,1,35.0,In-Store
2165,114,2341,2023-09-07,1,150.0,In-Store
2166,104,2341,2023-09-16,1,120.0,Online
2167,105,2341,2023-11-13,1,22.5,In-Store
2168,113,2341,2024-03-05,1,180.0,In-Store
2169,104,2341,2024-09-17,1,120.0,Online
2170,113,2341,2024-11-04,1,180.0,In-Store
2171,105,2342,2023-01-20,1,22.5,Online
2172,120,2342,2023-04-22,3,45.0,Online
2173,104,2342,2023-05-16,1,120.0,Online
2174,117,2342,2023-08-13,2,36.0,Online
2175,106,2342,2023-09-05,1,40.0,Online
2176,106,2342,2023-09-17,2,80.0,Online
2177,107,2342,2023-10-24,1,65.0,Online
2178,116,2342,2023-11-02,1,20.0,Online
2179,105,2342,2023-11-07,2,45.0,In-Store
2180,117,2342,2023-11-28,1,18.0,In-Store
2181,109,2342,2023-12-03,4,120.0,Online
2182,120,2342,2024-04-29,2,30.0,Online
2183,106,2342,2024-05-02,3,120.0,Online
2184,105,2342,2024-05-31,1,22.5,Online
2185,106,2342,2024-07-12,1,40.0,In-Store
2186,101,2342,2024-08-13,1,25.0,Online
2187,116,2342,2024-08-15,1,20.0,Online
2188,110,2342,2024-10-11,1,110.0,Online
2189,111,2342,2024-11-11,1,35.0,Online
2190,111,2342,2024-11-14,4,140.0,Online
2191,105,2342,2024-12-21,1,22.5,Online
2192,105,2343,2023-06-10,1,22.5,Online
2193,118,2343,2023-10-13,3,180.0,Online
2194,107,2344,2023-01-31,1,65.0,In-Store
2195,115,2344,2023-02-12,1,130.0,In-Store
2196,114,2344,2023-08-09,1,150.0,In-Store
2197,106,2344,2023-12-18,1,40.0,Online
2198,109,2344,2023-12-30,1,30.0,In-Store
2199,118,2344,2024-01-28,3,180.0,Online
2200,108,2344,2024-10-13,2,110.0,Online
2201,115,2344,2024-12-07,1,130.0,Online
2202,106,2345,2024-06-03,1,40.0,In-Store
2203,102,2345,2024-11-09,1,75.0,Online
2204,102,2345,2024-11-25,1,75.0,In-Store
2205,101,2346,2023-01-06,1,25.0,Online
2206,108,2346,2023-02-14,2,110.0,Online
2207,116,2346,2023-05-05,1,20.0,Online
2208,103,2346,2023-06-15,2,60.0,In-Store
2209,101,2346,2023-07-18,2,50.0,In-Store
2210,116,2346,2023-09-23,1,20.0,Online
2211,111,2346,2023-11-15,2,70.0,Online
2212,109,2348,2023-05-31,1,30.0,In-Store
2213,105,2348,2023-07-01,1,22.5,In-Store
2214,111,2348,2023-08-24,1,35.0,Online
2215,120,2348,2023-10-21,1,15.0,In-Store
2216,115,2348,2024-05-29,1,130.0,In-Store
2217,105,2348,2024-08-16,1,22.5,In-Store
2218,113,2349,2023-04-17,1,180.0,In-Store
2219,104,2349,2023-05-12,1,120.0,Online
2220,113,2349,2023-09-26,1,180.0,In-Store
2221,114,2349,2024-01-03,1,150.0,In-Store
2222,113,2350,2023-10-21,2,360.0,Online
2223,115,2350,2023-11-02,1,130.0,In-Store
2224,114,2350,2023-11-16,1,150.0,In-Store
2225,110,2350,2024-01-21,3,330.0,In-Store
2226,112,2350,2024-07-10,1,85.0,In-Store
2227,102,2350,2024-10-31,1,75.0,In-Store
2228,107,2350,2024-11-09,1,65.0,In-Store
2229,114,2351,2023-04-29,1,150.0,In-Store
2230,115,2351,2023-06-04,1,130.0,Online
2231,107,2352,2023-12-08,1,65.0,In-Store
2232,113,2352,2023-12-25,1,180.0,Online
2233,113,2352,2023-12-27,1,180.0,Online
2234,113,2352,2024-02-01,1,180.0,In-Store
2235,114,2352,2024-04-20,1,150.0,Online
2236,113,2352,2024-06-19,1,180.0,Online
2237,113,2352,2024-08-14,1,180.0,In-Store
2238,113,2352,2024-12-01,2,360.0,In-Store
2239,101,2353,2023-02-04,1,25.0,Online
2240,120,2353,2023-08-16,1,15.0,Online
2241,108,2355,2023-05-04,2,110.0,In-Store
2242,113,2355,2023-07-10,2,360.0,In-Store
2243,113,2355,2023-07-25,1,180.0,In-Store
2244,104,2355,2024-04-08,1,120.0,Online
2245,103,2355,2024-04-22,2,60.0,In-Store
2246,109,2355,2024-11-03,2,60.0,In-Store
2247,107,2355,2024-12-29,2,130.0,In-Store
2248,115,2355,2024-12-30,1,130.0,In-Store
2249,103,2356,2023-05-03,1,30.0,Online
2250,102,2356,2023-07-24,1,75.0,Online
2251,111,2356,2023-10-09,3,105.0,In-Store
2252,108,2356,2023-12-03,1,55.0,Online
2253,116,2356,2024-03-24,1,20.0,Online
2254,117,2356,2024-06-01,2,36.0,Online
2255,102,2356,2024-06-02,1,75.0,In-Store
2256,112,2356,2024-07-12,2,170.0,Online
2257,117,2357,2023-04-18,2,36.0,Online
2258,108,2357,2023-04-22,2,110.0,In-Store
2259,106,2357,2023-07-06,1,40.0,Online
2260,105,2357,2023-08-29,1,22.5,Online
2261,107,2357,2023-11-13,2,130.0,Online
2262,109,2357,2024-01-22,2,60.0,Online
2263,109,2357,2024-07-04,1,30.0,Online
2264,119,2357,2024-08-27,1,45.0,Online
2265,111,2357,2024-10-11,1,35.0,Online
2266,101,2357,2024-10-13,1,25.0,Online
2267,108,2357,2024-10-22,2,110.0,Online
2268,117,2357,2024-10-24,1,18.0,Online
2269,106,2357,2024-10-25,1,40.0,Online
2270,119,2357,2024-11-16,1,45.0,Online
2271,115,2358,2024-03-09,2,260.0,In-Store
2272,107,2358,2024-06-28,2,130.0,In-Store
2273,112,2358,2024-08-07,1,85.0,Online
2274,120,2358,2024-09-01,1,15.0,In-Store
2275,113,2358,2024-10-19,2,360.0,In-Store
2276,113,2359,2023-02-28,1,180.0,Online
2277,113,2359,2023-06-15,1,180.0,In-Store
2278,115,2359,2024-05-22,1,130.0,In-Store
2279,113,2359,2024-06-01,1,180.0,In-Store
2280,114,2359,2024-12-26,1,150.0,Online
2281,103,2360,2023-02-12,1,30.0,In-Store
2282,103,2360,2023-12-14,2,60.0,In-Store
2283,110,2360,2024-01-10,1,110.0,In-Store
2284,107,2360,2024-02-26,1,65.0,Online
2285,106,2360,2024-03-22,1,40.0,In-Store
2286,110,2360,2024-05-02,1,110.0,Online
2287,102,2360,2024-07-15,1,75.0,In-Store
2288,119,2360,2024-07-27,1,45.0,In-Store
2289,102,2360,2024-08-04,1,75.0,In-Store
2290,118,2361,2023-05-08,2,120.0,Online
2291,103,2361,2023-05-28,2,60.0,Online
2292,108,2361,2023-06-27,1,55.0,Online
2293,101,2361,2023-10-06,1,25.0,Online
2294,105,2361,2023-10-30,3,67.5,Online
2295,111,2361,2024-01-21,3,105.0,In-Store
2296,109,2361,2024-02-23,1,30.0,Online
2297,108,2361,2024-04-11,2,110.0,Online
2298,117,2361,2024-06-26,3,54.0,Online
2299,101,2361,2024-11-02,1,25.0,Online
2300,109,2361,2024-11-16,1,30.0,Online
2301,105,2361,2024-12-14,3,67.5,In-Store
2302,111,2362,2023-11-03,2,70.0,Online
2303,102,2362,2023-12-31,2,150.0,In-Store
2304,118,2362,2024-01-06,1,60.0,Online
2305,116,2362,2024-08-03,3,60.0,Online
2306,118,2362,2024-08-21,1,60.0,Online
2307,117,2362,2024-10-27,2,36.0,Online
2308,117,2363,2023-02-18,2,36.0,Online
2309,101,2363,2023-03-27,1,25.0,Online
2310,109,2363,2023-08-30,1,30.0,Online
2311,117,2363,2023-09-10,2,36.0,Online
2312,111,2363,2023-09-21,1,35.0,Online
2313,117,2363,2023-09-30,1,18.0,Online
2314,119,2363,2023-11-01,3,135.0,Online
2315,105,2363,2023-11-18,2,45.0,Online
2316,101,2363,2023-12-11,1,25.0,Online
2317,108,2363,2024-01-16,2,110.0,In-Store
2318,108,2363,2024-04-26,2,110.0,Online
2319,103,2363,2024-05-09,2,60.0,Online
2320,103,2363,2024-06-06,1,30.0,Online
2321,111,2363,2024-06-11,1,35.0,In-Store
2322,108,2363,2024-06-25,1,55.0,Online
2323,106,2363,2024-06-28,2,80.0,Online
2324,116,2363,2024-07-07,1,20.0,Online
2325,106,2363,2024-07-18,1,40.0,In-Store
2326,120,2364,2023-07-27,1,15.0,Online
2327,105,2364,2024-01-28,1,22.5,In-Store
2328,117,2364,2024-11-02,1,18.0,In-Store
2329,117,2364,2024-12-24,1,18.0,In-Store
2330,106,2365,2023-01-20,1,40.0,Online
2331,109,2365,2023-05-18,2,60.0,In-Store
2332,102,2365,2023-06-05,1,75.0,Online
2333,119,2365,2023-10-23,1,45.0,Online
2334,120,2365,2023-11-28,1,15.0,In-Store
2335,116,2365,2023-12-09,1,20.0,Online
2336,101,2365,2024-01-08,1,25.0,Online
2337,101,2366,2023-04-27,1,25.0,In-Store
2338,103,2366,2023-06-27,1,30.0,In-Store
2339,112,2366,2023-07-23,1,85.0,In-Store
2340,102,2366,2023-12-08,1,75.0,In-Store
2341,107,2366,2023-12-24,1,65.0,In-Store
2342,101,2367,2023-02-12,1,25.0,Online
2343,112,2367,2023-04-01,2,170.0,Online
2344,106,2367,2023-04-16,2,80.0,Online
2345,109,2367,2023-05-07,2,60.0,Online
2346,105,2367,2023-05-15,1,22.5,Online
2347,105,2367,2023-08-16,2,45.0,Online
2348,107,2367,2023-09-06,2,130.0,Online
2349,116,2367,2023-10-05,2,40.0,In-Store
2350,120,2367,2023-10-22,1,15.0,In-Store
2351,109,2367,2023-11-01,1,30.0,Online
2352,107,2367,2023-11-05,3,195.0,Online
2353,119,2367,2023-11-12,2,90.0,Online
2354,106,2367,2023-12-19,1,40.0,Online
2355,117,2367,2023-12-24,2,36.0,In-Store
2356,105,2367,2023-12-25,1,22.5,Online
2357,117,2367,2024-02-18,1,18.0,In-Store
2358,103,2367,2024-03-03,2,60.0,Online
2359,105,2367,2024-04-13,3,67.5,Online
2360,117,2367,2024-05-26,2,36.0,Online
2361,102,2367,2024-06-05,1,75.0,Online
2362,102,2367,2024-06-12,3,225.0,Online
2363,101,2367,2024-09-12,2,50.0,Online
2364,109,2367,2024-10-27,2,60.0,In-Store
2365,107,2367,2024-12-12,2,130.0,Online
2366,103,2367,2024-12-15,1,30.0,Online
2367,103,2367,2024-12-31,1,30.0,Online
2368,109,2368,2023-12-26,2,60.0,Online
2369,103,2368,2024-03-22,1,30.0,In-Store
2370,108,2368,2024-04-19,1,55.0,In-Store
2371,105,2368,2024-04-24,1,22.5,Online
2372,101,2368,2024-04-26,1,25.0,Online
2373,105,2368,2024-05-01,1,22.5,Online
2374,110,2369,2023-03-22,2,220.0,Online
2375,105,2369,2023-05-28,1,22.5,Online
2376,109,2369,2023-11-06,1,30.0,Online
2377,102,2369,2023-11-22,1,75.0,Online
2378,106,2369,2023-12-05,2,80.0,In-Store
2379,107,2369,2023-12-25,1,65.0,Online
2380,106,2369,2024-01-30,1,40.0,Online
2381,120,2369,2024-02-01,3,45.0,Online
2382,105,2369,2024-05-13,2,45.0,In-Store
2383,120,2369,2024-05-23,3,45.0,Online
2384,102,2369,2024-06-07,1,75.0,Online
2385,120,2369,2024-06-18,2,30.0,Online
2386,101,2369,2024-09-28,1,25.0,Online
2387,109,2370,2023-06-24,2,60.0,Online
2388,108,2370,2023-07-02,2,110.0,In-Store
2389,110,2370,2023-08-15,1,110.0,Online
2390,107,2370,2023-08-19,1,65.0,Online
2391,101,2370,2023-08-27,1,25.0,Online
2392,105,2370,2023-09-10,1,22.5,Online
2393,120,2370,2023-10-09,1,15.0,Online
2394,119,2370,2023-10-17,1,45.0,Online
2395,118,2370,2023-12-22,2,120.0,Online
2396,120,2370,2023-12-31,1,15.0,In-Store
2397,118,2370,2024-01-01,1,60.0,Online
2398,105,2370,2024-07-10,1,22.5,Online
2399,109,2370,2024-07-16,2,60.0,Online
2400,107,2370,2024-07-31,2,130.0,Online
2401,106,2370,2024-09-08,1,40.0,Online
2402,105,2370,2024-10-10,4,90.0,Online
2403,101,2371,2023-04-01,2,50.0,Online
2404,103,2371,2023-04-07,1,30.0,Online
2405,111,2371,2023-07-11,1,35.0,Online
2406,120,2371,2023-08-17,1,15.0,Online
2407,106,2371,2023-11-20,1,40.0,Online
2408,116,2371,2023-12-03,1,20.0,Online
2409,103,2371,2023-12-22,1,30.0,Online
2410,120,2371,2023-12-28,1,15.0,In-Store
2411,101,2371,2024-01-06,3,75.0,Online
2412,105,2371,2024-01-26,1,22.5,Online
2413,103,2371,2024-02-29,1,30.0,Online
2414,120,2371,2024-04-18,1,15.0,In-Store
2415,116,2371,2024-06-03,1,20.0,In-Store
2416,108,2371,2024-11-05,1,55.0,In-Store
2417,120,2371,2024-11-13,1,15.0,Online
2418,108,2373,2023-01-17,1,55.0,In-Store
2419,103,2373,2023-06-15,2,60.0,In-Store
2420,114,2373,2023-07-19,1,150.0,In-Store
2421,115,2373,2024-05-29,1,130.0,In-Store
2422,105,2373,2024-06-09,1,22.5,In-Store
2423,109,2373,2024-09-18,2,60.0,In-Store
2424,102,2373,2024-11-24,1,75.0,In-Store
2425,102,2373,2024-12-05,1,75.0,In-Store
2426,116,2374,2023-01-02,1,20.0,In-Store
2427,114,2374,2023-05-20,1,150.0,Online
2428,107,2374,2023-06-08,1,65.0,In-Store
2429,106,2374,2024-03-11,1,40.0,In-Store
2430,101,2374,2024-04-06,1,25.0,In-Store
2431,108,2374,2024-05-13,1,55.0,In-Store
2432,109,2374,2024-06-07,1,30.0,In-Store
2433,118,2375,2024-02-14,1,60.0,In-Store
2434,109,2375,2024-03-11,1,30.0,Online
2435,120,2375,2024-04-04,2,30.0,In-Store
2436,105,2375,2024-04-09,2,45.0,Online
2437,111,2375,2024-04-18,1,35.0,Online
2438,101,2375,2024-05-06,2,50.0,Online
2439,106,2375,2024-06-11,2,80.0,Online
2440,119,2375,2024-07-03,1,45.0,Online
2441,109,2375,2024-10-31,1,30.0,In-Store
2442,102,2376,2023-11-05,1,75.0,In-Store
2443,108,2376,2023-11-28,1,55.0,In-Store
2444,108,2376,2024-01-06,1,55.0,Online
2445,112,2376,2024-03-02,2,170.0,Online
2446,107,2376,2024-04-08,2,130.0,In-Store
2447,108,2376,2024-05-19,1,55.0,In-Store
2448,103,2376,2024-06-07,1,30.0,In-Store
2449,108,2376,2024-11-26,2,110.0,In-Store
2450,104,2376,2024-12-05,1,120.0,In-Store
2451,110,2376,2024-12-23,2,220.0,In-Store
2452,115,2377,2023-09-09,1,130.0,In-Store
2453,109,2378,2023-02-04,3,90.0,In-Store
2454,115,2378,2024-01-23,1,130.0,In-Store
2455,111,2378,2024-02-18,1,35.0,In-Store
2456,113,2378,2024-03-08,1,180.0,In-Store
2457,109,2378,2024-04-23,1,30.0,In-Store
2458,103,2378,2024-09-22,2,60.0,Online
2459,108,2378,2024-12-05,1,55.0,In-Store
2460,107,2378,2024-12-12,1,65.0,Online
2461,108,2379,2023-09-26,3,165.0,In-Store
2462,106,2379,2023-12-12,1,40.0,In-Store
2463,112,2379,2024-04-06,1,85.0,Online
2464,107,2379,2024-07-10,1,65.0,In-Store
2465,110,2380,2023-11-03,2,220.0,In-Store
2466,104,2380,2023-11-04,1,120.0,In-Store
2467,115,2380,2023-11-07,3,390.0,In-Store
2468,108,2380,2023-12-16,1,55.0,In-Store
2469,102,2380,2024-01-12,3,225.0,In-Store
2470,109,2380,2024-01-21,1,30.0,In-Store
2471,114,2380,2024-02-26,2,300.0,In-Store
2472,113,2380,2024-04-05,1,180.0,In-Store
2473,113,2380,2024-05-29,1,180.0,In-Store
2474,102,2380,2024-06-25,1,75.0,Online
2475,107,2380,2024-07-13,1,65.0,In-Store
2476,102,2380,2024-09-10,2,150.0,In-Store
2477,103,2380,2024-10-13,2,60.0,In-Store
2478,111,2380,2024-11-28,3,105.0,In-Store
2479,104,2380,2024-11-30,1,120.0,In-Store
2480,107,2380,2024-12-20,1,65.0,In-Store
2481,108,2380,2024-12-28,1,55.0,In-Store
2482,109,2381,2023-08-16,1,30.0,In-Store
2483,106,2381,2023-11-24,1,40.0,Online
2484,115,2381,2024-02-19,1,130.0,Online
2485,114,2381,2024-04-08,2,300.0,In-Store
2486,118,2381,2024-06-24,1,60.0,Online
2487,106,2381,2024-07-12,1,40.0,Online
2488,102,2382,2024-03-03,1,75.0,In-Store
2489,108,2382,2024-05-13,1,55.0,In-Store
2490,108,2382,2024-06-06,1,55.0,In-Store
2491,105,2385,2023-04-14,1,22.5,Online
2492,107,2385,2023-06-27,1,65.0,Online
2493,120,2386,2023-12-04,2,30.0,In-Store
2494,108,2386,2023-12-12,2,110.0,Online
2495,106,2386,2024-02-22,1,40.0,Online
2496,116,2387,2023-08-01,1,20.0,In-Store
2497,113,2388,2024-08-30,1,180.0,In-Store
2498,114,2388,2024-10-23,1,150.0,In-Store
2499,104,2388,2024-12-30,1,120.0,Online
2500,115,2389,2023-04-26,1,130.0,In-Store
2501,113,2389,2023-05-03,1,180.0,Online
2502,113,2389,2023-05-11,1,180.0,In-Store
2503,107,2389,2023-07-23,1,65.0,Online
2504,104,2389,2023-10-10,1,120.0,Online
2505,113,2389,2023-11-24,1,180.0,Online
2506,113,2389,2024-03-19,1,180.0,In-Store
2507,113,2389,2024-04-22,1,180.0,Online
2508,113,2389,2024-06-27,1,180.0,Online
2509,113,2389,2024-11-21,1,180.0,In-Store
2510,113,2389,2024-12-01,1,180.0,In-Store
2511,113,2389,2024-12-07,1,180.0,Online
2512,105,2390,2023-07-20,2,45.0,Online
2513,109,2390,2023-08-16,1,30.0,Online
2514,107,2390,2023-11-10,1,65.0,Online
2515,119,2390,2024-04-19,1,45.0,Online
2516,104,2391,2023-09-05,2,240.0,In-Store
2517,109,2391,2023-11-04,1,30.0,Online
2518,112,2391,2023-11-09,2,170.0,Online
2519,103,2391,2023-11-10,1,30.0,In-Store
2520,117,2391,2023-11-27,1,18.0,In-Store
2521,107,2391,2024-05-03,1,65.0,In-Store
2522,109,2391,2024-08-06,1,30.0,In-Store
2523,114,2391,2024-10-26,4,600.0,In-Store
2524,112,2391,2024-12-04,1,85.0,In-Store
2525,113,2391,2024-12-20,2,360.0,In-Store
2526,104,2392,2023-01-03,1,120.0,In-Store
2527,108,2392,2023-01-08,1,55.0,In-Store
2528,101,2392,2023-03-30,2,50.0,In-Store
2529,104,2392,2023-06-13,1,120.0,In-Store
2530,102,2392,2023-06-23,1,75.0,In-Store
2531,113,2392,2023-07-22,2,360.0,In-Store
2532,101,2392,2023-09-08,1,25.0,In-Store
2533,105,2392,2023-09-11,1,22.5,In-Store
2534,102,2392,2023-10-02,1,75.0,In-Store
2535,118,2392,2023-12-23,1,60.0,In-Store
2536,106,2392,2024-07-05,1,40.0,Online
2537,112,2392,2024-08-03,1,85.0,In-Store
2538,113,2392,2024-10-21,1,180.0,In-Store
2539,115,2392,2024-11-07,1,130.0,In-Store
2540,114,2393,2023-08-13,1,150.0,Online
2541,114,2393,2023-11-06,1,150.0,In-Store
2542,113,2393,2023-12-19,1,180.0,Online
2543,113,2393,2023-12-28,1,180.0,In-Store
2544,114,2393,2024-05-24,1,150.0,In-Store
2545,113,2393,2024-08-11,1,180.0,In-Store
2546,105,2394,2024-06-30,1,22.5,In-Store
2547,113,2395,2023-06-30,1,180.0,In-Store
2548,115,2395,2023-09-16,1,130.0,Online
2549,115,2395,2023-10-19,1,130.0,Online
2550,113,2395,2024-02-13,1,180.0,Online
2551,113,2395,2024-09-09,2,360.0,In-Store
2552,113,2395,2024-11-07,2,360.0,In-Store
2553,102,2396,2023-03-30,4,300.0,Online
2554,108,2396,2023-08-07,1,55.0,Online
2555,109,2396,2023-08-10,2,60.0,Online
2556,109,2396,2023-10-29,1,30.0,Online
2557,120,2396,2023-11-17,1,15.0,Online
2558,111,2396,2024-01-20,2,70.0,Online
2559,116,2396,2024-03-02,1,20.0,Online
2560,102,2396,2024-07-29,1,75.0,Online
2561,118,2396,2024-11-26,1,60.0,Online
2562,103,2397,2024-07-26,1,30.0,Online
2563,106,2397,2024-10-09,2,80.0,In-Store
2564,105,2397,2024-11-01,1,22.5,Online
2565,110,2397,2024-12-20,2,220.0,Online
2566,102,2398,2023-01-21,2,150.0,Online
2567,117,2398,2023-03-22,3,54.0,Online
2568,106,2398,2023-05-12,2,80.0,Online
2569,117,2398,2023-07-07,1,18.0,Online
2570,107,2398,2023-07-22,2,130.0,In-Store
2571,116,2398,2023-08-01,3,60.0,Online
2572,111,2398,2023-09-06,1,35.0,Online
2573,120,2398,2023-09-15,1,15.0,Online
2574,116,2398,2023-09-18,1,20.0,Online
2575,107,2398,2023-12-01,2,130.0,Online
2576,103,2398,2024-02-01,2,60.0,Online
2577,112,2398,2024-02-20,1,85.0,Online
2578,109,2398,2024-02-23,1,30.0,Online
2579,117,2398,2024-03-10,1,18.0,Online
2580,106,2398,2024-03-14,2,80.0,Online
2581,117,2398,2024-06-09,1,18.0,Online
2582,109,2398,2024-06-17,1,30.0,Online
2583,109,2398,2024-06-27,1,30.0,Online
2584,106,2398,2024-07-16,1,40.0,Online
2585,119,2398,2024-12-01,1,45.0,Online
2586,102,2398,2024-12-17,2,150.0,Online
2587,120,2398,2024-12-19,2,30.0,Online
2588,119,2398,2024-12-20,1,45.0,Online
2589,119,2399,2023-06-06,1,45.0,Online
2590,112,2399,2023-11-25,3,255.0,Online
2591,117,2399,2023-12-05,1,18.0,Online
2592,110,2399,2024-06-03,1,110.0,Online
2593,106,2400,2023-08-18,3,120.0,Online
2594,110,2400,2023-09-01,1,110.0,Online
2595,101,2400,2023-10-07,2,50.0,Online
2596,119,2400,2024-01-01,2,90.0,Online
2597,117,2400,2024-03-13,1,18.0,Online
2598,117,2400,2024-04-16,1,18.0,Online
2599,119,2400,2024-05-08,2,90.0,Online
2600,120,2400,2024-05-15,5,75.0,Online
2601,110,2400,2024-05-25,1,110.0,Online
2602,111,2400,2024-06-28,3,105.0,Online
2603,113,2401,2023-01-17,1,180.0,In-Store
2604,114,2401,2023-05-21,1,150.0,Online
2605,114,2401,2023-12-24,1,150.0,In-Store
2606,113,2401,2024-01-12,1,180.0,In-Store
2607,113,2401,2024-07-29,1,180.0,In-Store
2608,113,2403,2023-09-23,1,180.0,Online
2609,109,2404,2023-04-24,1,30.0,In-Store
2610,120,2404,2023-06-28,1,15.0,Online
2611,108,2404,2023-09-17,1,55.0,In-Store
2612,106,2404,2023-11-30,1,40.0,Online
2613,108,2404,2023-12-12,1,55.0,Online
2614,109,2404,2024-01-12,3,90.0,Online
2615,111,2404,2024-02-19,1,35.0,In-Store
2616,118,2404,2024-05-07,1,60.0,Online
2617,108,2404,2024-06-27,1,55.0,Online
2618,115,2406,2023-03-02,1,130.0,Online
2619,115,2406,2023-10-01,1,130.0,In-Store
2620,114,2406,2023-10-30,1,150.0,In-Store
2621,115,2406,2023-11-17,1,130.0,In-Store
2622,104,2406,2023-12-08,1,120.0,In-Store
2623,113,2406,2023-12-23,1,180.0,In-Store
2624,115,2406,2024-02-03,1,130.0,Online
2625,114,2406,2024-05-14,1,150.0,Online
2626,104,2406,2024-07-13,1,120.0,In-Store
2627,114,2406,2024-07-24,1,150.0,Online
2628,114,2406,2024-08-13,1,150.0,In-Store
2629,113,2406,2024-08-26,1,180.0,In-Store
2630,114,2406,2024-12-03,1,150.0,In-Store
2631,113,2406,2024-12-27,1,180.0,In-Store
2632,119,2407,2023-03-23,2,90.0,Online
2633,108,2407,2023-06-27,1,55.0,In-Store
2634,120,2407,2023-08-10,2,30.0,Online
2635,119,2407,2023-08-23,1,45.0,Online
2636,105,2407,2023-08-31,1,22.5,Online
2637,109,2407,2023-09-21,3,90.0,Online
2638,106,2407,2023-11-01,1,40.0,Online
2639,109,2407,2023-11-18,1,30.0,Online
2640,101,2407,2023-12-01,2,50.0,Online
2641,101,2407,2023-12-05,1,25.0,Online
2642,119,2407,2023-12-18,2,90.0,Online
2643,118,2407,2023-12-25,2,120.0,Online
2644,117,2407,2024-01-07,2,36.0,Online
2645,108,2407,2024-02-09,3,165.0,Online
2646,117,2407,2024-05-09,1,18.0,Online
2647,116,2407,2024-06-15,2,40.0,Online
2648,106,2407,2024-07-10,1,40.0,Online
2649,107,2407,2024-08-13,1,65.0,Online
2650,105,2407,2024-08-25,2,45.0,Online
2651,117,2407,2024-09-13,3,54.0,Online
2652,116,2407,2024-09-17,1,20.0,Online
2653,106,2407,2024-10-12,4,160.0,Online
2654,120,2407,2024-12-13,1,15.0,Online
2655,111,2408,2023-02-27,1,35.0,Online
2656,107,2408,2023-12-08,1,65.0,Online
2657,102,2408,2023-12-20,2,150.0,Online
2658,116,2408,2024-04-13,1,20.0,Online
2659,120,2408,2024-05-28,1,15.0,Online
2660,110,2408,2024-10-15,1,110.0,In-Store
2661,104,2409,2023-04-21,1,120.0,In-Store
2662,108,2409,2023-06-30,1,55.0,In-Store
2663,113,2409,2023-09-08,1,180.0,Online
2664,113,2409,2023-11-26,1,180.0,In-Store
2665,113,2409,2024-01-18,1,180.0,In-Store
2666,115,2409,2024-03-28,3,390.0,In-Store
2667,115,2409,2024-06-03,1,130.0,In-Store
2668,114,2409,2024-07-11,1,150.0,Online
2669,109,2409,2024-07-29,1,30.0,In-Store
2670,113,2409,2024-12-30,1,180.0,In-Store
2671,117,2410,2023-03-14,1,18.0,In-Store
2672,105,2410,2023-03-24,1,22.5,In-Store
2673,109,2410,2023-04-29,1,30.0,In-Store
2674,108,2410,2023-10-15,1,55.0,In-Store
2675,102,2410,2023-10-22,1,75.0,In-Store
2676,109,2410,2023-11-04,1,30.0,In-Store
2677,118,2410,2024-01-21,1,60.0,In-Store
2678,113,2410,2024-06-03,1,180.0,Online
2679,115,2410,2024-08-06,1,130.0,In-Store
2680,106,2410,2024-11-30,4,160.0,In-Store
2681,108,2411,2023-01-17,1,55.0,In-Store
2682,105,2411,2023-03-04,2,45.0,In-Store
2683,113,2411,2023-03-19,1,180.0,In-Store
2684,108,2411,2023-05-25,1,55.0,In-Store
2685,117,2411,2023-05-26,1,18.0,In-Store
2686,114,2411,2023-07-04,2,300.0,In-Store
2687,113,2411,2023-11-18,1,180.0,In-Store
2688,113,2411,2023-12-10,2,360.0,In-Store
2689,110,2411,2023-12-22,1,110.0,In-Store
2690,112,2411,2024-02-09,1,85.0,In-Store
2691,107,2411,2024-03-31,1,65.0,In-Store
2692,103,2411,2024-06-02,1,30.0,In-Store
2693,106,2411,2024-07-11,2,80.0,In-Store
2694,108,2411,2024-07-27,2,110.0,In-Store
2695,119,2411,2024-08-03,1,45.0,In-Store
2696,104,2411,2024-09-02,2,240.0,In-Store
2697,114,2411,2024-09-25,1,150.0,In-Store
2698,101,2411,2024-10-07,1,25.0,In-Store
2699,101,2411,2024-11-03,2,50.0,In-Store
2700,107,2411,2024-12-16,1,65.0,In-Store
2701,109,2411,2024-12-21,2,60.0,In-Store
2702,111,2411,2024-12-29,1,35.0,Online
2703,107,2412,2023-03-16,1,65.0,In-Store
2704,107,2412,2023-03-22,2,130.0,In-Store
2705,101,2412,2023-10-30,1,25.0,In-Store
2706,101,2412,2023-11-07,1,25.0,In-Store
2707,109,2412,2023-12-15,1,30.0,In-Store
2708,112,2412,2023-12-29,1,85.0,Online
2709,102,2412,2024-01-19,1,75.0,In-Store
2710,109,2413,2023-02-14,1,30.0,Online
2711,110,2413,2023-02-18,2,220.0,In-Store
2712,101,2413,2023-06-23,2,50.0,In-Store
2713,113,2413,2023-10-11,1,180.0,In-Store
2714,111,2413,2023-11-27,1,35.0,In-Store
2715,109,2413,2024-09-27,1,30.0,In-Store
2716,115,2413,2024-12-01,1,130.0,In-Store
2717,107,2413,2024-12-04,1,65.0,In-Store
2718,113,2413,2024-12-26,1,180.0,In-Store
2719,120,2414,2023-01-18,2,30.0,In-Store
2720,117,2414,2023-03-17,1,18.0,Online
2721,119,2414,2023-09-04,1,45.0,Online
2722,118,2414,2023-09-18,1,60.0,Online
2723,101,2414,2023-10-11,2,50.0,In-Store
2724,109,2414,2023-11-01,1,30.0,Online
2725,101,2414,2023-12-09,3,75.0,Online
2726,106,2414,2024-01-23,2,80.0,In-Store
2727,111,2414,2024-02-24,1,35.0,Online
2728,120,2414,2024-04-03,1,15.0,In-Store
2729,110,2414,2024-04-29,1,110.0,Online
2730,112,2414,2024-07-01,1,85.0,Online
2731,101,2414,2024-10-03,1,25.0,Online
2732,106,2414,2024-10-09,1,40.0,Online
2733,108,2414,2024-11-05,1,55.0,Online
2734,109,2414,2024-11-18,2,60.0,Online
2735,108,2414,2024-12-25,2,110.0,Online
2736,110,2414,2024-12-28,1,110.0,Online
2737,117,2415,2023-06-23,3,54.0,Online
2738,120,2415,2023-08-03,1,15.0,Online
2739,106,2415,2024-05-19,1,40.0,Online
2740,103,2415,2024-11-01,1,30.0,Online
2741,106,2415,2024-11-05,1,40.0,Online
2742,106,2415,2024-11-23,1,40.0,Online
2743,109,2415,2024-12-07,2,60.0,In-Store
2744,113,2417,2023-11-18,1,180.0,In-Store
2745,104,2417,2023-11-24,3,360.0,In-Store
2746,115,2417,2024-06-17,1,130.0,Online
2747,113,2417,2024-08-27,1,180.0,Online
2748,113,2417,2024-10-19,1,180.0,Online
2749,116,2418,2024-12-13,2,40.0,Online
2750,111,2419,2024-05-16,1,35.0,In-Store
2751,114,2419,2024-06-18,1,150.0,In-Store
2752,102,2419,2024-08-28,2,150.0,In-Store
2753,114,2420,2024-02-16,1,150.0,Online
2754,104,2420,2024-10-04,2,240.0,In-Store
2755,101,2421,2023-02-24,1,25.0,In-Store
2756,107,2421,2023-03-09,1,65.0,In-Store
2757,101,2421,2023-03-23,3,75.0,Online
2758,117,2421,2023-05-08,2,36.0,Online
2759,107,2421,2023-05-23,2,130.0,Online
2760,106,2421,2023-06-04,2,80.0,Online
2761,116,2421,2023-06-18,1,20.0,Online
2762,103,2421,2023-07-04,2,60.0,Online
2763,111,2421,2023-09-16,1,35.0,Online
2764,118,2421,2023-10-04,1,60.0,Online
2765,106,2421,2023-11-04,1,40.0,Online
2766,105,2421,2023-11-22,1,22.5,Online
2767,106,2421,2023-11-24,3,120.0,Online
2768,107,2421,2023-12-06,3,195.0,Online
2769,105,2421,2023-12-27,2,45.0,Online
2770,111,2421,2024-01-05,1,35.0,Online
2771,120,2421,2024-01-13,2,30.0,Online
2772,109,2421,2024-01-23,1,30.0,Online
2773,109,2421,2024-02-29,1,30.0,In-Store
2774,109,2421,2024-03-16,1,30.0,Online
2775,108,2421,2024-06-09,1,55.0,Online
2776,103,2421,2024-06-14,2,60.0,In-Store
2777,106,2421,2024-06-19,1,40.0,Online
2778,106,2421,2024-07-25,1,40.0,Online
2779,107,2421,2024-09-04,2,130.0,Online
2780,120,2421,2024-11-19,1,15.0,Online
2781,101,2421,2024-12-04,1,25.0,Online
2782,119,2421,2024-12-06,1,45.0,Online
2783,108,2421,2024-12-29,1,55.0,Online
2784,115,2422,2024-06-17,1,130.0,In-Store
2785,102,2424,2023-06-10,1,75.0,Online
2786,107,2424,2023-06-24,2,130.0,Online
2787,109,2424,2023-08-28,1,30.0,Online
2788,105,2424,2023-11-20,2,45.0,In-Store
2789,101,2424,2023-12-09,1,25.0,Online
2790,109,2424,2023-12-28,1,30.0,Online
2791,107,2424,2024-01-08,1,65.0,Online
2792,111,2424,2024-01-10,2,70.0,Online
2793,106,2424,2024-04-24,2,80.0,In-Store
2794,105,2424,2024-05-07,1,22.5,Online
2795,101,2424,2024-08-14,2,50.0,Online
2796,101,2424,2024-08-23,1,25.0,Online
2797,109,2424,2024-11-14,1,30.0,Online
2798,108,2424,2024-12-15,1,55.0,Online
2799,110,2426,2023-03-15,1,110.0,Online
2800,113,2426,2023-03-23,1,180.0,In-Store
2801,113,2426,2023-04-20,2,360.0,In-Store
2802,114,2426,2023-06-05,1,150.0,In-Store
2803,111,2427,2023-12-07,3,105.0,Online
2804,110,2427,2023-12-17,2,220.0,In-Store
2805,105,2427,2024-02-04,1,22.5,Online
2806,101,2427,2024-03-01,1,25.0,Online
2807,101,2427,2024-03-04,1,25.0,Online
2808,105,2427,2024-07-19,2,45.0,Online
2809,105,2427,2024-09-11,1,22.5,Online
2810,115,2428,2023-05-11,1,130.0,Online
2811,114,2428,2023-06-02,2,300.0,In-Store
2812,113,2428,2023-11-01,1,180.0,In-Store
2813,113,2428,2024-03-08,1,180.0,Online
2814,113,2428,2024-07-16,1,180.0,In-Store
2815,113,2428,2024-11-21,1,180.0,Online
2816,101,2429,2024-04-11,1,25.0,Online
2817,111,2429,2024-06-01,1,35.0,Online
2818,105,2429,2024-06-14,1,22.5,Online
2819,103,2429,2024-07-22,1,30.0,Online
2820,117,2429,2024-11-02,1,18.0,Online
2821,102,2429,2024-12-28,1,75.0,Online
2822,117,2430,2023-01-25,1,18.0,In-Store
2823,106,2430,2023-07-01,1,40.0,In-Store
2824,114,2430,2023-08-08,1,150.0,In-Store
2825,108,2430,2024-03-02,1,55.0,Online
2826,107,2430,2024-03-12,2,130.0,In-Store
2827,108,2430,2024-03-27,3,165.0,In-Store
2828,108,2430,2024-05-15,1,55.0,Online
2829,102,2430,2024-12-18,1,75.0,In-Store
2830,112,2431,2023-01-05,1,85.0,In-Store
2831,107,2431,2023-05-25,1,65.0,In-Store
2832,113,2431,2023-09-11,1,180.0,In-Store
2833,108,2431,2023-10-05,1,55.0,Online
2834,108,2431,2023-11-27,2,110.0,In-Store
2835,109,2431,2023-12-20,1,30.0,In-Store
2836,112,2431,2024-02-07,1,85.0,In-Store
2837,113,2431,2024-03-10,1,180.0,Online
2838,109,2431,2024-03-20,2,60.0,In-Store
2839,111,2431,2024-07-22,1,35.0,In-Store
2840,108,2431,2024-07-27,2,110.0,In-Store
2841,115,2431,2024-11-22,1,130.0,In-Store
2842,108,2431,2024-12-21,2,110.0,In-Store
2843,106,2431,2024-12-31,2,80.0,Online
2844,118,2432,2023-11-14,2,120.0,Online
2845,107,2433,2023-03-08,1,65.0,In-Store
2846,104,2433,2023-03-25,1,120.0,In-Store
2847,114,2433,2023-12-16,1,150.0,Online
2848,101,2433,2024-08-22,1,25.0,In-Store
2849,119,2433,2024-11-09,2,90.0,Online
2850,113,2434,2023-12-29,1,180.0,In-Store
2851,113,2434,2024-05-09,1,180.0,Online
2852,113,2434,2024-06-17,1,180.0,In-Store
2853,114,2434,2024-10-04,1,150.0,In-Store
2854,113,2437,2024-05-04,1,180.0,Online
2855,113,2437,2024-07-25,1,180.0,Online
2856,113,2437,2024-07-27,1,180.0,In-Store
2857,104,2437,2024-09-15,1,120.0,Online
2858,107,2438,2023-01-31,1,65.0,In-Store
2859,114,2438,2023-04-28,1,150.0,In-Store
2860,106,2438,2023-05-31,2,80.0,Online
2861,106,2438,2023-07-13,1,40.0,In-Store
2862,109,2438,2024-01-11,1,30.0,In-Store
2863,104,2438,2024-03-29,1,120.0,In-Store
2864,109,2438,2024-04-20,1,30.0,In-Store
2865,120,2438,2024-05-22,1,15.0,In-Store
2866,107,2438,2024-06-11,1,65.0,In-Store
2867,101,2438,2024-06-15,1,25.0,In-Store
2868,115,2438,2024-07-22,1,130.0,In-Store
2869,101,2438,2024-07-27,1,25.0,In-Store
2870,104,2438,2024-11-17,1,120.0,Online
2871,102,2438,2024-11-29,1,75.0,In-Store
2872,110,2438,2024-12-03,1,110.0,In-Store
2873,112,2439,2023-06-02,2,170.0,In-Store
2874,115,2439,2023-06-11,1,130.0,In-Store
2875,115,2439,2023-08-20,1,130.0,In-Store
2876,114,2439,2023-11-13,1,150.0,In-Store
2877,117,2439,2023-12-02,1,18.0,In-Store
2878,113,2439,2024-02-06,1,180.0,In-Store
2879,108,2439,2024-02-20,1,55.0,In-Store
2880,113,2439,2024-03-25,1,180.0,In-Store
2881,107,2439,2024-05-20,1,65.0,In-Store
2882,108,2439,2024-07-24,1,55.0,In-Store
2883,117,2439,2024-09-13,1,18.0,Online
2884,110,2439,2024-12-17,1,110.0,In-Store
2885,114,2439,2024-12-25,1,150.0,Online
2886,110,2440,2023-06-17,1,110.0,Online
2887,107,2441,2023-02-04,1,65.0,In-Store
2888,117,2441,2023-06-06,1,18.0,In-Store
2889,112,2441,2023-06-20,3,255.0,Online
2890,107,2441,2023-09-06,1,65.0,Online
2891,110,2442,2023-03-22,1,110.0,In-Store
2892,111,2442,2023-07-12,1,35.0,In-Store
2893,101,2442,2023-07-30,1,25.0,Online
2894,112,2442,2023-09-28,2,170.0,In-Store
2895,109,2442,2023-10-27,1,30.0,In-Store
2896,107,2442,2024-07-21,1,65.0,Online
2897,115,2442,2024-07-23,1,130.0,In-Store
2898,104,2442,2024-08-25,1,120.0,In-Store
2899,109,2442,2024-09-25,2,60.0,Online
2900,114,2442,2024-10-07,3,450.0,In-Store
2901,118,2442,2024-12-07,1,60.0,In-Store
2902,112,2443,2023-02-15,1,85.0,Online
2903,102,2443,2023-03-14,1,75.0,Online
2904,103,2443,2023-04-30,1,30.0,In-Store
2905,117,2443,2023-07-21,1,18.0,Online
2906,119,2443,2023-09-20,1,45.0,Online
2907,118,2443,2023-10-08,3,180.0,Online
2908,105,2443,2023-11-24,2,45.0,In-Store
2909,120,2443,2023-12-15,1,15.0,Online
2910,101,2443,2024-02-08,2,50.0,Online
2911,105,2443,2024-02-17,3,67.5,Online
2912,105,2444,2023-06-16,2,45.0,Online
2913,115,2446,2023-01-31,1,130.0,In-Store
2914,114,2446,2023-03-13,2,300.0,In-Store
2915,106,2446,2023-03-28,1,40.0,In-Store
2916,110,2446,2023-06-24,1,110.0,In-Store
2917,115,2446,2023-07-13,1,130.0,In-Store
2918,112,2446,2023-07-14,1,85.0,In-Store
2919,112,2446,2023-07-31,2,170.0,In-Store
2920,106,2446,2023-08-05,2,80.0,In-Store
2921,102,2446,2023-08-19,2,150.0,In-Store
2922,108,2446,2023-09-19,1,55.0,In-Store
2923,106,2446,2023-11-14,1,40.0,In-Store
2924,107,2446,2024-01-01,1,65.0,In-Store
2925,101,2446,2024-01-02,1,25.0,In-Store
2926,103,2446,2024-01-13,1,30.0,In-Store
2927,117,2446,2024-05-19,1,18.0,In-Store
2928,113,2446,2024-06-26,1,180.0,In-Store
2929,109,2446,2024-07-28,1,30.0,In-Store
2930,108,2446,2024-09-17,1,55.0,In-Store
2931,114,2446,2024-09-30,1,150.0,In-Store
2932,102,2446,2024-11-12,1,75.0,In-Store
2933,113,2446,2024-12-06,1,180.0,In-Store
2934,108,2446,2024-12-19,1,55.0,In-Store
2935,117,2447,2023-03-03,2,36.0,Online
2936,116,2447,2023-04-13,1,20.0,In-Store
2937,120,2448,2023-03-22,2,30.0,Online
2938,101,2448,2023-06-09,2,50.0,In-Store
2939,109,2448,2023-06-30,1,30.0,Online
2940,109,2449,2023-09-11,1,30.0,Online
2941,101,2449,2023-09-18,4,100.0,Online
2942,106,2449,2023-11-05,1,40.0,Online
2943,103,2449,2023-11-09,1,30.0,Online
2944,103,2449,2023-11-22,1,30.0,Online
2945,117,2449,2023-11-30,2,36.0,Online
2946,106,2449,2024-02-03,1,40.0,In-Store
2947,117,2449,2024-02-07,2,36.0,Online
2948,108,2450,2023-07-11,1,55.0,Online
2949,112,2450,2023-07-14,1,85.0,Online
2950,113,2451,2023-01-10,1,180.0,In-Store
2951,113,2451,2023-04-17,1,180.0,Online
2952,113,2451,2023-05-10,1,180.0,In-Store
2953,114,2451,2023-05-16,1,150.0,Online
2954,113,2451,2023-05-26,1,180.0,In-Store
2955,114,2451,2023-08-25,1,150.0,Online
2956,104,2451,2023-11-25,1,120.0,Online
2957,113,2451,2024-04-18,1,180.0,Online
2958,104,2451,2024-05-28,1,120.0,In-Store
2959,114,2451,2024-07-22,1,150.0,In-Store
2960,114,2451,2024-12-01,2,300.0,In-Store
2961,104,2451,2024-12-06,1,120.0,In-Store
2962,105,2452,2023-05-30,1,22.5,Online
2963,105,2452,2023-08-19,3,67.5,Online
2964,109,2452,2023-10-05,2,60.0,In-Store
2965,101,2452,2023-10-29,1,25.0,In-Store
2966,116,2452,2024-05-29,1,20.0,Online
2967,109,2452,2024-05-30,1,30.0,Online
2968,105,2452,2024-06-02,1,22.5,Online
2969,103,2452,2024-08-22,2,60.0,Online
2970,112,2452,2024-09-21,1,85.0,Online
2971,109,2452,2024-10-20,2,60.0,Online
2972,108,2453,2023-03-04,1,55.0,In-Store
2973,104,2453,2023-04-18,1,120.0,In-Store
2974,111,2453,2023-12-03,1,35.0,In-Store
2975,104,2453,2024-11-10,2,240.0,In-Store
2976,111,2453,2024-11-19,2,70.0,In-Store
2977,107,2453,2024-11-29,1,65.0,In-Store
2978,111,2453,2024-12-01,1,35.0,In-Store
2979,110,2453,2024-12-27,1,110.0,In-Store
2980,116,2455,2023-04-22,1,20.0,Online
2981,105,2455,2023-04-25,3,67.5,Online
2982,105,2455,2023-06-06,1,22.5,Online
2983,107,2455,2023-06-29,2,130.0,In-Store
2984,109,2455,2023-11-02,2,60.0,Online
2985,101,2455,2023-12-12,4,100.0,Online
2986,117,2455,2023-12-14,1,18.0,Online
2987,109,2455,2024-01-16,2,60.0,Online
2988,117,2455,2024-04-17,1,18.0,Online
2989,103,2457,2023-08-09,1,30.0,Online
2990,120,2457,2023-12-05,1,15.0,In-Store
2991,102,2458,2023-11-13,1,75.0,Online
2992,115,2458,2023-11-23,1,130.0,Online
2993,107,2458,2023-11-25,1,65.0,In-Store
2994,112,2458,2023-12-28,1,85.0,In-Store
2995,104,2458,2024-01-04,1,120.0,In-Store
2996,112,2458,2024-03-27,1,85.0,Online
2997,114,2458,2024-05-21,1,150.0,In-Store
2998,108,2458,2024-06-07,3,165.0,In-Store
2999,108,2458,2024-07-20,1,55.0,In-Store
3000,108,2458,2024-11-14,3,165.0,In-Store
3001,106,2458,2024-11-26,1,40.0,In-Store
3002,101,2460,2023-01-01,1,25.0,In-Store
3003,102,2460,2023-02-15,1,75.0,In-Store
3004,103,2460,2023-05-04,1,30.0,In-Store
3005,101,2460,2024-04-24,1,25.0,In-Store
3006,115,2460,2024-05-23,1,130.0,In-Store
3007,113,2460,2024-06-20,1,180.0,In-Store
3008,108,2460,2024-07-27,1,55.0,In-Store
3009,110,2460,2024-12-09,1,110.0,In-Store
3010,113,2461,2023-11-05,1,180.0,In-Store
3011,113,2461,2023-12-24,1,180.0,Online
3012,119,2462,2023-03-09,1,45.0,In-Store
3013,114,2462,2023-08-03,2,300.0,In-Store
3014,112,2462,2023-08-16,2,170.0,In-Store
3015,104,2462,2023-08-29,2,240.0,In-Store
3016,116,2462,2024-02-02,1,20.0,In-Store
3017,107,2462,2024-07-27,2,130.0,In-Store
3018,104,2462,2024-11-17,1,120.0,In-Store
3019,119,2463,2023-03-17,1,45.0,Online
3020,119,2463,2024-03-07,1,45.0,In-Store
3021,102,2464,2023-03-27,1,75.0,In-Store
3022,115,2464,2023-06-13,1,130.0,In-Store
3023,102,2464,2024-02-06,1,75.0,In-Store
3024,115,2464,2024-03-27,1,130.0,In-Store
3025,110,2464,2024-12-20,1,110.0,Online
3026,106,2465,2023-01-01,1,40.0,Online
3027,120,2466,2023-08-28,1,15.0,Online
3028,101,2466,2023-12-17,2,50.0,In-Store
3029,108,2466,2023-12-20,1,55.0,In-Store
3030,113,2466,2024-04-19,1,180.0,Online
3031,101,2466,2024-04-21,3,75.0,Online
3032,101,2466,2024-11-30,2,50.0,Online
3033,109,2467,2023-04-17,3,90.0,Online
3034,103,2467,2023-08-08,1,30.0,Online
3035,108,2468,2023-05-09,1,55.0,Online
3036,106,2468,2023-07-01,3,120.0,Online
3037,105,2468,2023-11-14,2,45.0,Online
3038,110,2469,2023-07-26,1,110.0,In-Store
3039,114,2469,2023-09-30,2,300.0,Online
3040,107,2469,2023-10-23,1,65.0,In-Store
3041,102,2469,2023-11-02,1,75.0,In-Store
3042,101,2469,2023-12-08,2,50.0,Online
3043,119,2469,2024-02-11,1,45.0,In-Store
3044,109,2469,2024-07-08,1,30.0,In-Store
3045,109,2469,2024-10-07,3,90.0,In-Store
3046,115,2469,2024-12-27,1,130.0,In-Store
3047,120,2470,2023-12-15,2,30.0,Online
3048,117,2470,2024-01-24,3,54.0,Online
3049,109,2470,2024-03-22,2,60.0,Online
3050,102,2470,2024-03-30,2,150.0,In-Store
3051,102,2470,2024-10-03,2,150.0,In-Store
3052,107,2471,2023-04-20,1,65.0,In-Store
3053,110,2471,2023-07-27,1,110.0,In-Store
3054,101,2471,2023-09-25,1,25.0,In-Store
3055,106,2471,2023-10-28,1,40.0,In-Store
3056,114,2471,2023-11-20,1,150.0,In-Store
3057,107,2471,2023-11-29,2,130.0,In-Store
3058,109,2471,2023-11-30,2,60.0,In-Store
3059,108,2471,2023-12-22,1,55.0,In-Store
3060,106,2471,2024-05-17,1,40.0,Online
3061,108,2471,2024-10-04,1,55.0,Online
3062,111,2471,2024-11-10,1,35.0,In-Store
3063,120,2472,2023-12-14,2,30.0,Online
3064,104,2472,2024-02-03,1,120.0,In-Store
3065,118,2472,2024-06-30,1,60.0,Online
3066,101,2473,2023-05-24,2,50.0,In-Store
3067,116,2473,2023-06-10,1,20.0,Online
3068,106,2473,2023-08-13,1,40.0,Online
3069,120,2473,2023-08-21,1,15.0,Online
3070,116,2473,2023-10-23,1,20.0,In-Store
3071,106,2473,2023-11-15,2,80.0,Online
3072,101,2473,2023-12-03,2,50.0,Online
3073,101,2473,2023-12-15,2,50.0,Online
3074,118,2473,2023-12-22,2,120.0,Online
3075,108,2473,2024-07-30,2,110.0,Online
3076,116,2473,2024-08-20,1,20.0,Online
3077,105,2473,2024-08-25,2,45.0,Online
3078,110,2473,2024-08-29,2,220.0,Online
3079,101,2473,2024-10-14,1,25.0,Online
3080,102,2474,2024-09-06,1,75.0,In-Store
3081,106,2474,2024-09-13,1,40.0,In-Store
3082,104,2474,2024-11-23,1,120.0,Online
3083,115,2475,2024-06-19,1,130.0,In-Store
3084,113,2475,2024-07-08,1,180.0,Online
3085,104,2475,2024-07-22,1,120.0,In-Store
3086,113,2475,2024-10-02,1,180.0,Online
3087,115,2475,2024-11-07,1,130.0,Online
3088,113,2475,2024-11-09,1,180.0,Online
3089,110,2477,2023-05-09,1,110.0,In-Store
3090,113,2477,2023-11-24,1,180.0,In-Store
3091,107,2477,2023-12-01,2,130.0,Online
3092,113,2477,2024-03-29,1,180.0,In-Store
3093,113,2477,2024-04-25,1,180.0,Online
3094,106,2477,2024-05-12,1,40.0,In-Store
3095,117,2480,2024-08-30,1,18.0,Online
3096,108,2482,2023-03-04,1,55.0,In-Store
3097,115,2482,2023-04-28,1,130.0,In-Store
3098,111,2482,2023-05-14,1,35.0,In-Store
3099,116,2482,2023-06-07,1,20.0,In-Store
3100,111,2482,2023-08-08,3,105.0,In-Store
3101,108,2482,2023-10-08,2,110.0,In-Store
3102,118,2482,2023-12-07,1,60.0,In-Store
3103,104,2482,2023-12-18,1,120.0,In-Store
3104,101,2482,2024-02-01,2,50.0,In-Store
3105,113,2482,2024-02-14,1,180.0,In-Store
3106,111,2482,2024-03-22,1,35.0,In-Store
3107,108,2482,2024-04-09,1,55.0,In-Store
3108,104,2482,2024-07-12,2,240.0,In-Store
3109,113,2482,2024-08-10,1,180.0,In-Store
3110,106,2482,2024-08-28,1,40.0,In-Store
3111,114,2482,2024-11-05,1,150.0,In-Store
3112,116,2482,2024-11-23,1,20.0,In-Store
3113,113,2482,2024-12-18,1,180.0,In-Store
3114,101,2483,2023-03-19,3,75.0,Online
3115,116,2483,2023-03-23,1,20.0,Online
3116,118,2483,2023-05-14,2,120.0,In-Store
3117,107,2483,2023-09-18,1,65.0,Online
3118,101,2483,2024-03-09,2,50.0,Online
3119,109,2483,2024-10-19,1,30.0,Online
3120,106,2483,2024-11-04,2,80.0,In-Store
3121,107,2483,2024-12-05,1,65.0,Online
3122,102,2483,2024-12-12,2,150.0,Online
3123,106,2483,2024-12-24,1,40.0,Online
3124,106,2484,2024-10-26,1,40.0,In-Store
3125,106,2484,2024-12-03,1,40.0,In-Store
3126,109,2484,2024-12-27,1,30.0,In-Store
3127,108,2485,2023-07-01,1,55.0,In-Store
3128,101,2485,2023-07-15,1,25.0,In-Store
3129,113,2485,2023-09-22,1,180.0,In-Store
3130,102,2485,2023-11-08,1,75.0,In-Store
3131,107,2485,2024-01-19,3,195.0,In-Store
3132,102,2485,2024-01-31,1,75.0,In-Store
3133,106,2485,2024-05-22,3,120.0,In-Store
3134,107,2485,2024-06-30,3,195.0,Online
3135,108,2485,2024-08-31,2,110.0,In-Store
3136,106,2485,2024-11-22,1,40.0,In-Store
3137,114,2485,2024-12-03,1,150.0,In-Store
3138,115,2485,2024-12-04,1,130.0,Online
3139,114,2486,2023-05-14,1,150.0,Online
3140,101,2486,2023-06-14,1,25.0,Online
3141,119,2486,2024-01-03,1,45.0,In-Store
3142,103,2486,2024-03-26,1,30.0,Online
3143,120,2487,2023-02-23,1,15.0,Online
3144,111,2488,2023-06-28,1,35.0,Online
3145,108,2491,2023-07-08,1,55.0,In-Store
3146,116,2491,2023-10-04,1,20.0,In-Store
3147,114,2491,2024-06-29,1,150.0,In-Store
3148,101,2492,2023-03-03,1,25.0,In-Store
3149,108,2492,2023-04-24,2,110.0,In-Store
3150,104,2492,2023-07-01,1,120.0,Online
3151,106,2492,2023-09-14,1,40.0,In-Store
3152,111,2492,2023-10-25,1,35.0,In-Store
3153,109,2492,2023-12-17,1,30.0,In-Store
3154,101,2492,2024-03-04,1,25.0,In-Store
3155,107,2492,2024-10-13,1,65.0,In-Store
3156,112,2493,2023-06-04,1,85.0,In-Store
3157,113,2493,2023-07-28,1,180.0,In-Store
3158,107,2493,2023-08-05,1,65.0,In-Store
3159,115,2493,2023-12-13,2,260.0,In-Store
3160,108,2493,2023-12-28,1,55.0,In-Store
3161,119,2493,2024-05-17,1,45.0,In-Store
3162,105,2493,2024-10-28,1,22.5,Online
3163,107,2493,2024-11-02,1,65.0,Online
3164,102,2493,2024-11-06,1,75.0,In-Store
3165,114,2494,2023-05-26,1,150.0,In-Store
3166,104,2494,2024-01-29,1,120.0,In-Store
3167,109,2494,2024-02-08,1,30.0,In-Store
3168,106,2494,2024-04-19,1,40.0,In-Store
3169,113,2494,2024-05-29,1,180.0,In-Store
3170,113,2494,2024-06-04,2,360.0,In-Store
3171,114,2494,2024-11-13,1,150.0,In-Store
3172,105,2495,2023-06-27,2,45.0,Online
3173,117,2495,2023-07-25,1,18.0,Online
3174,108,2495,2023-09-06,2,110.0,In-Store
3175,108,2495,2023-11-09,1,55.0,Online
3176,118,2495,2024-01-31,1,60.0,Online
3177,111,2495,2024-04-09,1,35.0,Online
3178,120,2495,2024-08-11,1,15.0,In-Store
3179,116,2496,2023-05-05,1,20.0,Online
3180,106,2496,2023-07-02,1,40.0,Online
3181,118,2496,2023-08-06,1,60.0,Online
3182,120,2496,2023-09-21,1,15.0,Online
3183,111,2496,2023-10-07,1,35.0,Online
3184,105,2496,2023-11-03,1,22.5,Online
3185,103,2496,2023-11-04,1,30.0,Online
3186,106,2496,2023-11-07,1,40.0,Online
3187,106,2496,2023-12-28,1,40.0,Online
3188,111,2496,2023-12-30,2,70.0,Online
3189,117,2496,2024-02-04,2,36.0,In-Store
3190,112,2497,2023-03-29,1,85.0,In-Store
3191,116,2498,2024-03-23,1,20.0,Online
3192,118,2498,2024-06-07,1,60.0,In-Store
3193,109,2499,2023-07-28,1,30.0,In-Store
3194,102,2499,2023-08-10,1,75.0,In-Store
3195,115,2499,2023-09-15,1,130.0,In-Store
3196,104,2499,2023-12-18,1,120.0,In-Store
3197,112,2499,2024-06-14,1,85.0,In-Store
3198,101,2499,2024-11-16,3,75.0,In-Store
3199,116,2500,2023-07-26,2,40.0,Online
3200,109,2500,2023-12-07,2,60.0,In-Store
3201,103,2500,2023-12-20,2,60.0,Online
3202,101,2500,2023-12-26,3,75.0,Online
3203,111,2500,2024-03-18,2,70.0,Online
3204,107,2500,2024-07-30,1,65.0,Online
3205,105,2500,2024-08-26,1,22.5,Online
3206,113,2501,2023-03-22,1,180.0,Online
3207,113,2501,2023-11-04,1,180.0,Online
3208,113,2502,2023-06-02,1,180.0,Online
3209,114,2502,2023-06-05,1,150.0,In-Store
3210,113,2502,2023-07-05,1,180.0,Online
3211,113,2502,2023-10-07,1,180.0,In-Store
3212,114,2502,2023-11-01,1,150.0,In-Store
3213,114,2502,2023-11-09,1,150.0,In-Store
3214,113,2502,2024-02-05,1,180.0,Online
3215,103,2502,2024-02-07,1,30.0,Online
3216,113,2502,2024-03-23,1,180.0,Online
3217,114,2502,2024-04-10,1,150.0,In-Store
3218,104,2502,2024-05-11,1,120.0,In-Store
3219,114,2502,2024-08-12,1,150.0,In-Store
3220,113,2502,2024-08-21,1,180.0,Online
3221,113,2502,2024-10-11,1,180.0,Online
3222,102,2502,2024-11-06,1,75.0,In-Store
3223,107,2502,2024-11-22,1,65.0,Online
3224,113,2502,2024-12-15,1,180.0,Online
3225,114,2502,2024-12-21,2,300.0,Online
3226,113,2503,2023-04-22,2,360.0,In-Store
3227,112,2503,2023-05-20,1,85.0,In-Store
3228,102,2503,2023-06-05,1,75.0,In-Store
3229,107,2503,2023-06-13,1,65.0,Online
3230,102,2503,2023-06-18,1,75.0,In-Store
3231,116,2504,2023-12-04,2,40.0,In-Store
3232,113,2504,2023-12-15,1,180.0,In-Store
3233,110,2504,2024-01-29,1,110.0,In-Store
3234,110,2504,2024-03-19,1,110.0,In-Store
3235,102,2504,2024-03-29,1,75.0,In-Store
3236,104,2504,2024-07-03,1,120.0,In-Store
3237,106,2504,2024-08-16,1,40.0,In-Store
3238,115,2504,2024-08-21,1,130.0,In-Store
3239,108,2504,2024-09-27,3,165.0,In-Store
3240,102,2504,2024-10-05,3,225.0,In-Store
3241,111,2504,2024-11-16,1,35.0,In-Store
3242,115,2504,2024-11-21,1,130.0,In-Store
3243,109,2505,2023-11-13,1,30.0,Online
3244,105,2506,2023-05-19,1,22.5,Online
3245,102,2506,2023-05-25,1,75.0,Online
3246,101,2506,2023-06-15,1,25.0,Online
3247,106,2506,2023-06-22,1,40.0,Online
3248,117,2506,2023-12-30,1,18.0,Online
3249,117,2506,2024-02-02,1,18.0,Online
3250,106,2506,2024-05-05,2,80.0,Online
3251,117,2506,2024-05-13,1,18.0,Online
3252,112,2506,2024-05-16,1,85.0,Online
3253,101,2506,2024-05-22,2,50.0,Online
3254,101,2506,2024-07-09,1,25.0,Online
3255,104,2506,2024-08-07,1,120.0,Online
3256,101,2506,2024-09-17,2,50.0,Online
3257,118,2506,2024-10-02,1,60.0,Online
3258,114,2506,2024-11-07,1,150.0,Online
3259,101,2506,2024-12-19,5,125.0,Online
3260,105,2506,2024-12-28,1,22.5,Online
3261,114,2507,2024-03-20,2,300.0,In-Store
3262,102,2507,2024-03-31,2,150.0,In-Store
3263,103,2507,2024-05-31,1,30.0,In-Store
3264,111,2507,2024-11-02,2,70.0,In-Store
3265,104,2507,2024-11-18,1,120.0,In-Store
3266,117,2507,2024-12-25,1,18.0,In-Store
3267,106,2508,2023-04-24,1,40.0,Online
3268,101,2508,2023-04-28,1,25.0,Online
3269,117,2510,2023-11-24,1,18.0,Online
3270,119,2510,2023-12-28,1,45.0,Online
3271,114,2510,2024-07-15,1,150.0,Online
3272,119,2510,2024-10-18,3,135.0,In-Store
3273,120,2511,2024-05-26,2,30.0,Online
3274,116,2511,2024-07-05,2,40.0,In-Store
3275,117,2513,2023-04-10,1,18.0,Online
3276,108,2513,2023-05-01,4,220.0,Online
3277,103,2513,2023-06-07,3,90.0,Online
3278,103,2513,2023-09-11,2,60.0,Online
3279,106,2513,2023-09-16,3,120.0,Online
3280,109,2513,2023-10-10,2,60.0,Online
3281,112,2513,2023-12-05,1,85.0,Online
3282,107,2513,2023-12-15,1,65.0,In-Store
3283,120,2514,2023-08-15,2,30.0,Online
3284,101,2514,2024-08-24,1,25.0,Online
3285,101,2514,2024-09-07,3,75.0,Online
3286,103,2515,2023-02-04,2,60.0,Online
3287,106,2515,2023-03-22,1,40.0,Online
3288,103,2515,2023-03-29,1,30.0,Online
3289,106,2515,2023-04-19,1,40.0,Online
3290,109,2515,2023-04-21,1,30.0,Online
3291,117,2515,2023-04-27,1,18.0,Online
3292,108,2515,2023-05-02,1,55.0,Online
3293,103,2515,2023-05-08,1,30.0,Online
3294,102,2515,2023-05-15,1,75.0,Online
3295,112,2515,2023-05-24,2,170.0,Online
3296,117,2515,2023-07-06,2,36.0,Online
3297,116,2515,2023-08-31,2,40.0,In-Store
3298,120,2515,2023-10-30,2,30.0,In-Store
3299,120,2515,2023-11-14,1,15.0,Online
3300,108,2515,2023-11-16,2,110.0,Online
3301,116,2515,2023-12-15,1,20.0,In-Store
3302,109,2515,2024-04-24,1,30.0,In-Store
3303,109,2515,2024-04-30,1,30.0,Online
3304,102,2515,2024-05-03,3,225.0,In-Store
3305,103,2515,2024-05-13,1,30.0,Online
3306,101,2515,2024-06-14,2,50.0,Online
3307,109,2515,2024-07-24,2,60.0,In-Store
3308,119,2515,2024-09-07,2,90.0,Online
3309,111,2515,2024-09-21,1,35.0,Online
3310,103,2515,2024-11-25,1,30.0,Online
3311,118,2515,2024-12-11,2,120.0,Online
3312,102,2515,2024-12-13,1,75.0,Online
3313,111,2515,2024-12-20,1,35.0,Online
3314,101,2516,2023-01-30,1,25.0,In-Store
3315,110,2516,2023-06-26,1,110.0,Online
3316,114,2516,2023-12-23,1,150.0,In-Store
3317,115,2516,2023-12-24,1,130.0,In-Store
3318,113,2516,2024-02-02,1,180.0,Online
3319,113,2516,2024-02-16,1,180.0,In-Store
3320,113,2516,2024-06-03,1,180.0,In-Store
3321,113,2516,2024-09-14,2,360.0,In-Store
3322,113,2516,2024-12-21,1,180.0,In-Store
3323,113,2517,2023-04-01,1,180.0,Online
3324,114,2517,2023-08-30,1,150.0,In-Store
3325,113,2517,2023-11-17,1,180.0,Online
3326,113,2517,2023-12-28,1,180.0,In-Store
3327,113,2517,2024-02-06,1,180.0,Online
3328,113,2517,2024-06-20,2,360.0,In-Store
3329,114,2517,2024-06-25,1,150.0,Online
3330,113,2517,2024-08-14,1,180.0,Online
3331,106,2518,2023-05-26,1,40.0,Online
3332,109,2518,2023-07-17,1,30.0,In-Store
3333,116,2518,2023-09-01,1,20.0,Online
3334,108,2518,2023-12-24,3,165.0,Online
3335,118,2518,2024-01-10,2,120.0,Online
3336,109,2518,2024-01-19,2,60.0,Online
3337,109,2518,2024-01-22,1,30.0,Online
3338,111,2518,2024-02-20,2,70.0,Online
3339,120,2518,2024-08-04,2,30.0,Online
3340,101,2518,2024-09-30,2,50.0,In-Store
3341,107,2518,2024-11-03,2,130.0,Online
3342,108,2518,2024-11-20,1,55.0,Online
3343,116,2519,2023-02-12,1,20.0,Online
3344,107,2519,2023-06-17,1,65.0,In-Store
3345,114,2519,2023-08-14,1,150.0,In-Store
3346,103,2519,2023-09-25,2,60.0,In-Store
3347,109,2519,2023-11-04,1,30.0,In-Store
3348,109,2519,2023-11-20,2,60.0,In-Store
3349,115,2519,2024-01-03,2,260.0,In-Store
3350,102,2519,2024-01-26,1,75.0,In-Store
3351,110,2519,2024-07-10,1,110.0,In-Store
3352,117,2519,2024-08-29,1,18.0,In-Store
3353,102,2519,2024-08-30,1,75.0,In-Store
3354,108,2519,2024-11-17,1,55.0,In-Store
3355,107,2519,2024-12-07,1,65.0,In-Store
3356,109,2521,2024-06-08,1,30.0,Online
3357,106,2522,2023-07-03,2,80.0,Online
3358,101,2522,2023-08-17,2,50.0,Online
3359,119,2522,2023-08-25,2,90.0,Online
3360,120,2522,2023-10-26,2,30.0,Online
3361,108,2522,2023-12-28,2,110.0,Online
3362,111,2522,2024-03-25,1,35.0,Online
3363,106,2522,2024-04-07,1,40.0,Online
3364,117,2522,2024-09-19,1,18.0,Online
3365,114,2523,2023-03-27,1,150.0,In-Store
3366,115,2523,2023-11-27,1,130.0,Online
3367,113,2523,2024-02-11,1,180.0,In-Store
3368,115,2523,2024-02-20,2,260.0,Online
3369,113,2523,2024-03-12,1,180.0,Online
3370,113,2523,2024-04-19,1,180.0,Online
3371,114,2523,2024-05-17,1,150.0,In-Store
3372,113,2523,2024-07-17,1,180.0,Online
3373,104,2523,2024-07-20,1,120.0,Online
3374,113,2523,2024-12-31,1,180.0,Online
3375,115,2524,2023-01-06,2,260.0,In-Store
3376,113,2524,2023-04-06,1,180.0,Online
3377,113,2524,2023-04-13,1,180.0,Online
3378,114,2524,2023-04-25,1,150.0,In-Store
3379,113,2524,2023-11-30,1,180.0,In-Store
3380,115,2524,2024-03-05,1,130.0,In-Store
3381,114,2524,2024-08-22,1,150.0,In-Store
3382,102,2524,2024-10-04,1,75.0,Online
3383,113,2524,2024-10-13,1,180.0,In-Store
3384,113,2524,2024-10-14,1,180.0,In-Store
3385,104,2524,2024-12-20,1,120.0,Online
3386,106,2525,2024-05-29,1,40.0,In-Store
3387,111,2525,2024-09-21,1,35.0,In-Store
3388,114,2526,2023-01-09,2,300.0,Online
3389,107,2526,2023-04-23,1,65.0,In-Store
3390,120,2526,2023-06-06,1,15.0,Online
3391,101,2526,2023-07-19,3,75.0,Online
3392,111,2527,2023-06-16,2,70.0,Online
3393,116,2527,2024-02-22,1,20.0,Online
3394,105,2527,2024-09-19,1,22.5,Online
3395,101,2528,2023-01-18,2,50.0,Online
3396,106,2528,2023-02-27,1,40.0,Online
3397,105,2528,2023-04-14,2,45.0,Online
3398,106,2528,2023-04-21,1,40.0,Online
3399,105,2528,2023-07-07,1,22.5,Online
3400,112,2528,2023-09-10,3,255.0,In-Store
3401,117,2528,2023-09-23,2,36.0,Online
3402,103,2528,2023-09-26,1,30.0,Online
3403,101,2528,2023-10-13,2,50.0,Online
3404,105,2528,2023-12-02,2,45.0,Online
3405,103,2528,2023-12-03,2,60.0,In-Store
3406,103,2528,2024-05-21,2,60.0,Online
3407,103,2528,2024-06-24,5,150.0,Online
3408,116,2528,2024-08-26,1,20.0,Online
3409,109,2528,2024-08-29,2,60.0,Online
3410,106,2528,2024-09-08,2,80.0,Online
3411,101,2528,2024-09-11,1,25.0,Online
3412,109,2528,2024-09-27,1,30.0,Online
3413,109,2528,2024-12-03,1,30.0,Online
3414,105,2528,2024-12-24,1,22.5,Online
3415,111,2529,2023-03-30,2,70.0,Online
3416,106,2529,2023-06-17,1,40.0,Online
3417,105,2529,2023-09-02,1,22.5,Online
3418,106,2529,2023-11-01,3,120.0,Online
3419,106,2529,2023-11-14,1,40.0,In-Store
3420,118,2529,2024-02-25,2,120.0,In-Store
3421,119,2529,2024-03-14,1,45.0,Online
3422,111,2529,2024-04-03,1,35.0,In-Store
3423,116,2529,2024-04-06,2,40.0,Online
3424,109,2529,2024-05-02,1,30.0,Online
3425,108,2529,2024-06-11,2,110.0,Online
3426,120,2529,2024-10-18,2,30.0,Online
3427,102,2529,2024-11-10,2,150.0,Online
3428,115,2531,2023-11-13,2,260.0,In-Store
3429,113,2531,2024-06-21,1,180.0,Online
3430,114,2532,2023-04-03,1,150.0,Online
3431,109,2532,2023-05-14,1,30.0,In-Store
3432,104,2532,2023-10-17,2,240.0,Online
3433,114,2532,2023-11-04,1,150.0,In-Store
3434,108,2532,2024-11-01,1,55.0,In-Store
3435,105,2533,2024-03-30,1,22.5,In-Store
3436,103,2533,2024-09-23,1,30.0,In-Store
3437,108,2534,2023-02-25,1,55.0,Online
3438,105,2534,2023-06-18,1,22.5,Online
3439,107,2534,2023-07-22,2,130.0,Online
3440,117,2534,2023-08-05,1,18.0,Online
3441,118,2534,2023-12-12,3,180.0,Online
3442,107,2534,2023-12-25,3,195.0,Online
3443,117,2534,2024-05-28,1,18.0,Online
3444,107,2534,2024-09-27,2,130.0,Online
3445,120,2534,2024-09-28,1,15.0,Online
3446,101,2534,2024-10-28,1,25.0,Online
3447,105,2534,2024-11-09,1,22.5,Online
3448,107,2534,2024-12-19,1,65.0,Online
3449,108,2535,2023-11-25,1,55.0,In-Store
3450,113,2535,2024-05-30,2,360.0,In-Store
3451,114,2535,2024-08-04,1,150.0,In-Store
3452,106,2535,2024-11-01,2,80.0,In-Store
3453,114,2535,2024-11-13,1,150.0,Online
3454,104,2536,2023-10-01,1,120.0,In-Store
3455,109,2536,2023-11-27,2,60.0,In-Store
3456,115,2536,2023-12-01,1,130.0,In-Store
3457,106,2536,2024-01-11,1,40.0,In-Store
3458,110,2536,2024-01-24,1,110.0,Online
3459,103,2536,2024-01-25,2,60.0,In-Store
3460,108,2536,2024-04-19,2,110.0,In-Store
3461,102,2536,2024-04-29,1,75.0,In-Store
3462,107,2536,2024-09-08,1,65.0,In-Store
3463,103,2536,2024-11-19,1,30.0,In-Store
3464,111,2537,2023-01-09,1,35.0,In-Store
3465,105,2537,2023-10-30,1,22.5,In-Store
3466,119,2537,2024-01-13,2,90.0,In-Store
3467,116,2537,2024-07-10,2,40.0,In-Store
3468,109,2537,2024-12-06,2,60.0,Online
3469,106,2538,2023-01-01,2,80.0,Online
3470,109,2538,2023-04-14,2,60.0,Online
3471,111,2538,2023-06-07,2,70.0,Online
3472,105,2538,2023-11-10,1,22.5,Online
3473,118,2538,2024-02-28,1,60.0,Online
3474,117,2538,2024-06-03,2,36.0,Online
3475,114,2539,2024-10-10,1,150.0,Online
3476,107,2540,2023-04-19,1,65.0,In-Store
3477,103,2541,2023-06-03,1,30.0,Online
3478,101,2541,2023-06-26,1,25.0,Online
3479,120,2541,2023-07-24,2,30.0,Online
3480,108,2541,2023-08-16,3,165.0,Online
3481,109,2541,2023-12-03,2,60.0,Online
3482,120,2541,2024-01-02,2,30.0,Online
3483,105,2541,2024-01-03,1,22.5,Online
3484,119,2541,2024-01-10,1,45.0,Online
3485,101,2541,2024-04-11,2,50.0,Online
3486,109,2541,2024-05-08,1,30.0,Online
3487,106,2541,2024-05-23,1,40.0,Online
3488,111,2541,2024-09-19,2,70.0,In-Store
3489,116,2541,2024-10-17,1,20.0,Online
3490,106,2541,2024-10-18,2,80.0,Online
3491,103,2541,2024-12-16,1,30.0,In-Store
3492,105,2541,2024-12-17,2,45.0,Online
3493,102,2541,2024-12-29,2,150.0,Online
3494,113,2543,2023-04-30,1,180.0,In-Store
3495,114,2543,2023-05-08,1,150.0,In-Store
3496,113,2543,2023-05-19,1,180.0,Online
3497,114,2543,2023-06-17,1,150.0,Online
3498,113,2543,2023-06-20,1,180.0,In-Store
3499,113,2543,2023-12-04,1,180.0,In-Store
3500,113,2543,2023-12-29,1,180.0,In-Store
3501,103,2544,2023-11-03,1,30.0,Online
3502,109,2544,2023-11-08,1,30.0,Online
3503,101,2544,2023-11-14,1,25.0,Online
3504,109,2544,2023-12-08,3,90.0,Online
3505,105,2544,2023-12-14,1,22.5,Online
3506,116,2544,2024-02-18,2,40.0,Online
3507,109,2544,2024-03-05,1,30.0,Online
3508,109,2544,2024-04-21,2,60.0,Online
3509,116,2544,2024-06-17,4,80.0,In-Store
3510,103,2544,2024-06-24,2,60.0,Online
3511,106,2544,2024-06-27,1,40.0,Online
3512,103,2544,2024-07-19,2,60.0,Online
3513,108,2544,2024-07-26,1,55.0,Online
3514,120,2544,2024-08-30,2,30.0,Online
3515,108,2544,2024-09-10,1,55.0,Online
3516,109,2544,2024-09-29,4,120.0,Online
3517,107,2544,2024-12-21,1,65.0,Online
3518,113,2545,2023-06-24,1,180.0,Online
3519,113,2545,2023-07-27,1,180.0,In-Store
3520,107,2545,2023-08-20,1,65.0,Online
3521,115,2545,2023-10-06,1,130.0,In-Store
3522,113,2545,2023-10-24,1,180.0,Online
3523,114,2545,2023-11-11,1,150.0,In-Store
3524,115,2545,2023-11-23,1,130.0,Online
3525,114,2545,2024-03-15,1,150.0,In-Store
3526,113,2545,2024-04-10,1,180.0,In-Store
3527,115,2545,2024-06-27,1,130.0,Online
3528,114,2545,2024-07-26,2,300.0,In-Store
3529,113,2545,2024-10-15,1,180.0,Online
3530,114,2545,2024-12-11,1,150.0,Online
3531,113,2546,2024-04-13,1,180.0,In-Store
3532,118,2546,2024-06-01,2,120.0,In-Store
3533,108,2546,2024-07-11,1,55.0,In-Store
3534,120,2546,2024-09-01,1,15.0,Online
3535,109,2546,2024-10-22,2,60.0,In-Store
3536,107,2546,2024-10-24,1,65.0,Online
3537,102,2546,2024-11-02,1,75.0,In-Store
3538,120,2547,2023-10-10,1,15.0,In-Store
3539,106,2547,2023-10-14,3,120.0,Online
3540,108,2547,2024-03-26,2,110.0,Online
3541,120,2547,2024-05-09,1,15.0,In-Store
3542,106,2547,2024-09-02,2,80.0,Online
3543,109,2547,2024-10-23,1,30.0,In-Store
3544,103,2547,2024-12-18,1,30.0,Online
3545,106,2548,2023-03-20,2,80.0,Online
3546,101,2548,2023-03-24,3,75.0,In-Store
3547,109,2548,2023-04-28,1,30.0,Online
3548,119,2548,2023-08-14,2,90.0,In-Store
3549,105,2548,2023-08-16,3,67.5,Online
3550,103,2548,2023-11-27,2,60.0,Online
3551,120,2548,2023-12-29,2,30.0,Online
3552,108,2548,2024-04-08,1,55.0,Online
3553,120,2548,2024-06-26,2,30.0,Online
3554,120,2548,2024-07-23,2,30.0,Online
3555,109,2548,2024-07-25,1,30.0,In-Store
3556,118,2548,2024-08-22,2,120.0,In-Store
3557,118,2548,2024-08-29,1,60.0,In-Store
3558,106,2548,2024-09-27,1,40.0,In-Store
3559,109,2548,2024-10-03,4,120.0,Online
3560,101,2548,2024-10-14,2,50.0,Online
3561,103,2549,2023-08-28,2,60.0,Online
3562,116,2549,2023-08-30,2,40.0,Online
3563,109,2549,2023-10-06,1,30.0,In-Store
3564,109,2549,2023-12-07,1,30.0,Online
3565,104,2550,2023-11-16,1,120.0,In-Store
3566,113,2550,2023-12-26,1,180.0,Online
3567,102,2550,2024-01-24,1,75.0,Online
3568,107,2550,2024-05-23,2,130.0,In-Store
3569,106,2550,2024-10-03,2,80.0,In-Store
3570,116,2551,2023-01-07,1,20.0,Online
3571,111,2551,2023-01-10,1,35.0,In-Store
3572,109,2551,2023-02-20,1,30.0,In-Store
3573,116,2551,2023-03-11,2,40.0,Online
3574,120,2551,2023-03-21,1,15.0,Online
3575,109,2551,2023-05-20,1,30.0,In-Store
3576,109,2551,2023-06-09,2,60.0,Online
3577,105,2551,2023-08-16,2,45.0,Online
3578,103,2551,2023-09-02,3,90.0,Online
3579,101,2551,2023-09-04,1,25.0,Online
3580,116,2551,2023-09-22,1,20.0,Online
3581,106,2551,2023-10-06,1,40.0,Online
3582,105,2551,2023-10-31,1,22.5,Online
3583,103,2551,2023-11-05,2,60.0,Online
3584,119,2551,2023-12-03,1,45.0,Online
3585,105,2551,2023-12-04,2,45.0,In-Store
3586,110,2552,2023-07-12,1,110.0,In-Store
3587,104,2552,2023-09-04,1,120.0,Online
3588,114,2552,2023-11-03,1,150.0,Online
3589,104,2552,2024-06-20,1,120.0,In-Store
3590,115,2552,2024-08-02,1,130.0,Online
3591,115,2552,2024-10-13,1,130.0,Online
3592,113,2552,2024-10-15,1,180.0,In-Store
3593,113,2552,2024-12-10,1,180.0,Online
3594,115,2552,2024-12-27,1,130.0,In-Store
3595,120,2553,2023-02-08,1,15.0,Online
3596,105,2553,2023-05-11,2,45.0,Online
3597,116,2553,2023-05-16,1,20.0,Online
3598,101,2553,2023-07-24,2,50.0,Online
3599,109,2553,2023-08-14,2,60.0,In-Store
3600,116,2553,2023-08-22,1,20.0,Online
3601,109,2553,2023-09-22,1,30.0,Online
3602,103,2553,2023-10-27,1,30.0,Online
3603,111,2553,2023-11-05,1,35.0,Online
3604,109,2553,2023-11-28,1,30.0,Online
3605,103,2553,2023-12-01,2,60.0,Online
3606,106,2553,2024-01-10,1,40.0,Online
3607,117,2553,2024-04-16,1,18.0,Online
3608,101,2553,2024-05-21,1,25.0,Online
3609,105,2553,2024-06-25,2,45.0,In-Store
3610,111,2553,2024-07-04,1,35.0,In-Store
3611,106,2553,2024-07-22,3,120.0,Online
3612,111,2553,2024-08-15,1,35.0,Online
3613,103,2553,2024-08-18,3,90.0,Online
3614,113,2554,2023-12-09,1,180.0,In-Store
3615,114,2554,2023-12-13,1,150.0,In-Store
3616,113,2554,2023-12-25,2,360.0,In-Store
3617,114,2554,2024-05-12,1,150.0,Online
3618,104,2554,2024-10-25,1,120.0,In-Store
3619,113,2555,2024-07-05,2,360.0,In-Store
3620,113,2555,2024-11-18,1,180.0,In-Store
3621,116,2557,2023-08-08,1,20.0,In-Store
3622,109,2557,2023-08-15,1,30.0,Online
3623,107,2557,2024-02-23,1,65.0,In-Store
3624,119,2557,2024-12-07,2,90.0,Online
3625,114,2558,2023-04-21,1,150.0,In-Store
3626,109,2558,2023-07-24,3,90.0,In-Store
3627,107,2558,2023-09-24,2,130.0,In-Store
3628,101,2558,2023-11-19,2,50.0,In-Store
3629,114,2558,2024-03-12,2,300.0,In-Store
3630,118,2558,2024-11-26,1,60.0,In-Store
3631,107,2558,2024-12-07,1,65.0,In-Store
3632,120,2559,2023-01-08,1,15.0,Online
3633,102,2559,2023-02-01,3,225.0,Online
3634,120,2559,2023-03-26,1,15.0,Online
3635,120,2559,2023-04-20,2,30.0,In-Store
3636,106,2559,2023-06-08,2,80.0,Online
3637,106,2559,2023-07-25,1,40.0,Online
3638,108,2559,2023-09-04,2,110.0,Online
3639,116,2559,2023-09-17,2,40.0,Online
3640,116,2560,2024-03-08,1,20.0,Online
3641,109,2560,2024-06-16,2,60.0,In-Store
3642,106,2560,2024-07-06,1,40.0,Online
3643,105,2560,2024-09-22,3,67.5,Online
3644,101,2560,2024-11-07,1,25.0,Online
3645,119,2560,2024-11-09,3,135.0,Online
3646,109,2561,2024-05-02,2,60.0,Online
3647,116,2561,2024-05-09,1,20.0,Online
3648,118,2561,2024-05-10,3,180.0,Online
3649,120,2561,2024-05-17,2,30.0,Online
3650,101,2561,2024-07-24,2,50.0,Online
3651,117,2561,2024-09-18,1,18.0,Online
3652,106,2561,2024-09-19,2,80.0,Online
3653,109,2561,2024-10-01,2,60.0,Online
3654,116,2561,2024-11-04,2,40.0,Online
3655,109,2561,2024-12-06,1,30.0,Online
3656,106,2561,2024-12-15,1,40.0,Online
3657,101,2562,2023-01-15,2,50.0,In-Store
3658,106,2562,2023-04-09,1,40.0,Online
3659,111,2562,2023-05-07,2,70.0,Online
3660,107,2562,2023-06-23,2,130.0,Online
3661,101,2562,2023-06-25,1,25.0,Online
3662,111,2562,2023-08-04,2,70.0,Online
3663,116,2562,2023-08-29,1,20.0,In-Store
3664,111,2562,2023-09-12,1,35.0,Online
3665,118,2562,2023-10-15,3,180.0,Online
3666,101,2562,2023-12-14,1,25.0,Online
3667,103,2562,2023-12-24,1,30.0,Online
3668,101,2562,2024-01-22,2,50.0,Online
3669,117,2562,2024-04-03,1,18.0,Online
3670,106,2562,2024-05-11,1,40.0,Online
3671,120,2562,2024-05-14,1,15.0,Online
3672,106,2562,2024-06-21,1,40.0,Online
3673,117,2562,2024-07-09,3,54.0,Online
3674,120,2562,2024-07-11,2,30.0,Online
3675,120,2562,2024-10-15,1,15.0,Online
3676,102,2562,2024-11-03,1,75.0,Online
3677,109,2562,2024-11-05,2,60.0,Online
3678,106,2562,2024-12-21,1,40.0,Online
3679,119,2562,2024-12-25,1,45.0,Online
3680,103,2564,2023-06-06,1,30.0,In-Store
3681,119,2564,2023-07-30,2,90.0,In-Store
3682,102,2564,2023-07-31,3,225.0,Online
3683,108,2564,2023-09-16,1,55.0,Online
3684,118,2564,2023-09-23,2,120.0,Online
3685,117,2564,2023-10-05,1,18.0,Online
3686,109,2564,2023-10-28,1,30.0,Online
3687,117,2564,2023-11-29,2,36.0,In-Store
3688,109,2564,2023-12-18,4,120.0,Online
3689,106,2564,2023-12-25,1,40.0,Online
3690,103,2564,2024-01-07,1,30.0,In-Store
3691,111,2564,2024-10-29,1,35.0,In-Store
3692,109,2564,2024-11-23,2,60.0,Online
3693,105,2564,2024-11-29,1,22.5,In-Store
3694,103,2566,2023-01-07,2,60.0,In-Store
3695,108,2566,2023-03-13,1,55.0,Online
3696,119,2566,2023-07-05,1,45.0,Online
3697,103,2566,2023-10-24,3,90.0,Online
3698,105,2566,2023-11-14,1,22.5,Online
3699,103,2566,2024-05-12,1,30.0,Online
3700,116,2567,2023-06-06,3,60.0,Online
3701,118,2567,2023-06-14,3,180.0,Online
3702,106,2567,2023-07-31,1,40.0,Online
3703,111,2567,2023-10-22,1,35.0,Online
3704,106,2567,2023-10-28,2,80.0,In-Store
3705,120,2567,2023-12-18,2,30.0,In-Store
3706,117,2567,2023-12-29,1,18.0,Online
3707,109,2567,2024-01-07,1,30.0,Online
3708,106,2567,2024-01-12,1,40.0,In-Store
3709,106,2567,2024-03-19,1,40.0,In-Store
3710,107,2567,2024-06-02,1,65.0,Online
3711,118,2567,2024-06-04,1,60.0,Online
3712,113,2568,2023-02-06,1,180.0,In-Store
3713,115,2568,2023-06-02,1,130.0,Online
3714,113,2568,2023-07-13,1,180.0,Online
3715,113,2568,2023-10-17,1,180.0,Online
3716,112,2568,2023-11-17,1,85.0,Online
3717,113,2568,2023-12-12,1,180.0,In-Store
3718,114,2568,2024-01-23,1,150.0,Online
3719,114,2568,2024-04-12,1,150.0,Online
3720,113,2568,2024-09-19,1,180.0,In-Store
3721,113,2568,2024-11-17,1,180.0,In-Store
3722,113,2568,2024-12-08,1,180.0,In-Store
3723,115,2570,2023-06-30,1,130.0,In-Store
3724,113,2570,2023-08-15,1,180.0,Online
3725,113,2570,2023-08-25,1,180.0,In-Store
3726,110,2570,2024-01-06,1,110.0,In-Store
3727,113,2570,2024-06-02,1,180.0,In-Store
3728,113,2570,2024-07-14,1,180.0,In-Store
3729,115,2570,2024-09-14,1,130.0,Online
3730,115,2570,2024-11-01,1,130.0,Online
3731,111,2570,2024-12-21,2,70.0,Online
3732,106,2571,2023-03-21,1,40.0,In-Store
3733,101,2571,2023-04-09,2,50.0,In-Store
3734,102,2571,2023-06-16,1,75.0,In-Store
3735,101,2571,2024-10-21,1,25.0,In-Store
3736,113,2572,2023-02-05,1,180.0,Online
3737,113,2572,2023-03-26,1,180.0,Online
3738,113,2572,2023-09-25,1,180.0,Online
3739,114,2572,2023-10-10,1,150.0,In-Store
3740,114,2572,2023-12-23,1,150.0,In-Store
3741,113,2572,2024-03-04,1,180.0,Online
3742,107,2573,2023-01-30,2,130.0,Online
3743,107,2573,2023-12-26,1,65.0,In-Store
3744,106,2573,2024-01-05,1,40.0,In-Store
3745,112,2573,2024-02-24,1,85.0,In-Store
3746,108,2573,2024-07-25,1,55.0,In-Store
3747,105,2573,2024-11-10,1,22.5,In-Store
3748,101,2574,2023-01-09,1,25.0,Online
3749,106,2574,2023-06-13,1,40.0,In-Store
3750,103,2574,2023-09-06,1,30.0,Online
3751,109,2574,2023-09-07,3,90.0,Online
3752,119,2575,2023-03-19,2,90.0,In-Store
3753,119,2575,2023-03-23,1,45.0,In-Store
3754,102,2575,2023-04-16,1,75.0,In-Store
3755,108,2575,2023-06-26,1,55.0,In-Store
3756,119,2575,2023-08-28,2,90.0,Online
3757,113,2575,2023-12-19,1,180.0,In-Store
3758,113,2575,2024-09-24,1,180.0,In-Store
3759,107,2575,2024-11-05,1,65.0,In-Store
3760,109,2575,2024-12-18,1,30.0,Online
3761,119,2576,2023-12-28,1,45.0,Online
3762,117,2576,2024-05-30,1,18.0,Online
3763,113,2577,2023-03-30,4,720.0,Online
3764,113,2577,2023-04-02,1,180.0,In-Store
3765,104,2577,2024-04-25,1,120.0,Online
3766,104,2577,2024-11-07,1,120.0,Online
3767,114,2577,2024-11-20,3,450.0,In-Store
3768,113,2577,2024-12-25,1,180.0,Online
3769,120,2578,2023-03-11,2,30.0,Online
3770,116,2578,2023-05-12,2,40.0,Online
3771,110,2579,2023-03-17,1,110.0,In-Store
3772,106,2579,2023-05-04,1,40.0,In-Store
3773,120,2579,2024-03-11,1,15.0,In-Store
3774,106,2579,2024-03-18,1,40.0,In-Store
3775,101,2579,2024-03-30,1,25.0,In-Store
3776,101,2579,2024-09-30,1,25.0,In-Store
3777,114,2579,2024-12-29,2,300.0,In-Store
3778,106,2580,2023-09-06,1,40.0,In-Store
3779,119,2580,2024-06-22,1,45.0,Online
3780,117,2581,2023-01-12,2,36.0,Online
3781,106,2581,2023-04-27,1,40.0,Online
3782,117,2581,2023-06-19,2,36.0,Online
3783,108,2581,2023-08-10,1,55.0,In-Store
3784,105,2581,2023-10-27,1,22.5,Online
3785,105,2581,2023-11-01,1,22.5,Online
3786,108,2581,2024-05-13,1,55.0,In-Store
3787,118,2581,2024-08-05,1,60.0,Online
3788,120,2581,2024-09-12,1,15.0,Online
3789,103,2581,2024-10-12,1,30.0,Online
3790,101,2581,2024-12-10,1,25.0,Online
3791,105,2581,2024-12-22,3,67.5,Online
3792,109,2582,2023-06-07,2,60.0,In-Store
3793,119,2582,2023-09-13,1,45.0,In-Store
3794,101,2582,2024-04-18,1,25.0,In-Store
3795,103,2583,2023-04-14,2,60.0,Online
3796,101,2583,2023-04-24,1,25.0,Online
3797,108,2583,2023-04-25,2,110.0,Online
3798,116,2583,2023-10-13,1,20.0,Online
3799,117,2583,2023-10-20,1,18.0,Online
3800,108,2583,2023-11-25,2,110.0,Online
3801,117,2583,2024-01-08,2,36.0,Online
3802,116,2583,2024-02-08,1,20.0,Online
3803,106,2584,2023-01-23,1,40.0,Online
3804,108,2584,2023-01-30,1,55.0,In-Store
3805,101,2584,2023-03-03,1,25.0,Online
3806,108,2584,2023-04-19,1,55.0,In-Store
3807,107,2584,2023-10-13,2,130.0,In-Store
3808,103,2584,2023-11-01,3,90.0,In-Store
3809,116,2584,2023-12-06,1,20.0,In-Store
3810,106,2584,2024-03-26,2,80.0,In-Store
3811,102,2584,2024-06-26,1,75.0,Online
3812,103,2584,2024-08-05,2,60.0,In-Store
3813,107,2584,2024-09-10,2,130.0,In-Store
3814,110,2584,2024-12-12,1,110.0,Online
3815,111,2585,2023-07-15,2,70.0,In-Store
3816,101,2586,2024-07-13,3,75.0,Online
3817,109,2586,2024-08-02,1,30.0,Online
3818,103,2586,2024-08-24,1,30.0,Online
3819,116,2586,2024-09-15,2,40.0,Online
3820,120,2586,2024-09-17,3,45.0,Online
3821,105,2586,2024-11-03,1,22.5,Online
3822,116,2586,2024-11-08,1,20.0,Online
3823,109,2586,2024-12-19,1,30.0,In-Store
3824,102,2587,2023-04-01,1,75.0,In-Store
3825,101,2587,2023-07-05,2,50.0,Online
3826,116,2587,2023-08-05,1,20.0,In-Store
3827,106,2587,2023-08-23,1,40.0,In-Store
3828,101,2587,2023-10-15,1,25.0,In-Store
3829,109,2587,2023-12-01,1,30.0,In-Store
3830,114,2587,2024-01-09,1,150.0,Online
3831,101,2587,2024-01-24,2,50.0,In-Store
3832,102,2587,2024-02-25,3,225.0,In-Store
3833,101,2587,2024-05-24,2,50.0,In-Store
3834,106,2587,2024-08-29,2,80.0,In-Store
3835,106,2587,2024-11-05,1,40.0,In-Store
3836,113,2587,2024-12-07,2,360.0,In-Store
3837,113,2588,2023-01-14,1,180.0,In-Store
3838,107,2588,2023-05-27,1,65.0,In-Store
3839,114,2588,2023-08-01,2,300.0,Online
3840,114,2588,2023-11-12,1,150.0,In-Store
3841,113,2588,2023-11-29,1,180.0,Online
3842,114,2588,2024-02-19,1,150.0,Online
3843,113,2588,2024-05-31,1,180.0,In-Store
3844,113,2588,2024-07-27,1,180.0,Online
3845,111,2588,2024-10-23,1,35.0,In-Store
3846,109,2588,2024-11-18,1,30.0,Online
3847,113,2589,2024-06-05,1,180.0,Online
3848,104,2589,2024-07-07,1,120.0,In-Store
3849,113,2589,2024-09-20,1,180.0,Online
3850,113,2589,2024-12-24,1,180.0,Online
3851,113,2589,2024-12-31,1,180.0,In-Store
3852,114,2590,2023-03-19,2,300.0,Online
3853,113,2590,2023-04-05,1,180.0,In-Store
3854,113,2590,2023-07-04,1,180.0,Online
3855,114,2590,2023-08-14,1,150.0,In-Store
3856,113,2590,2023-09-03,1,180.0,In-Store
3857,113,2590,2023-10-08,2,360.0,In-Store
3858,113,2590,2023-12-04,1,180.0,In-Store
3859,116,2590,2024-02-10,1,20.0,In-Store
3860,107,2590,2024-03-12,1,65.0,In-Store
3861,113,2590,2024-04-28,1,180.0,Online
3862,113,2590,2024-05-15,1,180.0,Online
3863,113,2590,2024-06-15,1,180.0,Online
3864,115,2590,2024-07-06,1,130.0,Online
3865,113,2590,2024-07-15,2,360.0,Online
3866,113,2590,2024-08-18,1,180.0,Online
3867,114,2590,2024-10-05,1,150.0,In-Store
3868,113,2590,2024-11-24,2,360.0,Online
3869,115,2590,2024-12-10,1,130.0,Online
3870,114,2590,2024-12-20,1,150.0,Online
3871,113,2591,2023-01-17,1,180.0,Online
3872,107,2591,2023-03-03,1,65.0,In-Store
3873,114,2591,2023-06-29,1,150.0,Online
3874,113,2591,2023-09-23,1,180.0,In-Store
3875,113,2591,2024-06-03,1,180.0,In-Store
3876,113,2591,2024-09-21,1,180.0,Online
3877,114,2593,2023-03-06,1,150.0,In-Store
3878,111,2593,2023-07-02,2,70.0,Online
3879,112,2593,2023-07-03,2,170.0,In-Store
3880,115,2593,2023-07-04,1,130.0,In-Store
3881,108,2593,2023-10-17,2,110.0,In-Store
3882,110,2593,2023-11-30,2,220.0,In-Store
3883,109,2594,2024-03-06,1,30.0,In-Store
3884,114,2595,2023-08-15,1,150.0,Online
3885,113,2595,2023-11-19,2,360.0,In-Store
3886,113,2595,2023-11-23,1,180.0,In-Store
3887,110,2595,2023-12-17,1,110.0,Online
3888,115,2595,2023-12-26,1,130.0,In-Store
3889,108,2595,2024-05-28,1,55.0,In-Store
3890,115,2595,2024-12-31,1,130.0,In-Store
3891,111,2596,2023-04-11,1,35.0,In-Store
3892,115,2596,2023-04-23,1,130.0,In-Store
3893,109,2596,2023-12-11,1,30.0,In-Store
3894,114,2596,2023-12-25,1,150.0,In-Store
3895,101,2596,2024-06-22,1,25.0,Online
3896,109,2596,2024-06-23,1,30.0,Online
3897,108,2596,2024-06-24,1,55.0,In-Store
3898,120,2597,2024-06-28,1,15.0,In-Store
3899,110,2600,2023-01-01,1,110.0,In-Store
3900,111,2600,2023-02-22,1,35.0,In-Store
3901,106,2600,2023-04-16,2,80.0,Online
3902,108,2600,2023-04-19,2,110.0,In-Store
3903,119,2600,2023-10-30,1,45.0,Online
3904,118,2600,2023-11-10,1,60.0,In-Store
3905,102,2600,2023-11-18,1,75.0,Online
3906,101,2600,2023-12-05,1,25.0,In-Store
3907,106,2600,2024-05-25,1,40.0,In-Store
3908,116,2600,2024-09-24,1,20.0,In-Store
3909,118,2601,2024-07-11,1,60.0,Online
3910,106,2602,2023-04-23,1,40.0,In-Store
3911,110,2602,2023-05-14,1,110.0,In-Store
3912,110,2602,2023-06-13,1,110.0,In-Store
3913,106,2602,2023-07-16,2,80.0,In-Store
3914,102,2602,2023-11-19,1,75.0,In-Store
3915,108,2602,2023-11-21,1,55.0,In-Store
3916,114,2602,2023-12-01,1,150.0,In-Store
3917,104,2602,2024-03-18,1,120.0,In-Store
3918,105,2602,2024-03-24,2,45.0,In-Store
3919,120,2602,2024-05-08,2,30.0,In-Store
3920,101,2602,2024-05-27,1,25.0,In-Store
3921,115,2602,2024-06-12,1,130.0,In-Store
3922,113,2602,2024-06-26,1,180.0,In-Store
3923,119,2602,2024-07-29,1,45.0,In-Store
3924,102,2602,2024-09-07,2,150.0,In-Store
3925,107,2602,2024-09-28,1,65.0,Online
3926,111,2602,2024-10-16,1,35.0,In-Store
3927,113,2602,2024-11-01,1,180.0,In-Store
3928,107,2602,2024-11-24,1,65.0,In-Store
3929,106,2602,2024-12-22,3,120.0,In-Store
3930,116,2603,2023-03-17,1,20.0,Online
3931,109,2603,2023-04-28,2,60.0,Online
3932,101,2603,2023-05-27,2,50.0,Online
3933,118,2603,2023-07-10,2,120.0,Online
3934,109,2603,2024-02-20,1,30.0,Online
3935,102,2603,2024-03-05,1,75.0,Online
3936,107,2603,2024-07-07,1,65.0,In-Store
3937,109,2603,2024-08-18,1,30.0,Online
3938,103,2604,2023-08-03,1,30.0,In-Store
3939,117,2604,2023-08-07,1,18.0,Online
3940,120,2604,2023-09-02,2,30.0,In-Store
3941,103,2604,2023-12-02,1,30.0,Online
3942,112,2604,2023-12-21,2,170.0,Online
3943,101,2604,2023-12-25,2,50.0,Online
3944,106,2604,2024-01-26,1,40.0,Online
3945,102,2605,2023-10-19,1,75.0,In-Store
3946,107,2605,2024-01-19,2,130.0,Online
3947,101,2605,2024-03-16,1,25.0,In-Store
3948,113,2605,2024-06-04,1,180.0,In-Store
3949,111,2605,2024-09-23,1,35.0,In-Store
3950,110,2605,2024-11-28,1,110.0,In-Store
3951,113,2606,2023-08-26,1,180.0,In-Store
3952,114,2606,2023-09-11,1,150.0,Online
3953,113,2606,2023-10-12,1,180.0,Online
3954,113,2606,2023-10-23,1,180.0,In-Store
3955,113,2606,2023-11-13,1,180.0,Online
3956,114,2606,2023-12-15,1,150.0,Online
3957,113,2606,2024-03-23,1,180.0,Online
3958,113,2606,2024-04-08,1,180.0,Online
3959,113,2606,2024-04-17,1,180.0,Online
3960,114,2606,2024-06-14,1,150.0,Online
3961,114,2606,2024-07-03,1,150.0,Online
3962,113,2606,2024-07-05,1,180.0,Online
3963,114,2606,2024-10-13,1,150.0,In-Store
3964,116,2607,2023-03-09,2,40.0,Online
3965,102,2607,2023-06-30,3,225.0,Online
3966,103,2607,2024-02-19,1,30.0,In-Store
3967,109,2607,2024-05-16,2,60.0,Online
3968,101,2608,2023-01-27,1,25.0,In-Store
3969,117,2608,2023-11-27,1,18.0,Online
3970,102,2608,2024-03-10,1,75.0,In-Store
3971,103,2608,2024-06-17,1,30.0,Online
3972,105,2608,2024-12-05,1,22.5,Online
3973,101,2608,2024-12-07,2,50.0,Online
3974,108,2609,2024-07-05,1,55.0,Online
3975,116,2610,2024-02-07,1,20.0,In-Store
3976,111,2610,2024-08-14,1,35.0,Online
3977,117,2610,2024-10-22,1,18.0,Online
3978,116,2610,2024-12-31,2,40.0,Online
3979,113,2611,2023-07-28,1,180.0,In-Store
3980,113,2611,2023-08-16,1,180.0,Online
3981,115,2611,2023-08-26,1,130.0,Online
3982,116,2611,2023-11-21,1,20.0,Online
3983,113,2611,2023-11-25,1,180.0,Online
3984,113,2611,2024-01-29,2,360.0,Online
3985,113,2611,2024-03-17,1,180.0,In-Store
3986,112,2611,2024-04-29,1,85.0,In-Store
3987,114,2611,2024-10-06,1,150.0,In-Store
3988,113,2611,2024-11-18,1,180.0,Online
3989,113,2611,2024-12-30,2,360.0,Online
3990,113,2613,2023-06-30,1,180.0,Online
3991,113,2613,2024-01-01,1,180.0,Online
3992,104,2613,2024-01-07,1,120.0,In-Store
3993,113,2613,2024-01-21,1,180.0,Online
3994,113,2613,2024-03-13,1,180.0,In-Store
3995,114,2613,2024-03-23,1,150.0,In-Store
3996,113,2613,2024-06-17,1,180.0,Online
3997,105,2615,2023-05-31,1,22.5,Online
3998,102,2615,2023-06-25,2,150.0,In-Store
3999,101,2615,2023-07-28,1,25.0,Online
4000,109,2615,2023-08-12,1,30.0,Online
4001,109,2615,2023-08-26,1,30.0,Online
4002,117,2615,2023-10-03,1,18.0,In-Store
4003,106,2615,2023-12-03,2,80.0,Online
4004,120,2615,2023-12-26,2,30.0,Online
4005,101,2615,2024-05-24,1,25.0,Online
4006,101,2615,2024-06-13,2,50.0,Online
4007,117,2615,2024-06-16,2,36.0,Online
4008,117,2615,2024-07-17,1,18.0,Online
4009,116,2615,2024-07-28,3,60.0,Online
4010,116,2615,2024-08-04,1,20.0,Online
4011,120,2615,2024-09-09,3,45.0,In-Store
4012,120,2615,2024-10-25,2,30.0,Online
4013,120,2615,2024-11-18,1,15.0,Online
4014,107,2616,2023-04-02,1,65.0,In-Store
4015,107,2616,2023-05-24,1,65.0,In-Store
4016,115,2616,2023-05-31,1,130.0,In-Store
4017,102,2616,2023-08-07,1,75.0,In-Store
4018,101,2616,2023-08-22,1,25.0,In-Store
4019,109,2616,2023-11-23,1,30.0,In-Store
4020,108,2616,2023-12-21,2,110.0,In-Store
4021,112,2616,2024-01-18,1,85.0,In-Store
4022,101,2616,2024-02-05,1,25.0,Online
4023,112,2616,2024-03-09,1,85.0,In-Store
4024,101,2616,2024-03-12,1,25.0,In-Store
4025,101,2616,2024-03-23,2,50.0,Online
4026,109,2616,2024-07-07,1,30.0,In-Store
4027,112,2616,2024-07-10,1,85.0,In-Store
4028,107,2616,2024-09-02,1,65.0,In-Store
4029,117,2616,2024-10-14,1,18.0,In-Store
4030,106,2616,2024-11-15,2,80.0,In-Store
4031,113,2616,2024-11-27,1,180.0,Online
4032,101,2616,2024-12-31,1,25.0,In-Store
4033,109,2618,2023-01-02,1,30.0,Online
4034,120,2618,2023-02-11,1,15.0,Online
4035,101,2618,2023-06-03,2,50.0,Online
4036,116,2618,2023-06-14,1,20.0,Online
4037,108,2618,2023-08-17,2,110.0,Online
4038,118,2618,2023-09-06,1,60.0,Online
4039,105,2618,2023-09-18,1,22.5,Online
4040,114,2619,2023-03-05,1,150.0,In-Store
4041,113,2619,2023-06-07,1,180.0,In-Store
4042,113,2619,2023-12-23,1,180.0,In-Store
4043,113,2619,2024-02-13,1,180.0,Online
4044,112,2620,2023-08-25,1,85.0,Online
4045,118,2620,2023-10-16,1,60.0,Online
4046,106,2620,2023-10-24,2,80.0,Online
4047,120,2620,2023-11-12,1,15.0,Online
4048,109,2620,2023-11-16,1,30.0,Online
4049,111,2620,2023-12-03,1,35.0,Online
4050,103,2620,2023-12-05,1,30.0,Online
4051,117,2620,2024-01-02,1,18.0,Online
4052,101,2620,2024-03-21,1,25.0,Online
4053,120,2620,2024-04-25,2,30.0,Online
4054,117,2620,2024-06-01,1,18.0,Online
4055,114,2622,2024-08-06,2,300.0,Online
4056,104,2622,2024-09-28,1,120.0,Online
4057,113,2622,2024-11-05,1,180.0,Online
4058,113,2622,2024-11-09,1,180.0,Online
4059,108,2623,2023-04-15,2,110.0,Online
4060,111,2623,2023-04-17,1,35.0,Online
4061,103,2623,2023-04-22,1,30.0,In-Store
4062,117,2623,2023-05-23,1,18.0,Online
4063,116,2623,2023-06-04,1,20.0,Online
4064,116,2623,2023-07-05,4,80.0,Online
4065,105,2623,2023-07-18,1,22.5,Online
4066,103,2623,2023-08-07,1,30.0,Online
4067,115,2623,2023-08-26,1,130.0,Online
4068,108,2623,2023-09-02,1,55.0,Online
4069,107,2623,2023-11-25,1,65.0,Online
4070,120,2623,2023-12-01,1,15.0,Online
4071,106,2623,2023-12-11,1,40.0,Online
4072,120,2623,2023-12-21,1,15.0,In-Store
4073,105,2623,2023-12-30,2,45.0,Online
4074,108,2623,2024-02-21,2,110.0,Online
4075,111,2623,2024-02-22,1,35.0,Online
4076,101,2623,2024-02-28,2,50.0,Online
4077,111,2623,2024-03-02,2,70.0,Online
4078,116,2623,2024-04-03,3,60.0,Online
4079,106,2623,2024-05-03,1,40.0,Online
4080,101,2623,2024-05-17,1,25.0,Online
4081,109,2623,2024-06-03,1,30.0,In-Store
4082,103,2623,2024-07-10,2,60.0,Online
4083,120,2623,2024-07-19,2,30.0,In-Store
4084,120,2623,2024-07-26,2,30.0,Online
4085,120,2623,2024-08-03,1,15.0,Online
4086,103,2623,2024-08-15,3,90.0,Online
4087,116,2623,2024-08-24,2,40.0,Online
4088,117,2623,2024-10-12,3,54.0,Online
4089,117,2623,2024-11-18,2,36.0,Online
4090,115,2623,2024-11-29,1,130.0,Online
4091,118,2623,2024-12-14,1,60.0,Online
4092,108,2623,2024-12-19,2,110.0,Online
4093,106,2623,2024-12-31,2,80.0,Online
4094,117,2624,2023-01-06,1,18.0,In-Store
4095,108,2624,2023-01-09,3,165.0,Online
4096,103,2624,2023-04-10,1,30.0,Online
4097,111,2624,2023-05-22,2,70.0,Online
4098,109,2625,2023-01-08,1,30.0,In-Store
4099,102,2625,2023-02-11,2,150.0,Online
4100,109,2625,2023-03-02,1,30.0,Online
4101,111,2625,2023-04-08,1,35.0,Online
4102,101,2625,2023-05-08,1,25.0,Online
4103,103,2625,2023-05-16,2,60.0,Online
4104,106,2626,2023-11-20,1,40.0,Online
4105,117,2626,2024-08-19,1,18.0,In-Store
4106,105,2626,2024-11-22,1,22.5,Online
4107,112,2627,2023-04-15,1,85.0,Online
4108,101,2627,2023-05-17,1,25.0,Online
4109,118,2627,2024-06-07,1,60.0,Online
4110,103,2629,2023-01-30,4,120.0,Online
4111,109,2630,2023-05-25,1,30.0,Online
4112,112,2630,2023-11-17,1,85.0,In-Store
4113,103,2630,2023-12-03,1,30.0,In-Store
4114,109,2630,2024-09-22,1,30.0,In-Store
4115,102,2630,2024-10-02,1,75.0,In-Store
4116,104,2630,2024-12-10,1,120.0,In-Store
4117,113,2631,2023-11-10,1,180.0,In-Store
4118,109,2632,2023-01-11,1,30.0,Online
4119,108,2632,2023-02-15,1,55.0,Online
4120,107,2633,2023-06-08,1,65.0,In-Store
4121,102,2633,2023-06-17,1,75.0,In-Store
4122,102,2633,2023-06-26,1,75.0,In-Store
4123,113,2633,2023-08-22,1,180.0,In-Store
4124,102,2633,2023-08-24,1,75.0,In-Store
4125,115,2633,2023-09-22,1,130.0,In-Store
4126,106,2633,2023-11-04,1,40.0,In-Store
4127,102,2633,2023-11-08,1,75.0,Online
4128,113,2633,2023-12-23,1,180.0,In-Store
4129,115,2633,2024-04-18,1,130.0,In-Store
4130,108,2634,2023-04-23,1,55.0,In-Store
4131,116,2634,2023-10-12,1,20.0,Online
4132,120,2634,2024-02-05,1,15.0,Online
4133,117,2634,2024-04-06,1,18.0,Online
4134,105,2634,2024-05-04,1,22.5,Online
4135,118,2634,2024-12-17,1,60.0,In-Store
4136,102,2635,2023-08-04,2,150.0,In-Store
4137,114,2635,2023-11-17,1,150.0,In-Store
4138,101,2635,2024-03-29,2,50.0,In-Store
4139,102,2635,2024-04-27,1,75.0,In-Store
4140,104,2635,2024-11-18,1,120.0,Online
4141,101,2635,2024-11-30,1,25.0,In-Store
4142,110,2636,2024-11-17,1,110.0,In-Store
4143,116,2637,2024-03-01,1,20.0,Online
4144,112,2637,2024-07-15,2,170.0,Online
4145,116,2637,2024-08-24,2,40.0,Online
4146,116,2637,2024-09-02,1,20.0,In-Store
4147,106,2637,2024-10-20,3,120.0,Online
4148,108,2637,2024-11-01,3,165.0,Online
4149,117,2637,2024-12-23,2,36.0,Online
4150,106,2637,2024-12-27,2,80.0,Online
4151,104,2638,2023-03-26,1,120.0,In-Store
4152,113,2638,2023-08-09,1,180.0,In-Store
4153,115,2638,2023-11-08,1,130.0,In-Store
4154,113,2638,2024-02-29,1,180.0,Online
4155,113,2638,2024-06-17,1,180.0,In-Store
4156,114,2638,2024-07-18,1,150.0,Online
4157,120,2638,2024-12-01,1,15.0,In-Store
4158,110,2638,2024-12-06,1,110.0,Online
4159,117,2639,2023-01-22,1,18.0,Online
4160,116,2639,2023-02-06,1,20.0,Online
4161,109,2639,2023-04-22,1,30.0,Online
4162,109,2639,2023-05-09,1,30.0,Online
4163,111,2639,2023-05-22,1,35.0,Online
4164,117,2639,2023-08-04,1,18.0,Online
4165,109,2639,2023-08-06,2,60.0,Online
4166,113,2641,2023-03-26,1,180.0,Online
4167,114,2641,2023-07-24,2,300.0,Online
4168,113,2641,2023-12-06,1,180.0,In-Store
4169,115,2641,2024-03-09,1,130.0,In-Store
4170,114,2641,2024-04-04,1,150.0,Online
4171,113,2641,2024-06-10,1,180.0,Online
4172,115,2641,2024-09-11,1,130.0,Online
4173,113,2641,2024-09-30,1,180.0,In-Store
4174,113,2641,2024-10-25,1,180.0,In-Store
4175,115,2642,2023-05-22,1,130.0,In-Store
4176,116,2642,2023-11-04,1,20.0,Online
4177,103,2642,2023-12-06,2,60.0,In-Store
4178,120,2642,2024-01-26,1,15.0,In-Store
4179,102,2642,2024-03-15,1,75.0,Online
4180,109,2642,2024-04-23,1,30.0,In-Store
4181,105,2642,2024-07-07,1,22.5,Online
4182,108,2642,2024-09-24,1,55.0,In-Store
4183,105,2642,2024-09-30,1,22.5,In-Store
4184,101,2642,2024-12-15,1,25.0,In-Store
4185,118,2643,2023-09-25,1,60.0,In-Store
4186,102,2643,2023-10-28,1,75.0,Online
4187,102,2643,2024-03-23,1,75.0,In-Store
4188,108,2643,2024-03-24,1,55.0,Online
4189,112,2644,2024-02-28,1,85.0,Online
4190,108,2644,2024-03-17,1,55.0,In-Store
4191,119,2644,2024-05-02,2,90.0,Online
4192,116,2644,2024-06-15,1,20.0,Online
4193,103,2644,2024-06-28,1,30.0,Online
4194,120,2644,2024-08-03,1,15.0,Online
4195,116,2644,2024-09-07,1,20.0,Online
4196,116,2644,2024-09-28,1,20.0,Online
4197,101,2644,2024-11-17,1,25.0,Online
4198,102,2644,2024-12-29,2,150.0,Online
4199,110,2646,2024-11-10,1,110.0,In-Store
4200,117,2646,2024-12-11,1,18.0,In-Store
4201,106,2647,2023-05-09,2,80.0,Online
4202,114,2647,2023-05-12,1,150.0,In-Store
4203,118,2647,2023-08-29,1,60.0,In-Store
4204,118,2647,2023-10-30,1,60.0,In-Store
4205,113,2647,2023-12-11,2,360.0,In-Store
4206,107,2647,2024-01-05,1,65.0,In-Store
4207,104,2647,2024-05-02,1,120.0,In-Store
4208,114,2647,2024-05-29,3,450.0,Online
4209,112,2647,2024-06-25,2,170.0,In-Store
4210,115,2647,2024-08-31,1,130.0,In-Store
4211,102,2647,2024-10-31,1,75.0,In-Store
4212,119,2648,2024-04-04,1,45.0,In-Store
4213,114,2649,2024-02-05,1,150.0,Online
4214,115,2649,2024-06-12,1,130.0,Online
4215,113,2649,2024-07-21,1,180.0,In-Store
4216,113,2649,2024-09-04,1,180.0,Online
4217,114,2649,2024-09-28,1,150.0,In-Store
4218,114,2649,2024-11-29,1,150.0,In-Store
4219,113,2649,2024-12-03,1,180.0,In-Store
4220,105,2650,2023-05-27,1,22.5,Online
4221,120,2650,2023-08-21,2,30.0,Online
4222,106,2650,2023-11-18,2,80.0,Online
4223,120,2650,2023-12-23,1,15.0,Online
4224,103,2650,2024-01-03,1,30.0,Online
4225,119,2651,2023-02-03,1,45.0,Online
4226,106,2651,2023-02-13,2,80.0,Online
4227,106,2651,2023-05-16,1,40.0,Online
4228,116,2651,2023-07-04,1,20.0,In-Store
4229,107,2651,2023-08-17,1,65.0,In-Store
4230,116,2651,2023-10-14,1,20.0,Online
4231,116,2651,2023-10-16,1,20.0,In-Store
4232,101,2651,2023-10-27,1,25.0,Online
4233,101,2651,2023-11-25,1,25.0,In-Store
4234,120,2651,2023-12-01,1,15.0,Online
4235,106,2651,2024-02-10,1,40.0,Online
4236,109,2651,2024-03-24,1,30.0,Online
4237,109,2652,2023-05-03,2,60.0,Online
4238,103,2652,2023-06-11,1,30.0,In-Store
4239,117,2652,2023-07-23,1,18.0,Online
4240,111,2652,2023-08-17,1,35.0,Online
4241,117,2652,2023-09-22,2,36.0,Online
4242,105,2652,2023-09-30,1,22.5,Online
4243,105,2652,2024-02-28,2,45.0,Online
4244,117,2652,2024-04-14,2,36.0,In-Store
4245,116,2652,2024-05-15,1,20.0,Online
4246,109,2652,2024-08-22,2,60.0,Online
4247,111,2652,2024-09-05,2,70.0,Online
4248,108,2652,2024-09-12,1,55.0,Online
4249,105,2652,2024-12-04,1,22.5,Online
4250,113,2653,2024-06-19,1,180.0,In-Store
4251,106,2653,2024-07-13,1,40.0,Online
4252,101,2653,2024-07-25,1,25.0,In-Store
4253,114,2653,2024-10-25,2,300.0,In-Store
4254,114,2653,2024-11-07,1,150.0,Online
4255,101,2653,2024-11-09,1,25.0,In-Store
4256,112,2654,2023-03-25,1,85.0,In-Store
4257,107,2654,2023-10-19,2,130.0,In-Store
4258,107,2654,2024-02-12,1,65.0,Online
4259,108,2654,2024-02-15,1,55.0,In-Store
4260,108,2654,2024-02-29,1,55.0,In-Store
4261,105,2655,2023-03-09,3,67.5,In-Store
4262,109,2655,2023-04-12,1,30.0,Online
4263,107,2655,2023-05-31,1,65.0,Online
4264,109,2655,2023-09-08,2,60.0,Online
4265,103,2655,2023-11-02,2,60.0,In-Store
4266,105,2655,2023-11-26,1,22.5,Online
4267,117,2655,2023-12-31,1,18.0,Online
4268,107,2655,2024-02-11,2,130.0,Online
4269,107,2655,2024-02-22,1,65.0,Online
4270,116,2655,2024-03-05,3,60.0,Online
4271,110,2656,2023-01-06,1,110.0,Online
4272,105,2656,2023-02-18,3,67.5,Online
4273,109,2656,2023-03-06,1,30.0,In-Store
4274,116,2656,2023-04-04,3,60.0,Online
4275,109,2656,2023-06-01,2,60.0,Online
4276,101,2656,2023-06-25,2,50.0,Online
4277,103,2656,2023-12-02,2,60.0,In-Store
4278,101,2656,2024-02-17,2,50.0,Online
4279,106,2656,2024-06-28,1,40.0,Online
4280,109,2656,2024-07-30,2,60.0,Online
4281,116,2656,2024-10-03,2,40.0,Online
4282,120,2656,2024-10-25,1,15.0,Online
4283,118,2656,2024-11-22,3,180.0,Online
4284,109,2657,2023-04-06,1,30.0,Online
4285,116,2657,2024-08-06,1,20.0,Online
4286,113,2658,2023-03-12,1,180.0,In-Store
4287,115,2658,2023-10-09,1,130.0,Online
4288,113,2658,2024-03-01,1,180.0,In-Store
4289,113,2658,2024-05-05,1,180.0,Online
4290,104,2658,2024-06-05,2,240.0,Online
4291,113,2659,2024-11-26,2,360.0,In-Store
4292,101,2660,2023-11-07,1,25.0,In-Store
4293,114,2660,2023-12-18,1,150.0,Online
4294,113,2660,2023-12-21,1,180.0,Online
4295,112,2660,2024-01-26,1,85.0,Online
4296,113,2660,2024-10-27,1,180.0,Online
4297,120,2661,2023-03-23,1,15.0,Online
4298,109,2661,2023-06-28,2,60.0,Online
4299,117,2661,2023-07-29,2,36.0,In-Store
4300,119,2661,2023-11-04,1,45.0,Online
4301,102,2662,2023-03-01,1,75.0,Online
4302,107,2662,2023-04-11,2,130.0,Online
4303,117,2662,2023-08-05,1,18.0,Online
4304,102,2662,2023-08-16,2,150.0,Online
4305,111,2662,2023-09-30,1,35.0,Online
4306,117,2662,2023-11-03,2,36.0,In-Store
4307,117,2662,2023-11-24,1,18.0,In-Store
4308,106,2662,2023-12-02,1,40.0,Online
4309,103,2662,2024-01-27,1,30.0,Online
4310,105,2662,2024-05-31,1,22.5,Online
4311,101,2662,2024-09-18,2,50.0,Online
4312,101,2662,2024-10-16,2,50.0,Online
4313,117,2662,2024-12-08,1,18.0,Online
4314,119,2663,2024-02-02,1,45.0,In-Store
4315,116,2663,2024-12-27,1,20.0,Online
4316,106,2664,2023-02-19,1,40.0,Online
4317,117,2664,2023-06-15,1,18.0,Online
4318,116,2664,2023-07-02,3,60.0,Online
4319,105,2664,2023-11-15,1,22.5,Online
4320,119,2664,2023-12-09,1,45.0,Online
4321,109,2664,2024-01-09,1,30.0,In-Store
4322,101,2664,2024-01-11,1,25.0,Online
4323,101,2664,2024-03-03,1,25.0,Online
4324,107,2664,2024-03-30,1,65.0,Online
4325,103,2664,2024-04-11,4,120.0,Online
4326,103,2664,2024-04-24,1,30.0,Online
4327,109,2664,2024-07-17,1,30.0,Online
4328,106,2664,2024-07-29,1,40.0,Online
4329,103,2664,2024-08-13,2,60.0,Online
4330,105,2664,2024-09-18,2,45.0,Online
4331,108,2664,2024-10-22,1,55.0,Online
4332,118,2664,2024-12-31,1,60.0,In-Store
4333,117,2665,2023-12-10,1,18.0,Online
4334,102,2665,2024-07-01,1,75.0,In-Store
4335,113,2666,2024-06-05,1,180.0,In-Store
4336,113,2666,2024-08-26,1,180.0,Online
4337,113,2666,2024-10-22,2,360.0,Online
4338,113,2666,2024-12-11,1,180.0,Online
4339,114,2666,2024-12-15,1,150.0,In-Store
4340,115,2667,2023-02-07,2,260.0,Online
4341,113,2667,2023-04-28,1,180.0,In-Store
4342,113,2667,2023-07-20,1,180.0,Online
4343,110,2667,2023-08-05,2,220.0,Online
4344,114,2667,2023-09-12,1,150.0,Online
4345,113,2667,2023-11-02,1,180.0,Online
4346,113,2667,2023-11-11,2,360.0,Online
4347,113,2667,2023-12-03,1,180.0,In-Store
4348,113,2667,2024-07-25,1,180.0,Online
4349,113,2667,2024-08-26,1,180.0,Online
4350,113,2667,2024-09-01,2,360.0,In-Store
4351,112,2668,2023-08-27,1,85.0,Online
4352,108,2668,2023-12-08,2,110.0,In-Store
4353,107,2668,2024-04-12,2,130.0,In-Store
4354,116,2668,2024-12-26,1,20.0,In-Store
4355,113,2669,2024-03-25,1,180.0,In-Store
4356,113,2669,2024-05-08,2,360.0,In-Store
4357,104,2669,2024-09-04,2,240.0,In-Store
4358,101,2670,2023-05-09,1,25.0,Online
4359,103,2670,2023-05-14,2,60.0,Online
4360,120,2670,2023-05-24,3,45.0,Online
4361,112,2670,2023-06-16,3,255.0,Online
4362,110,2670,2023-07-13,2,220.0,Online
4363,106,2670,2023-08-25,3,120.0,Online
4364,118,2670,2023-10-10,1,60.0,Online
4365,118,2670,2023-12-17,2,120.0,Online
4366,105,2670,2023-12-27,1,22.5,Online
4367,117,2670,2024-01-09,2,36.0,Online
4368,109,2670,2024-02-09,1,30.0,Online
4369,105,2670,2024-02-27,3,67.5,Online
4370,117,2670,2024-03-05,2,36.0,Online
4371,119,2670,2024-03-10,1,45.0,In-Store
4372,109,2670,2024-03-19,1,30.0,Online
4373,109,2670,2024-04-07,2,60.0,Online
4374,106,2670,2024-05-05,3,120.0,Online
4375,107,2670,2024-05-10,1,65.0,Online
4376,107,2671,2023-12-11,2,130.0,Online
4377,115,2671,2024-02-09,1,130.0,In-Store
4378,109,2671,2024-11-13,1,30.0,In-Store
4379,113,2672,2023-04-19,1,180.0,In-Store
4380,102,2672,2023-06-05,2,150.0,In-Store
4381,109,2672,2023-06-14,1,30.0,Online
4382,102,2672,2023-07-10,1,75.0,In-Store
4383,111,2672,2023-09-11,1,35.0,In-Store
4384,101,2672,2024-02-03,2,50.0,In-Store
4385,106,2672,2024-02-21,1,40.0,Online
4386,102,2672,2024-03-30,1,75.0,In-Store
4387,113,2672,2024-03-31,1,180.0,In-Store
4388,110,2672,2024-06-11,2,220.0,In-Store
4389,116,2672,2024-08-09,2,40.0,In-Store
4390,113,2672,2024-08-10,1,180.0,In-Store
4391,105,2673,2023-03-19,1,22.5,In-Store
4392,120,2673,2023-03-30,1,15.0,Online
4393,111,2673,2023-04-02,1,35.0,Online
4394,109,2673,2023-05-05,1,30.0,Online
4395,108,2673,2023-05-10,2,110.0,Online
4396,103,2673,2023-05-19,2,60.0,Online
4397,101,2673,2023-06-10,1,25.0,Online
4398,109,2673,2023-09-03,1,30.0,Online
4399,105,2673,2023-11-03,1,22.5,Online
4400,106,2673,2023-12-03,2,80.0,Online
4401,103,2673,2024-02-10,2,60.0,Online
4402,117,2673,2024-03-24,2,36.0,Online
4403,117,2673,2024-04-05,2,36.0,Online
4404,119,2673,2024-06-12,3,135.0,Online
4405,103,2673,2024-10-07,1,30.0,Online
4406,106,2673,2024-12-06,1,40.0,Online
4407,103,2674,2023-03-07,1,30.0,In-Store
4408,101,2675,2023-07-24,1,25.0,Online
4409,102,2675,2023-07-27,1,75.0,Online
4410,101,2675,2023-10-07,1,25.0,Online
4411,117,2675,2023-10-19,2,36.0,Online
4412,116,2675,2023-10-23,1,20.0,Online
4413,101,2675,2024-03-30,2,50.0,Online
4414,106,2675,2024-04-13,1,40.0,Online
4415,103,2675,2024-06-24,1,30.0,Online
4416,117,2675,2024-12-24,2,36.0,Online
4417,113,2676,2024-02-04,1,180.0,Online
4418,115,2676,2024-04-09,1,130.0,In-Store
4419,113,2676,2024-04-21,1,180.0,Online
4420,120,2677,2023-08-08,2,30.0,In-Store
4421,110,2677,2023-10-17,1,110.0,In-Store
4422,112,2677,2024-02-05,2,170.0,In-Store
4423,108,2677,2024-03-15,1,55.0,In-Store
4424,101,2677,2024-11-27,3,75.0,In-Store
4425,102,2677,2024-12-10,1,75.0,In-Store
4426,107,2677,2024-12-16,1,65.0,In-Store
4427,103,2678,2024-04-17,1,30.0,Online
4428,107,2678,2024-06-06,1,65.0,In-Store
4429,105,2678,2024-08-06,1,22.5,In-Store
4430,119,2678,2024-11-06,2,90.0,In-Store
4431,102,2678,2024-11-16,1,75.0,Online
4432,108,2678,2024-12-21,1,55.0,Online
4433,101,2678,2024-12-26,3,75.0,In-Store
4434,104,2679,2023-01-15,1,120.0,In-Store
4435,114,2679,2023-03-17,1,150.0,In-Store
4436,113,2679,2023-04-07,1,180.0,In-Store
4437,113,2679,2023-04-19,1,180.0,In-Store
4438,113,2679,2023-05-25,1,180.0,Online
4439,113,2679,2023-09-18,1,180.0,Online
4440,113,2679,2023-11-06,1,180.0,In-Store
4441,104,2679,2023-12-13,2,240.0,Online
4442,113,2679,2023-12-18,1,180.0,Online
4443,113,2679,2024-01-04,1,180.0,In-Store
4444,104,2679,2024-02-08,1,120.0,Online
4445,113,2679,2024-02-21,1,180.0,In-Store
4446,114,2679,2024-04-10,1,150.0,In-Store
4447,114,2679,2024-05-21,1,150.0,Online
4448,115,2679,2024-06-27,2,260.0,In-Store
4449,108,2680,2024-07-14,1,55.0,Online
4450,110,2681,2024-03-18,1,110.0,In-Store
4451,104,2681,2024-05-12,1,120.0,In-Store
4452,111,2682,2023-03-21,1,35.0,Online
4453,112,2682,2023-04-06,1,85.0,Online
4454,118,2682,2023-04-16,2,120.0,Online
4455,101,2682,2023-04-29,3,75.0,Online
4456,116,2682,2023-05-03,1,20.0,In-Store
4457,120,2682,2023-05-04,5,75.0,Online
4458,101,2682,2023-06-10,1,25.0,Online
4459,117,2682,2023-06-26,2,36.0,Online
4460,101,2682,2023-07-17,2,50.0,Online
4461,101,2682,2023-09-20,2,50.0,Online
4462,108,2682,2023-09-21,1,55.0,In-Store
4463,103,2682,2023-10-19,1,30.0,Online
4464,102,2682,2023-11-23,1,75.0,Online
4465,120,2682,2023-12-19,2,30.0,Online
4466,112,2682,2024-01-17,1,85.0,Online
4467,119,2682,2024-01-24,1,45.0,Online
4468,102,2682,2024-02-02,3,225.0,Online
4469,109,2682,2024-05-04,1,30.0,Online
4470,120,2682,2024-06-04,1,15.0,Online
4471,120,2683,2023-03-09,1,15.0,Online
4472,117,2683,2023-05-05,1,18.0,In-Store
4473,105,2683,2023-05-14,2,45.0,Online
4474,111,2683,2023-12-01,1,35.0,Online
4475,109,2683,2024-04-04,2,60.0,Online
4476,101,2684,2024-04-29,1,25.0,In-Store
4477,111,2684,2024-06-02,2,70.0,Online
4478,116,2684,2024-06-04,1,20.0,Online
4479,106,2684,2024-07-06,2,80.0,Online
4480,101,2685,2023-03-14,2,50.0,In-Store
4481,111,2686,2023-12-01,1,35.0,In-Store
4482,103,2686,2024-07-08,1,30.0,In-Store
4483,113,2687,2023-04-03,2,360.0,In-Store
4484,118,2687,2023-05-24,2,120.0,In-Store
4485,102,2687,2023-07-27,1,75.0,In-Store
4486,109,2687,2023-10-05,2,60.0,In-Store
4487,115,2687,2023-11-11,1,130.0,In-Store
4488,108,2687,2024-09-10,1,55.0,In-Store
4489,105,2687,2024-10-03,1,22.5,In-Store
4490,109,2687,2024-11-28,3,90.0,In-Store
4491,113,2688,2023-11-16,2,360.0,Online
4492,113,2688,2024-02-07,1,180.0,In-Store
4493,114,2688,2024-06-29,1,150.0,Online
4494,108,2689,2024-06-03,2,110.0,Online
4495,101,2689,2024-07-09,2,50.0,Online
4496,118,2689,2024-09-04,1,60.0,In-Store
4497,119,2689,2024-10-20,2,90.0,Online
4498,116,2689,2024-11-16,2,40.0,Online
4499,108,2689,2024-12-14,1,55.0,Online
4500,120,2690,2023-05-18,1,15.0,Online
4501,105,2690,2023-07-22,2,45.0,Online
4502,112,2692,2023-01-17,1,85.0,Online
4503,114,2692,2023-03-14,2,300.0,In-Store
4504,110,2692,2023-04-05,2,220.0,In-Store
4505,109,2692,2024-01-08,1,30.0,In-Store
4506,113,2692,2024-07-13,1,180.0,In-Store
4507,115,2693,2023-05-15,1,130.0,In-Store
4508,113,2693,2023-07-16,1,180.0,In-Store
4509,104,2693,2023-07-18,1,120.0,In-Store
4510,115,2693,2023-07-31,2,260.0,In-Store
4511,113,2693,2023-12-20,1,180.0,In-Store
4512,113,2693,2024-04-15,1,180.0,Online
4513,114,2693,2024-05-09,2,300.0,In-Store
4514,113,2693,2024-05-20,1,180.0,Online
4515,113,2694,2023-02-19,1,180.0,Online
4516,113,2694,2023-03-04,1,180.0,Online
4517,114,2694,2023-05-03,1,150.0,In-Store
4518,115,2694,2023-07-24,1,130.0,Online
4519,113,2694,2023-09-03,1,180.0,Online
4520,114,2694,2024-02-28,1,150.0,Online
4521,113,2694,2024-06-24,1,180.0,In-Store
4522,113,2694,2024-12-03,1,180.0,In-Store
4523,106,2695,2023-04-22,2,80.0,In-Store
4524,109,2695,2023-10-21,2,60.0,In-Store
4525,107,2695,2023-11-26,1,65.0,In-Store
4526,101,2695,2023-12-29,1,25.0,Online
4527,109,2695,2024-01-11,2,60.0,In-Store
4528,103,2695,2024-08-21,1,30.0,In-Store
4529,101,2695,2024-11-07,2,50.0,In-Store
4530,106,2696,2023-09-08,2,80.0,Online
4531,105,2697,2023-03-24,2,45.0,In-Store
4532,108,2697,2023-09-24,1,55.0,In-Store
4533,111,2697,2023-10-08,2,70.0,Online
4534,111,2697,2024-09-22,1,35.0,Online
4535,109,2697,2024-10-28,1,30.0,Online
4536,116,2697,2024-12-26,3,60.0,Online
4537,108,2698,2023-03-19,1,55.0,Online
4538,107,2698,2023-10-08,1,65.0,In-Store
4539,112,2698,2024-03-05,1,85.0,In-Store
4540,110,2698,2024-11-06,1,110.0,In-Store
4541,117,2698,2024-12-24,1,18.0,In-Store
4542,107,2699,2023-07-24,1,65.0,In-Store
4543,113,2699,2023-07-27,1,180.0,In-Store
4544,115,2699,2023-09-17,2,260.0,In-Store
4545,102,2699,2023-11-15,1,75.0,In-Store
4546,112,2699,2023-12-18,1,85.0,In-Store
4547,107,2699,2024-05-17,3,195.0,In-Store
4548,104,2699,2024-07-18,2,240.0,Online
4549,102,2699,2024-08-07,2,150.0,In-Store
4550,107,2699,2024-09-13,1,65.0,In-Store
4551,119,2699,2024-11-17,2,90.0,In-Store
4552,108,2699,2024-12-04,1,55.0,In-Store
4553,101,2699,2024-12-22,2,50.0,In-Store
4554,108,2700,2023-02-24,3,165.0,In-Store
4555,108,2700,2023-04-28,1,55.0,In-Store
4556,115,2700,2023-06-03,1,130.0,In-Store
4557,106,2700,2023-06-18,1,40.0,In-Store
4558,109,2700,2023-06-23,1,30.0,In-Store
4559,102,2700,2023-08-29,1,75.0,In-Store
4560,112,2700,2023-09-13,2,170.0,In-Store
4561,104,2700,2023-12-02,1,120.0,In-Store
4562,118,2700,2024-01-02,1,60.0,In-Store
4563,106,2700,2024-01-22,1,40.0,In-Store
4564,102,2700,2024-07-20,1,75.0,Online
4565,105,2700,2024-11-22,1,22.5,Online
4566,109,2700,2024-12-29,1,30.0,In-Store
4567,115,2702,2023-03-11,1,130.0,In-Store
4568,101,2702,2023-04-08,1,25.0,In-Store
4569,106,2702,2023-04-17,1,40.0,In-Store
4570,110,2702,2023-04-22,2,220.0,In-Store
4571,108,2702,2023-04-24,2,110.0,In-Store
4572,108,2702,2023-05-06,1,55.0,In-Store
4573,115,2702,2023-05-17,2,260.0,In-Store
4574,110,2702,2023-10-08,1,110.0,In-Store
4575,110,2702,2024-02-21,1,110.0,In-Store
4576,102,2702,2024-07-27,1,75.0,In-Store
4577,106,2702,2024-07-30,1,40.0,In-Store
4578,102,2702,2024-08-25,1,75.0,In-Store
4579,120,2703,2023-09-22,1,15.0,Online
4580,120,2703,2023-11-07,1,15.0,Online
4581,117,2703,2023-11-12,1,18.0,Online
4582,101,2703,2023-11-19,1,25.0,Online
4583,105,2703,2023-12-12,1,22.5,Online
4584,103,2703,2023-12-19,2,60.0,Online
4585,106,2703,2024-02-11,2,80.0,Online
4586,107,2703,2024-03-01,1,65.0,Online
4587,105,2703,2024-03-07,1,22.5,Online
4588,116,2703,2024-05-23,1,20.0,Online
4589,108,2703,2024-06-25,3,165.0,Online
4590,111,2703,2024-08-04,1,35.0,In-Store
4591,109,2703,2024-12-29,1,30.0,In-Store
4592,117,2703,2024-12-31,2,36.0,In-Store
4593,102,2704,2024-04-06,1,75.0,In-Store
4594,113,2705,2023-07-16,2,360.0,In-Store
4595,104,2705,2023-12-26,1,120.0,In-Store
4596,111,2705,2024-01-27,2,70.0,Online
4597,106,2705,2024-07-17,1,40.0,In-Store
4598,117,2705,2024-07-23,1,18.0,In-Store
4599,102,2706,2023-11-15,2,150.0,Online
4600,119,2706,2023-12-23,2,90.0,Online
4601,120,2706,2024-05-06,2,30.0,Online
4602,101,2706,2024-10-20,1,25.0,Online
4603,107,2706,2024-10-30,2,130.0,Online
4604,109,2707,2023-11-26,1,30.0,Online
4605,101,2708,2023-03-09,1,25.0,In-Store
4606,105,2708,2023-06-15,1,22.5,In-Store
4607,116,2708,2023-08-07,2,40.0,Online
4608,116,2708,2023-09-26,1,20.0,In-Store
4609,117,2708,2023-10-14,1,18.0,Online
4610,105,2708,2023-12-25,1,22.5,In-Store
4611,105,2709,2024-01-15,1,22.5,Online
4612,101,2709,2024-02-09,1,25.0,Online
4613,117,2709,2024-02-20,1,18.0,Online
4614,110,2710,2023-01-12,1,110.0,Online
4615,117,2710,2023-02-07,2,36.0,Online
4616,118,2710,2023-04-12,2,120.0,Online
4617,105,2710,2023-04-15,1,22.5,In-Store
4618,116,2710,2023-06-11,1,20.0,Online
4619,120,2710,2023-07-24,1,15.0,In-Store
4620,106,2710,2023-08-26,1,40.0,Online
4621,101,2710,2023-12-09,1,25.0,Online
4622,117,2710,2023-12-24,2,36.0,Online
4623,117,2710,2024-02-24,1,18.0,Online
4624,102,2710,2024-06-07,1,75.0,Online
4625,109,2710,2024-08-04,1,30.0,Online
4626,106,2712,2023-05-15,2,80.0,In-Store
4627,107,2712,2023-07-19,1,65.0,Online
4628,105,2712,2023-08-06,1,22.5,Online
4629,116,2712,2023-09-29,1,20.0,Online
4630,119,2712,2023-12-21,1,45.0,Online
4631,103,2712,2024-04-21,1,30.0,Online
4632,111,2712,2024-05-26,1,35.0,Online
4633,107,2712,2024-08-15,1,65.0,Online
4634,107,2712,2024-08-17,1,65.0,Online
4635,102,2712,2024-09-06,3,225.0,In-Store
4636,101,2712,2024-09-27,2,50.0,In-Store
4637,101,2712,2024-11-16,3,75.0,In-Store
4638,116,2712,2024-12-05,2,40.0,Online
4639,116,2713,2023-04-27,4,80.0,In-Store
4640,107,2713,2023-05-08,1,65.0,Online
4641,106,2713,2023-05-09,2,80.0,Online
4642,105,2713,2023-07-30,2,45.0,Online
4643,102,2713,2023-11-03,2,150.0,Online
4644,118,2713,2023-12-17,1,60.0,In-Store
4645,101,2713,2023-12-22,2,50.0,Online
4646,116,2713,2024-01-05,3,60.0,Online
4647,107,2714,2023-07-21,2,130.0,In-Store
4648,113,2714,2023-12-19,1,180.0,Online
4649,112,2714,2023-12-24,1,85.0,Online
4650,110,2714,2024-01-10,1,110.0,In-Store
4651,101,2714,2024-01-21,1,25.0,In-Store
4652,106,2714,2024-03-03,1,40.0,In-Store
4653,108,2714,2024-05-05,1,55.0,In-Store
4654,102,2714,2024-06-06,1,75.0,In-Store
4655,106,2714,2024-09-30,1,40.0,In-Store
4656,112,2714,2024-10-25,2,170.0,In-Store
4657,106,2715,2023-09-02,1,40.0,In-Store
4658,107,2715,2023-12-24,1,65.0,Online
4659,105,2715,2024-04-27,1,22.5,In-Store
4660,117,2715,2024-09-04,1,18.0,Online
4661,110,2715,2024-09-05,1,110.0,Online
4662,108,2715,2024-12-18,2,110.0,Online
4663,119,2716,2023-05-18,1,45.0,Online
4664,110,2716,2023-05-23,1,110.0,Online
4665,106,2716,2023-08-04,3,120.0,In-Store
4666,103,2716,2023-09-11,1,30.0,Online
4667,120,2716,2023-09-14,2,30.0,Online
4668,106,2716,2023-11-08,1,40.0,Online
4669,108,2716,2023-11-11,4,220.0,Online
4670,120,2716,2023-11-14,1,15.0,Online
4671,120,2716,2023-12-16,2,30.0,Online
4672,108,2716,2024-02-10,2,110.0,Online
4673,111,2716,2024-02-13,1,35.0,Online
4674,118,2716,2024-05-05,1,60.0,Online
4675,111,2716,2024-07-27,2,70.0,Online
4676,106,2716,2024-10-06,1,40.0,Online
4677,106,2716,2024-12-02,2,80.0,Online
4678,120,2717,2023-01-17,1,15.0,Online
4679,120,2717,2023-02-18,2,30.0,In-Store
4680,108,2717,2023-02-20,3,165.0,Online
4681,118,2717,2023-04-04,2,120.0,Online
4682,101,2717,2023-06-02,1,25.0,Online
4683,117,2717,2023-07-13,1,18.0,Online
4684,120,2717,2023-07-19,1,15.0,In-Store
4685,119,2717,2023-07-21,2,90.0,Online
4686,106,2717,2023-07-22,1,40.0,Online
4687,117,2717,2023-10-06,1,18.0,Online
4688,102,2717,2023-10-14,1,75.0,In-Store
4689,101,2717,2023-10-29,1,25.0,Online
4690,101,2717,2023-11-23,3,75.0,Online
4691,106,2717,2024-02-03,1,40.0,Online
4692,118,2717,2024-02-20,1,60.0,Online
4693,109,2718,2023-01-02,1,30.0,In-Store
4694,116,2720,2023-08-26,1,20.0,In-Store
4695,105,2720,2023-10-21,2,45.0,Online
4696,119,2720,2023-11-29,1,45.0,Online
4697,101,2720,2023-12-12,1,25.0,Online
4698,105,2720,2023-12-13,1,22.5,Online
4699,104,2720,2024-01-08,1,120.0,Online
4700,117,2720,2024-04-22,1,18.0,In-Store
4701,105,2720,2024-05-01,1,22.5,Online
4702,108,2720,2024-05-04,1,55.0,In-Store
4703,116,2720,2024-05-22,3,60.0,Online
4704,105,2720,2024-06-14,2,45.0,Online
4705,107,2720,2024-06-23,1,65.0,In-Store
4706,109,2720,2024-07-21,1,30.0,In-Store
4707,101,2720,2024-09-04,4,100.0,Online
4708,109,2720,2024-09-12,1,30.0,Online
4709,120,2720,2024-10-01,2,30.0,Online
4710,117,2720,2024-10-04,1,18.0,Online
4711,116,2720,2024-11-07,2,40.0,Online
4712,103,2720,2024-12-23,1,30.0,Online
4713,120,2721,2024-06-08,2,30.0,Online
4714,117,2721,2024-07-04,2,36.0,Online
4715,103,2721,2024-08-02,2,60.0,Online
4716,117,2721,2024-10-19,1,18.0,Online
4717,117,2721,2024-11-24,1,18.0,Online
4718,114,2723,2023-03-24,2,300.0,Online
4719,113,2723,2023-04-03,1,180.0,Online
4720,113,2723,2023-04-27,1,180.0,In-Store
4721,114,2723,2023-05-24,1,150.0,Online
4722,113,2723,2023-06-26,1,180.0,Online
4723,113,2723,2023-09-07,1,180.0,Online
4724,113,2723,2023-09-10,1,180.0,Online
4725,114,2723,2024-02-22,1,150.0,Online
4726,114,2723,2024-04-27,1,150.0,Online
4727,113,2723,2024-05-14,1,180.0,Online
4728,113,2723,2024-11-28,1,180.0,Online
4729,115,2723,2024-12-13,1,130.0,In-Store
4730,106,2724,2023-01-05,1,40.0,Online
4731,114,2724,2023-02-08,1,150.0,In-Store
4732,114,2724,2023-03-03,1,150.0,In-Store
4733,104,2724,2023-04-03,1,120.0,In-Store
4734,114,2724,2023-06-16,1,150.0,In-Store
4735,114,2724,2023-08-19,1,150.0,Online
4736,113,2724,2023-11-15,1,180.0,Online
4737,114,2724,2024-03-12,1,150.0,In-Store
4738,114,2724,2024-04-09,1,150.0,Online
4739,113,2724,2024-06-09,1,180.0,In-Store
4740,113,2724,2024-07-28,1,180.0,Online
4741,115,2724,2024-11-29,1,130.0,In-Store
4742,109,2725,2023-03-04,1,30.0,Online
4743,101,2725,2023-03-23,2,50.0,Online
4744,103,2725,2023-04-20,3,90.0,Online
4745,111,2725,2023-05-19,1,35.0,Online
4746,105,2725,2023-06-06,1,22.5,Online
4747,120,2725,2023-07-01,1,15.0,Online
4748,106,2725,2023-07-26,1,40.0,Online
4749,107,2725,2023-08-04,1,65.0,Online
4750,112,2725,2023-09-14,1,85.0,In-Store
4751,106,2725,2023-09-27,2,80.0,In-Store
4752,108,2725,2023-12-19,2,110.0,In-Store
4753,101,2725,2023-12-24,1,25.0,Online
4754,101,2725,2024-02-04,1,25.0,In-Store
4755,119,2725,2024-02-19,1,45.0,Online
4756,103,2725,2024-02-29,1,30.0,Online
4757,106,2725,2024-03-25,1,40.0,Online
4758,117,2725,2024-07-07,2,36.0,Online
4759,118,2725,2024-08-03,4,240.0,Online
4760,120,2725,2024-09-03,1,15.0,Online
4761,118,2725,2024-10-28,3,180.0,Online
4762,102,2726,2023-07-18,2,150.0,In-Store
4763,106,2726,2023-12-27,2,80.0,In-Store
4764,112,2726,2024-06-23,1,85.0,Online
4765,101,2727,2023-01-03,1,25.0,Online
4766,106,2727,2023-09-29,3,120.0,In-Store
4767,118,2727,2023-11-29,1,60.0,Online
4768,108,2727,2024-02-17,3,165.0,Online
4769,112,2727,2024-03-04,3,255.0,In-Store
4770,116,2727,2024-04-28,1,20.0,Online
4771,101,2727,2024-05-02,2,50.0,Online
4772,109,2727,2024-06-13,3,90.0,Online
4773,119,2728,2023-04-01,3,135.0,Online
4774,111,2728,2023-06-01,1,35.0,Online
4775,103,2728,2023-07-15,2,60.0,Online
4776,103,2728,2023-08-19,1,30.0,In-Store
4777,116,2728,2023-09-16,1,20.0,Online
4778,101,2728,2023-10-25,2,50.0,In-Store
4779,111,2728,2023-11-16,2,70.0,Online
4780,107,2728,2023-12-28,1,65.0,Online
4781,118,2728,2024-01-05,2,120.0,Online
4782,111,2728,2024-03-26,2,70.0,Online
4783,112,2728,2024-07-22,2,170.0,In-Store
4784,117,2728,2024-07-23,2,36.0,Online
4785,119,2728,2024-09-23,1,45.0,Online
4786,108,2728,2024-12-30,1,55.0,Online
4787,117,2729,2023-01-08,1,18.0,Online
4788,101,2729,2023-01-29,1,25.0,Online
4789,102,2729,2023-04-01,1,75.0,Online
4790,118,2729,2023-08-03,2,120.0,Online
4791,105,2729,2023-09-26,2,45.0,Online
4792,112,2729,2023-10-08,3,255.0,In-Store
4793,103,2729,2023-10-15,2,60.0,In-Store
4794,108,2729,2023-11-02,1,55.0,In-Store
4795,120,2729,2023-11-18,2,30.0,Online
4796,106,2729,2023-12-17,1,40.0,Online
4797,109,2729,2023-12-30,1,30.0,Online
4798,116,2729,2024-02-11,1,20.0,Online
4799,105,2730,2024-03-30,1,22.5,Online
4800,120,2730,2024-09-01,2,30.0,Online
4801,101,2730,2024-10-04,1,25.0,Online
4802,107,2730,2024-11-03,1,65.0,Online
4803,120,2730,2024-12-18,2,30.0,Online
4804,101,2730,2024-12-22,2,50.0,Online
4805,111,2731,2023-03-22,1,35.0,In-Store
4806,103,2731,2023-10-05,1,30.0,Online
4807,101,2731,2023-11-21,2,50.0,Online
4808,108,2731,2023-11-27,3,165.0,Online
4809,116,2731,2024-04-29,2,40.0,Online
4810,119,2731,2024-06-20,2,90.0,Online
4811,101,2731,2024-06-24,1,25.0,In-Store
4812,116,2732,2023-01-11,1,20.0,In-Store
4813,115,2732,2023-09-28,1,130.0,In-Store
4814,118,2732,2023-10-13,1,60.0,In-Store
4815,119,2732,2023-12-02,1,45.0,Online
4816,119,2732,2023-12-08,1,45.0,Online
4817,117,2732,2023-12-16,1,18.0,Online
4818,106,2732,2024-07-25,1,40.0,Online
4819,119,2732,2024-10-22,1,45.0,Online
4820,112,2732,2024-12-05,1,85.0,In-Store
4821,113,2733,2023-04-09,1,180.0,In-Store
4822,113,2733,2024-10-14,2,360.0,In-Store
4823,114,2734,2023-05-09,1,150.0,In-Store
4824,106,2734,2023-07-19,1,40.0,In-Store
4825,114,2734,2023-09-19,2,300.0,In-Store
4826,107,2734,2023-09-21,1,65.0,In-Store
4827,106,2734,2023-09-29,1,40.0,Online
4828,118,2734,2023-11-14,3,180.0,In-Store
4829,108,2734,2023-11-19,1,55.0,In-Store
4830,113,2734,2023-12-04,1,180.0,In-Store
4831,101,2734,2023-12-16,1,25.0,In-Store
4832,104,2734,2024-03-08,1,120.0,In-Store
4833,114,2734,2024-09-20,1,150.0,In-Store
4834,106,2734,2024-11-19,1,40.0,In-Store
4835,105,2735,2023-12-24,2,45.0,Online
4836,111,2735,2023-12-25,3,105.0,Online
4837,103,2735,2023-12-28,3,90.0,Online
4838,119,2735,2024-02-12,3,135.0,Online
4839,116,2736,2023-01-18,2,40.0,Online
4840,103,2736,2023-03-04,3,90.0,Online
4841,116,2736,2023-03-19,2,40.0,Online
4842,117,2736,2023-06-10,1,18.0,Online
4843,101,2736,2023-08-17,1,25.0,Online
4844,101,2736,2023-09-16,1,25.0,Online
4845,120,2736,2023-11-06,2,30.0,Online
4846,101,2736,2023-11-20,1,25.0,Online
4847,119,2736,2023-11-28,1,45.0,Online
4848,117,2736,2023-12-10,3,54.0,Online
4849,120,2736,2023-12-28,3,45.0,Online
4850,117,2736,2024-01-27,2,36.0,Online
4851,117,2736,2024-01-31,2,36.0,Online
4852,108,2736,2024-02-22,3,165.0,Online
4853,108,2736,2024-07-30,1,55.0,Online
4854,101,2736,2024-09-12,1,25.0,Online
4855,109,2736,2024-12-06,3,90.0,Online
4856,103,2736,2024-12-18,1,30.0,Online
4857,101,2736,2024-12-29,2,50.0,In-Store
4858,118,2737,2023-05-21,2,120.0,Online
4859,107,2737,2023-08-06,2,130.0,Online
4860,120,2737,2023-08-27,2,30.0,Online
4861,103,2737,2023-09-24,2,60.0,Online
4862,101,2737,2023-09-29,2,50.0,Online
4863,107,2737,2023-10-11,2,130.0,Online
4864,101,2737,2023-11-18,1,25.0,Online
4865,110,2737,2023-12-03,1,110.0,Online
4866,116,2737,2023-12-23,3,60.0,Online
4867,101,2737,2023-12-31,1,25.0,In-Store
4868,120,2737,2024-02-03,1,15.0,Online
4869,105,2737,2024-02-21,3,67.5,Online
4870,103,2737,2024-04-05,2,60.0,Online
4871,107,2737,2024-06-15,1,65.0,Online
4872,117,2737,2024-07-16,1,18.0,Online
4873,109,2737,2024-11-10,3,90.0,Online
4874,106,2737,2024-11-29,2,80.0,Online
4875,117,2738,2024-08-27,1,18.0,Online
4876,107,2738,2024-09-09,2,130.0,In-Store
4877,112,2738,2024-11-25,1,85.0,In-Store
4878,106,2739,2024-04-28,4,160.0,Online
4879,106,2739,2024-06-07,2,80.0,Online
4880,112,2740,2023-02-07,1,85.0,In-Store
4881,101,2740,2023-03-27,4,100.0,In-Store
4882,104,2740,2023-04-06,1,120.0,In-Store
4883,101,2740,2023-05-27,1,25.0,Online
4884,111,2740,2023-07-30,1,35.0,Online
4885,109,2740,2023-12-30,2,60.0,In-Store
4886,109,2740,2024-03-03,2,60.0,Online
4887,102,2740,2024-05-02,1,75.0,In-Store
4888,103,2741,2023-05-02,2,60.0,Online
4889,112,2741,2023-06-08,5,425.0,Online
4890,117,2741,2023-09-11,2,36.0,Online
4891,118,2741,2023-09-29,1,60.0,In-Store
4892,102,2741,2023-09-30,1,75.0,Online
4893,118,2741,2023-10-06,2,120.0,In-Store
4894,109,2741,2023-11-06,3,90.0,Online
4895,117,2741,2023-12-03,4,72.0,Online
4896,117,2741,2023-12-09,1,18.0,In-Store
4897,118,2741,2023-12-16,1,60.0,Online
4898,101,2741,2023-12-18,1,25.0,Online
4899,102,2741,2023-12-29,2,150.0,Online
4900,103,2741,2024-02-01,1,30.0,Online
4901,108,2741,2024-03-01,1,55.0,Online
4902,111,2741,2024-05-11,2,70.0,Online
4903,111,2741,2024-08-01,1,35.0,Online
4904,111,2741,2024-10-16,3,105.0,In-Store
4905,111,2741,2024-12-03,1,35.0,Online
4906,120,2741,2024-12-25,2,30.0,Online
4907,115,2742,2023-06-29,1,130.0,In-Store
4908,113,2742,2023-11-14,1,180.0,In-Store
4909,106,2742,2024-06-05,1,40.0,In-Store
4910,107,2742,2024-11-02,1,65.0,In-Store
4911,107,2743,2024-12-05,1,65.0,In-Store
4912,112,2743,2024-12-11,1,85.0,In-Store
4913,114,2743,2024-12-27,1,150.0,In-Store
4914,111,2744,2023-06-28,1,35.0,Online
4915,118,2744,2023-08-17,1,60.0,Online
4916,101,2744,2023-10-09,1,25.0,Online
4917,101,2744,2023-10-28,2,50.0,Online
4918,105,2744,2023-11-02,1,22.5,Online
4919,101,2744,2023-11-05,1,25.0,Online
4920,117,2744,2023-12-29,1,18.0,Online
4921,120,2744,2024-04-22,3,45.0,Online
4922,109,2744,2024-05-05,1,30.0,Online
4923,111,2744,2024-05-07,2,70.0,Online
4924,111,2744,2024-05-22,1,35.0,Online
4925,119,2744,2024-06-09,1,45.0,In-Store
4926,111,2744,2024-11-02,1,35.0,Online
4927,101,2744,2024-12-05,1,25.0,Online
4928,116,2744,2024-12-09,2,40.0,In-Store
4929,108,2745,2023-10-12,1,55.0,Online
4930,119,2745,2024-04-01,1,45.0,Online
4931,105,2745,2024-07-20,1,22.5,In-Store
4932,120,2745,2024-11-20,1,15.0,In-Store
4933,113,2746,2023-01-18,1,180.0,Online
4934,115,2746,2023-01-20,2,260.0,Online
4935,113,2746,2023-03-03,1,180.0,Online
4936,113,2746,2023-03-22,1,180.0,Online
4937,113,2746,2023-05-21,1,180.0,Online
4938,113,2746,2023-08-13,1,180.0,In-Store
4939,113,2746,2023-11-06,1,180.0,In-Store
4940,114,2746,2024-03-27,1,150.0,In-Store
4941,113,2746,2024-06-17,1,180.0,Online
4942,115,2747,2023-07-27,1,130.0,In-Store
4943,102,2747,2023-09-12,1,75.0,In-Store
4944,112,2747,2023-11-12,2,170.0,In-Store
4945,110,2747,2024-05-25,2,220.0,In-Store
4946,112,2748,2023-06-06,1,85.0,In-Store
4947,113,2749,2023-12-30,1,180.0,In-Store
4948,113,2749,2024-01-28,1,180.0,Online
4949,113,2749,2024-02-02,3,540.0,Online
4950,114,2749,2024-03-29,1,150.0,Online
4951,110,2749,2024-06-21,1,110.0,Online
4952,104,2749,2024-10-04,1,120.0,In-Store
4953,105,2749,2024-12-13,1,22.5,In-Store
4954,105,2750,2023-02-24,3,67.5,Online
4955,120,2750,2023-02-28,2,30.0,Online
4956,103,2750,2023-05-03,1,30.0,Online
4957,107,2750,2023-05-15,3,195.0,Online
4958,106,2750,2023-06-17,2,80.0,Online
4959,109,2750,2023-06-25,2,60.0,Online
4960,106,2750,2023-06-28,2,80.0,Online
4961,118,2750,2023-06-29,1,60.0,Online
4962,109,2750,2023-08-23,1,30.0,Online
4963,120,2750,2023-09-16,1,15.0,Online
4964,117,2750,2023-10-13,2,36.0,Online
4965,106,2750,2023-11-26,2,80.0,In-Store
4966,102,2750,2023-12-09,1,75.0,Online
4967,119,2750,2024-01-04,1,45.0,Online
4968,101,2750,2024-03-12,1,25.0,Online
4969,102,2750,2024-07-23,2,150.0,Online
4970,112,2750,2024-07-24,3,255.0,Online
4971,107,2750,2024-08-03,1,65.0,Online
4972,105,2750,2024-10-12,1,22.5,Online
4973,117,2750,2024-10-20,1,18.0,In-Store
4974,111,2750,2024-12-06,2,70.0,Online
4975,109,2751,2023-11-25,1,30.0,Online
4976,103,2751,2024-07-05,2,60.0,Online
4977,116,2751,2024-07-31,1,20.0,In-Store
4978,120,2751,2024-11-10,1,15.0,Online
4979,101,2751,2024-12-02,1,25.0,Online
4980,120,2751,2024-12-22,1,15.0,Online
4981,102,2752,2023-05-02,1,75.0,In-Store
4982,102,2752,2023-11-19,2,150.0,Online
4983,107,2752,2023-12-11,1,65.0,In-Store
4984,114,2752,2024-03-15,1,150.0,In-Store
4985,105,2752,2024-03-22,1,22.5,In-Store
4986,102,2752,2024-07-21,1,75.0,Online
4987,116,2752,2024-09-13,1,20.0,In-Store
4988,109,2753,2023-12-24,2,60.0,Online
4989,111,2753,2024-01-24,1,35.0,Online
4990,117,2753,2024-05-17,1,18.0,Online
4991,116,2753,2024-07-01,3,60.0,Online
4992,109,2753,2024-11-06,1,30.0,Online
4993,111,2753,2024-11-11,2,70.0,In-Store
4994,109,2753,2024-11-12,1,30.0,In-Store
4995,120,2753,2024-12-19,2,30.0,Online
4996,120,2753,2024-12-31,1,15.0,Online
4997,101,2754,2024-06-30,1,25.0,Online
4998,117,2754,2024-08-30,1,18.0,In-Store
4999,101,2755,2023-01-23,1,25.0,Online
5000,116,2755,2023-09-21,1,20.0,In-Store
5001,113,2755,2023-12-13,1,180.0,In-Store
5002,108,2755,2024-04-30,1,55.0,In-Store
5003,102,2755,2024-05-24,1,75.0,In-Store
5004,113,2755,2024-06-12,2,360.0,In-Store
5005,114,2755,2024-08-23,2,300.0,In-Store
5006,119,2756,2024-05-24,1,45.0,In-Store
5007,107,2756,2024-06-11,1,65.0,In-Store
5008,104,2757,2023-03-13,1,120.0,In-Store
5009,106,2758,2023-04-01,1,40.0,Online
5010,116,2758,2023-06-22,1,20.0,Online
5011,107,2758,2024-02-26,1,65.0,Online
5012,101,2759,2023-07-23,1,25.0,Online
5013,119,2759,2023-11-11,1,45.0,Online
5014,106,2759,2024-06-10,1,40.0,Online
5015,114,2760,2024-02-27,2,300.0,In-Store
5016,114,2760,2024-06-20,1,150.0,In-Store
5017,104,2760,2024-07-29,1,120.0,Online
5018,102,2760,2024-10-25,1,75.0,In-Store
5019,114,2760,2024-11-24,1,150.0,Online
5020,113,2760,2024-12-11,1,180.0,In-Store
5021,108,2761,2023-05-30,1,55.0,Online
5022,103,2761,2023-06-16,1,30.0,Online
5023,112,2761,2023-08-14,2,170.0,Online
5024,101,2761,2023-10-01,1,25.0,Online
5025,118,2761,2023-12-17,4,240.0,Online
5026,101,2761,2023-12-20,3,75.0,Online
5027,106,2761,2023-12-27,2,80.0,Online
5028,120,2761,2024-01-11,3,45.0,Online
5029,120,2761,2024-01-29,3,45.0,Online
5030,105,2761,2024-04-30,1,22.5,Online
5031,101,2761,2024-05-08,1,25.0,In-Store
5032,103,2761,2024-05-21,1,30.0,Online
5033,105,2761,2024-05-28,4,90.0,Online
5034,120,2761,2024-06-01,2,30.0,Online
5035,120,2761,2024-07-22,4,60.0,Online
5036,111,2761,2024-08-31,1,35.0,Online
5037,101,2761,2024-10-20,4,100.0,Online
5038,106,2761,2024-11-05,2,80.0,Online
5039,101,2762,2023-02-25,1,25.0,Online
5040,109,2762,2023-04-16,1,30.0,Online
5041,105,2762,2023-05-12,1,22.5,Online
5042,113,2763,2023-06-22,1,180.0,In-Store
5043,113,2763,2023-07-12,1,180.0,Online
5044,115,2763,2023-09-26,1,130.0,In-Store
5045,101,2764,2023-04-29,2,50.0,Online
5046,102,2764,2023-06-06,1,75.0,In-Store
5047,112,2764,2023-06-09,1,85.0,In-Store
5048,106,2764,2023-06-15,1,40.0,In-Store
5049,104,2764,2023-07-22,1,120.0,In-Store
5050,115,2764,2023-11-18,1,130.0,Online
5051,108,2764,2023-11-22,2,110.0,In-Store
5052,102,2764,2024-04-02,1,75.0,In-Store
5053,115,2764,2024-04-14,1,130.0,In-Store
5054,117,2764,2024-04-20,1,18.0,In-Store
5055,106,2764,2024-04-22,2,80.0,In-Store
5056,106,2764,2024-06-07,1,40.0,In-Store
5057,102,2764,2024-06-11,1,75.0,In-Store
5058,107,2764,2024-10-12,2,130.0,In-Store
5059,110,2764,2024-12-02,1,110.0,Online
5060,107,2764,2024-12-12,1,65.0,In-Store
5061,107,2765,2024-06-04,1,65.0,Online
5062,111,2766,2023-08-30,1,35.0,In-Store
5063,101,2766,2023-09-21,2,50.0,In-Store
5064,111,2766,2023-09-29,2,70.0,In-Store
5065,108,2766,2023-12-13,1,55.0,Online
5066,109,2766,2024-03-25,2,60.0,In-Store
5067,115,2766,2024-10-28,2,260.0,Online
5068,113,2767,2023-02-14,2,360.0,Online
5069,113,2767,2023-06-13,1,180.0,Online
5070,115,2767,2023-08-03,2,260.0,Online
5071,113,2767,2023-08-13,1,180.0,In-Store
5072,114,2767,2023-08-16,1,150.0,Online
5073,114,2767,2023-08-19,2,300.0,Online
5074,115,2767,2023-10-04,2,260.0,In-Store
5075,115,2767,2023-11-04,1,130.0,Online
5076,104,2767,2023-11-07,1,120.0,In-Store
5077,113,2767,2023-12-12,1,180.0,In-Store
5078,115,2767,2023-12-20,1,130.0,Online
5079,114,2767,2024-01-05,1,150.0,In-Store
5080,113,2767,2024-05-30,1,180.0,In-Store
5081,113,2767,2024-09-17,1,180.0,Online
5082,114,2767,2024-11-24,1,150.0,In-Store
5083,102,2767,2024-11-29,2,150.0,Online
5084,114,2767,2024-12-17,1,150.0,In-Store
5085,115,2767,2024-12-26,1,130.0,In-Store
5086,114,2768,2023-07-09,1,150.0,In-Store
5087,115,2768,2023-08-08,1,130.0,In-Store
5088,118,2768,2023-09-17,1,60.0,In-Store
5089,109,2769,2023-08-23,1,30.0,In-Store
5090,106,2770,2023-05-26,1,40.0,Online
5091,109,2770,2023-07-17,1,30.0,Online
5092,101,2770,2023-10-31,1,25.0,Online
5093,107,2770,2023-12-23,1,65.0,Online
5094,101,2770,2024-04-02,1,25.0,Online
5095,109,2770,2024-06-29,1,30.0,Online
5096,106,2770,2024-07-04,3,120.0,Online
5097,116,2770,2024-07-14,2,40.0,In-Store
5098,118,2770,2024-08-05,2,120.0,Online
5099,113,2771,2023-02-18,1,180.0,Online
5100,114,2771,2023-02-22,2,300.0,Online
5101,114,2771,2023-05-20,1,150.0,In-Store
5102,114,2771,2023-06-01,1,150.0,Online
5103,114,2771,2023-07-18,1,150.0,In-Store
5104,110,2771,2023-08-24,1,110.0,Online
5105,114,2771,2023-08-28,1,150.0,Online
5106,113,2771,2023-10-29,1,180.0,Online
5107,113,2771,2023-11-14,1,180.0,Online
5108,104,2771,2024-09-13,2,240.0,In-Store
5109,113,2771,2024-11-03,1,180.0,In-Store
5110,107,2773,2024-06-29,1,65.0,In-Store
5111,115,2773,2024-10-19,1,130.0,In-Store
5112,111,2774,2023-11-25,1,35.0,Online
5113,111,2774,2023-12-11,1,35.0,Online
5114,110,2775,2024-07-19,1,110.0,In-Store
5115,115,2775,2024-09-30,1,130.0,In-Store
5116,112,2775,2024-10-05,2,170.0,In-Store
5117,102,2775,2024-12-28,1,75.0,In-Store
5118,103,2776,2023-07-02,1,30.0,Online
5119,101,2777,2023-09-22,1,25.0,Online
5120,107,2777,2023-11-24,1,65.0,In-Store
5121,115,2777,2024-01-12,1,130.0,In-Store
5122,102,2777,2024-05-10,3,225.0,In-Store
5123,101,2777,2024-06-09,1,25.0,In-Store
5124,104,2777,2024-06-15,3,360.0,In-Store
5125,109,2777,2024-06-20,1,30.0,In-Store
5126,114,2777,2024-09-19,2,300.0,In-Store
5127,108,2777,2024-10-22,2,110.0,In-Store
5128,107,2777,2024-11-11,1,65.0,In-Store
5129,113,2777,2024-11-12,1,180.0,In-Store
5130,112,2777,2024-12-06,2,170.0,In-Store
5131,103,2777,2024-12-17,2,60.0,In-Store
5132,106,2777,2024-12-18,2,80.0,Online
5133,113,2778,2023-01-26,2,360.0,In-Store
5134,114,2778,2023-03-29,1,150.0,In-Store
5135,102,2778,2023-05-19,1,75.0,In-Store
5136,106,2778,2023-09-14,3,120.0,In-Store
5137,111,2778,2023-11-11,1,35.0,In-Store
5138,113,2778,2023-12-23,1,180.0,In-Store
5139,111,2778,2024-03-03,1,35.0,In-Store
5140,107,2778,2024-04-08,1,65.0,In-Store
5141,104,2778,2024-12-25,1,120.0,In-Store
5142,113,2779,2023-11-21,1,180.0,In-Store
5143,112,2779,2023-12-14,2,170.0,Online
5144,104,2779,2023-12-16,2,240.0,In-Store
5145,107,2779,2023-12-31,1,65.0,In-Store
5146,104,2779,2024-01-23,1,120.0,In-Store
5147,107,2779,2024-11-14,1,65.0,In-Store
5148,106,2779,2024-12-23,2,80.0,In-Store
5149,109,2779,2024-12-27,1,30.0,In-Store
5150,113,2780,2023-12-03,1,180.0,Online
5151,104,2780,2023-12-15,1,120.0,Online
5152,113,2780,2024-03-21,1,180.0,In-Store
5153,110,2780,2024-07-29,1,110.0,Online
5154,113,2780,2024-08-06,1,180.0,In-Store
5155,106,2781,2023-11-16,1,40.0,Online
5156,107,2781,2023-12-30,3,195.0,Online
5157,116,2781,2024-04-24,1,20.0,Online
5158,111,2781,2024-05-05,1,35.0,Online
5159,109,2781,2024-06-05,4,120.0,Online
5160,110,2782,2024-04-06,2,220.0,In-Store
5161,102,2782,2024-09-30,1,75.0,In-Store
5162,102,2783,2023-04-18,1,75.0,Online
5163,101,2783,2023-08-12,1,25.0,Online
5164,105,2783,2023-08-17,2,45.0,In-Store
5165,116,2783,2023-08-24,1,20.0,In-Store
5166,108,2783,2023-10-18,1,55.0,Online
5167,101,2783,2023-10-29,4,100.0,Online
5168,116,2783,2023-11-12,1,20.0,Online
5169,106,2783,2023-12-16,1,40.0,Online
5170,101,2783,2024-01-17,1,25.0,Online
5171,101,2783,2024-03-07,1,25.0,Online
5172,120,2783,2024-04-01,2,30.0,Online
5173,103,2783,2024-04-07,2,60.0,Online
5174,111,2783,2024-04-30,1,35.0,Online
5175,110,2783,2024-05-11,1,110.0,Online
5176,118,2783,2024-09-01,1,60.0,Online
5177,107,2783,2024-09-21,1,65.0,Online
5178,105,2783,2024-10-07,1,22.5,Online
5179,109,2783,2024-10-09,2,60.0,Online
5180,113,2783,2024-12-01,2,360.0,Online
5181,101,2783,2024-12-14,1,25.0,Online
5182,118,2784,2023-01-31,1,60.0,In-Store
5183,110,2784,2023-02-12,1,110.0,In-Store
5184,101,2784,2023-09-10,1,25.0,In-Store
5185,114,2784,2023-10-08,1,150.0,In-Store
5186,115,2784,2023-11-16,1,130.0,Online
5187,103,2784,2024-03-30,1,30.0,In-Store
5188,101,2784,2024-04-17,1,25.0,In-Store
5189,110,2784,2024-04-24,1,110.0,In-Store
5190,114,2784,2024-05-20,1,150.0,Online
5191,101,2785,2023-12-25,1,25.0,In-Store
5192,113,2785,2024-01-24,2,360.0,Online
5193,116,2785,2024-04-12,2,40.0,Online
5194,111,2786,2023-12-26,2,70.0,Online
5195,107,2786,2023-12-29,1,65.0,Online
5196,101,2786,2024-02-13,1,25.0,In-Store
5197,117,2786,2024-03-14,1,18.0,Online
5198,108,2786,2024-03-17,1,55.0,Online
5199,118,2786,2024-03-21,2,120.0,Online
5200,101,2786,2024-04-04,1,25.0,Online
5201,109,2786,2024-05-15,1,30.0,In-Store
5202,101,2786,2024-07-10,1,25.0,Online
5203,106,2786,2024-07-22,2,80.0,Online
5204,116,2786,2024-08-08,1,20.0,Online
5205,101,2786,2024-08-25,1,25.0,Online
5206,111,2786,2024-08-29,1,35.0,In-Store
5207,101,2786,2024-09-16,1,25.0,Online
5208,120,2786,2024-10-11,4,60.0,Online
5209,117,2786,2024-11-04,1,18.0,Online
5210,119,2786,2024-11-08,2,90.0,Online
5211,108,2787,2023-06-02,1,55.0,In-Store
5212,113,2787,2023-09-15,1,180.0,In-Store
5213,113,2787,2023-12-31,1,180.0,In-Store
5214,107,2787,2024-02-01,1,65.0,In-Store
5215,106,2787,2024-02-07,1,40.0,In-Store
5216,107,2787,2024-05-27,1,65.0,In-Store
5217,103,2787,2024-06-02,1,30.0,Online
5218,106,2787,2024-06-03,1,40.0,In-Store
5219,107,2787,2024-07-09,1,65.0,In-Store
5220,104,2787,2024-11-09,2,240.0,In-Store
5221,113,2788,2023-06-09,1,180.0,Online
5222,115,2788,2023-07-12,1,130.0,In-Store
5223,113,2788,2023-11-08,1,180.0,Online
5224,114,2788,2023-12-10,1,150.0,In-Store
5225,107,2788,2024-03-26,1,65.0,Online
5226,110,2788,2024-09-28,1,110.0,In-Store
5227,104,2788,2024-11-18,1,120.0,In-Store
5228,114,2788,2024-12-14,1,150.0,Online
5229,103,2789,2023-03-01,3,90.0,Online
5230,112,2789,2023-05-30,1,85.0,Online
5231,109,2789,2023-07-19,1,30.0,Online
5232,108,2789,2023-08-03,1,55.0,In-Store
5233,117,2789,2023-09-18,1,18.0,Online
5234,107,2789,2023-12-21,1,65.0,Online
5235,120,2789,2024-01-14,1,15.0,In-Store
5236,103,2789,2024-01-27,1,30.0,Online
5237,101,2789,2024-09-13,3,75.0,Online
5238,118,2789,2024-12-23,1,60.0,Online
5239,112,2790,2023-01-24,1,85.0,In-Store
5240,107,2790,2023-06-04,1,65.0,In-Store
5241,102,2790,2023-12-01,1,75.0,In-Store
5242,113,2790,2024-01-15,1,180.0,In-Store
5243,110,2790,2024-05-15,1,110.0,In-Store
5244,112,2790,2024-06-16,1,85.0,In-Store
5245,108,2790,2024-08-11,4,220.0,Online
5246,118,2790,2024-12-13,1,60.0,In-Store
5247,104,2791,2023-02-23,1,120.0,In-Store
5248,117,2791,2023-05-15,1,18.0,In-Store
5249,107,2791,2023-06-03,1,65.0,In-Store
5250,109,2791,2023-09-24,1,30.0,In-Store
5251,113,2791,2023-10-29,1,180.0,In-Store
5252,115,2791,2023-12-01,1,130.0,In-Store
5253,110,2791,2024-05-08,2,220.0,In-Store
5254,109,2791,2024-08-16,2,60.0,In-Store
5255,110,2791,2024-10-28,1,110.0,In-Store
5256,101,2792,2023-12-29,1,25.0,Online
5257,113,2793,2023-03-04,1,180.0,In-Store
5258,113,2793,2023-04-01,1,180.0,Online
5259,115,2793,2023-04-07,1,130.0,Online
5260,113,2793,2023-10-21,1,180.0,Online
5261,113,2793,2023-10-27,1,180.0,Online
5262,114,2793,2023-11-22,2,300.0,Online
5263,113,2793,2023-11-29,1,180.0,Online
5264,114,2793,2024-01-19,2,300.0,In-Store
5265,113,2793,2024-04-16,1,180.0,In-Store
5266,104,2793,2024-04-29,1,120.0,Online
5267,113,2793,2024-07-28,1,180.0,Online
5268,113,2793,2024-11-13,1,180.0,Online
5269,113,2793,2024-11-21,1,180.0,Online
5270,103,2794,2023-01-15,2,60.0,Online
5271,101,2794,2023-01-20,6,150.0,Online
5272,105,2794,2023-03-20,2,45.0,Online
5273,105,2794,2023-06-15,1,22.5,Online
5274,108,2794,2023-12-25,2,110.0,Online
5275,116,2794,2023-12-30,1,20.0,Online
5276,120,2794,2024-01-20,2,30.0,Online
5277,113,2795,2023-03-08,1,180.0,In-Store
5278,113,2795,2023-06-14,1,180.0,Online
5279,104,2795,2023-08-11,1,120.0,Online
5280,114,2795,2024-03-23,1,150.0,Online
5281,113,2795,2024-04-20,1,180.0,In-Store
5282,114,2795,2024-09-04,1,150.0,Online
5283,114,2795,2024-11-17,1,150.0,In-Store
5284,114,2795,2024-12-22,1,150.0,In-Store
5285,113,2796,2023-10-28,1,180.0,In-Store
5286,113,2796,2023-12-31,1,180.0,In-Store
5287,114,2796,2024-03-27,1,150.0,In-Store
5288,104,2796,2024-05-09,1,120.0,In-Store
5289,102,2796,2024-06-11,1,75.0,In-Store
5290,108,2796,2024-08-25,4,220.0,In-Store
5291,101,2796,2024-10-02,1,25.0,Online
5292,104,2796,2024-11-01,1,120.0,Online
5293,102,2796,2024-12-11,1,75.0,In-Store
5294,104,2797,2024-12-09,1,120.0,In-Store
5295,120,2798,2023-06-03,3,45.0,Online
5296,103,2798,2023-12-04,2,60.0,Online
5297,109,2798,2023-12-25,1,30.0,Online
5298,105,2798,2024-01-10,1,22.5,Online
5299,102,2798,2024-02-04,4,300.0,Online
5300,111,2798,2024-06-05,3,105.0,Online
5301,106,2798,2024-06-08,2,80.0,In-Store
5302,112,2798,2024-06-12,2,170.0,Online
5303,103,2798,2024-09-16,2,60.0,Online
5304,120,2798,2024-10-03,2,30.0,Online
5305,109,2798,2024-11-11,1,30.0,Online
5306,110,2798,2024-12-12,4,440.0,In-Store
5307,107,2800,2023-07-31,1,65.0,In-Store
5308,117,2800,2023-12-27,1,18.0,Online
5309,105,2800,2024-02-17,1,22.5,Online
5310,105,2800,2024-11-30,2,45.0,Online
5311,105,2801,2024-11-30,1,22.5,In-Store
5312,105,2802,2023-01-30,2,45.0,Online
5313,111,2802,2023-03-12,1,35.0,Online
5314,120,2802,2023-04-13,2,30.0,Online
5315,108,2802,2023-06-15,1,55.0,Online
5316,109,2802,2023-07-04,1,30.0,Online
5317,118,2802,2023-07-13,2,120.0,Online
5318,106,2802,2023-09-19,1,40.0,Online
5319,118,2802,2023-10-10,1,60.0,Online
5320,102,2802,2023-11-13,1,75.0,In-Store
5321,102,2802,2023-12-02,2,150.0,Online
5322,106,2802,2023-12-18,2,80.0,Online
5323,101,2802,2023-12-31,3,75.0,Online
5324,101,2802,2024-04-30,2,50.0,Online
5325,104,2802,2024-05-12,2,240.0,In-Store
5326,101,2802,2024-05-13,2,50.0,Online
5327,109,2802,2024-07-21,2,60.0,Online
5328,107,2804,2023-10-23,1,65.0,Online
5329,119,2804,2023-11-12,1,45.0,Online
5330,109,2804,2024-01-06,3,90.0,Online
5331,106,2804,2024-04-22,3,120.0,Online
5332,119,2804,2024-07-30,1,45.0,Online
5333,101,2804,2024-08-28,1,25.0,Online
5334,109,2804,2024-10-31,1,30.0,Online
5335,105,2804,2024-11-05,2,45.0,In-Store
5336,105,2805,2024-04-14,1,22.5,In-Store
5337,116,2805,2024-04-25,1,20.0,Online
